employee_id,month,hours_worked,overtime_hours,sales_generated,customers_served,projects_completed,absent_days,labor_cost,training_hours,performance_rating
204,2026-07-01,178,10,0,111,4,2,9787.18,2,3.55
553,2025-10-01,181.8,13.8,0,0,4,2,8262.46,6,3.66
1447,2026-02-01,165.7,5.7,0,68,2,0,13868.6,6,3.02
629,2025-11-01,176.8,16.8,0,105,2,0,10911.12,0,2.28
985,2026-08-01,177.9,9.9,0,0,5,0,9724.19,4,
608,2026-08-01,168,8,22803.52,64,2,1,12859.82,8,3.97
291,2026-03-01,186.4,10.4,0,0,4,0,7823.66,4,3.41
921,2026-02-01,166.3,6.3,0,0,3,0,9788.22,8,3.1
864,2025-09-01,177.3,9.3,0,109,4,1,11050.8,6,3.89
442,2025-10-01,192.9,8.9,22706.87,90,2,0,9361.99,8,3.34
1076,2026-03-01,180.9,4.9,17430.71,50,1,0,9283.65,12,2.76
1245,2025-12-01,199.7,15.7,28083.8,66,2,0,9169.08,0,
1172,2025-12-01,199.9,15.9,0,0,5,0,8315.64,0,3.85
1229,2026-03-01,182.9,6.9,0,0,3,0,8349.64,12,3.42
1337,2026-07-01,189.9,5.9,19959.05,62,3,0,10942.21,0,3.6
943,2025-11-01,179.5,19.5,0,116,3,0,9660.3,,2.66
409,2026-06-01,183.9,7.9,22229.41,83,2,0,8102.84,6,3.45
159,2026-07-01,189.7,5.7,0,0,5,0,9494.66,2,3.89
730,2025-11-01,175.3,15.3,0,0,4,0,14805.43,4,3.94
935,2026-02-01,81.6,0,0,37,1,3,6476.17,8,3.83
935,2026-08-01,96,0,0,55,2,1,6476.17,6,4.13
582,2026-07-01,190.2,6.2,30423.5,85,2,0,9523.1,6,
1392,2025-11-01,172.7,12.7,30682.89,86,2,0,7312.05,8,3.66
10,2026-04-01,169.8,9.8,0,0,2,2,12021.48,4,2.71
760,2025-09-01,100.8,0,0,0,1,1,5246,2,2.38
785,2025-11-01,164.7,12.7,40357.27,117,3,1,14861.06,6,4.91
770,2026-05-01,172.2,12.2,23519.93,83,1,1,8767.23,4,3.73
343,2025-12-01,200.1,24.1,0,171,6,1,16268.98,0,3.69
608,2025-12-01,199.5,15.5,44161.91,129,4,0,13640.43,6,4.2
1101,2026-07-01,100.8,0,9657.97,30,1,2,4524.17,6,3.09
1433,2025-10-01,194.7,10.7,28744.74,86,3,0,7586.81,2,3.53
22,2025-10-01,187.7,11.7,0,0,4,1,10524.28,8,3.25
1401,2026-01-01,176,0,0,0,6,0,7442,4,3.83
571,2026-05-01,167.6,7.6,0,93,3,1,10250.21,6,3.29
688,2026-04-01,185.1,9.1,24489.07,66,3,0,7041,4,3.49
1033,2026-05-01,179.8,11.8,0,0,3,0,10230.02,8,
572,2026-05-01,159.2,7.2,0,0,5,2,9320.51,8,3.24
787,2025-10-01,186,10,27544.63,75,2,1,12581.93,4,3.41
27,2026-05-01,169.4,9.4,0,0,5,1,7805.52,0,3.48
698,2025-09-01,176.7,8.7,0,0,6,1,8767.54,0,4.04
1477,2026-02-01,160,0,0,0,3,0,9516,10,3.07
1057,2026-05-01,178.1,10.1,0,0,5,0,8413.06,8,3.96
1297,2025-11-01,141.9,13.9,0,0,6,4,11059.3,0,4.22
708,2026-03-01,155.4,3.4,0,0,5,3,6310.88,4,4.13
801,2026-02-01,86.4,0,6450.56,25,1,2,4554.67,6,2.76
402,2025-09-01,174.4,6.4,24183.69,89,3,1,9045.17,8,4.37
1118,2025-12-01,194.7,18.7,0,0,6,1,10394.48,2,4.18
1182,2026-05-01,170.4,10.4,0,0,6,1,8654.78,8,3.92
1270,2026-03-01,186,10,0,120,4,0,15111.58,6,4.11
1326,2025-10-01,188.9,12.9,25728.83,73,2,1,7933.74,6,2.99
1175,2025-11-01,151.9,15.9,22292.9,67,2,3,9738.2,6,3.01
345,2026-08-01,136.5,0.5,0,0,3,4,9526.54,4,2.85
446,2026-05-01,94.4,6.4,0,0,2,1,5276.51,2,3.17
530,2026-07-01,160,0,17916.55,53,2,3,10431,0,
773,2025-09-01,166.3,6.3,0,0,3,2,11578.62,0,3.73
337,2026-01-01,105.6,0,0,0,3,0,5723.83,4,3.19
314,2026-03-01,105.6,0,11733.59,30,1,0,5571.33,4,2.75
1336,2025-11-01,91.2,0,0,0,3,1,4636,2,3.62
145,2026-01-01,171.8,3.8,0,65,3,1,10879.03,6,3.17
35,2026-01-01,180.2,4.2,0,0,7,0,11695.17,0,4.09
537,2026-02-01,86.4,0,0,28,1,2,8937.72,8,2.66
582,2025-12-01,201.7,17.7,53323.98,119,2,0,10422.57,0,3.81
234,2026-01-01,105.6,0,0,47,2,0,5337.5,6,
991,2025-10-01,186.8,10.8,0,0,3,1,11139.09,2,2.98
1233,2026-04-01,168.7,8.7,26053.83,72,2,2,8887.8,0,3.72
42,2026-07-01,187.8,3.8,0,77,3,0,10395.98,2,2.67
1061,2026-04-01,105.6,0,0,0,3,0,4137.83,6,4.62
576,2026-07-01,182.4,6.4,0,0,5,1,9624.58,2,4.09
316,2025-09-01,166.9,6.9,0,0,5,2,14264.42,8,3.74
1250,2026-01-01,179.1,3.1,0,89,4,0,11076.21,2,3.52
453,2026-08-01,181.2,13.2,0,85,5,0,15666.64,6,3.27
706,2025-12-01,192.4,16.4,0,0,4,1,15394.26,4,3.7
1380,2026-01-01,163.7,3.7,0,93,6,2,12244.39,,4.19
440,2026-02-01,96,0,0,0,2,0,5368,4,2.98
192,2026-02-01,165.6,5.6,15110.67,53,2,0,8761.99,8,3.53
1314,2026-08-01,172,4,0,0,4,0,7794.27,6,3.77
643,2026-07-01,126.6,6.6,0,82,4,0,8141.34,8,3.91
2,2026-01-01,174.3,6.3,0,0,4,1,4717.22,0,3.52
731,2026-03-01,181.2,5.2,25932.82,80,2,0,9147.41,6,3.61
4,2026-08-01,163.9,11.9,0,0,7,2,8970.91,6,4.84
670,2025-12-01,193.7,17.7,34329.16,120,1,1,10157.53,0,3.15
1322,2026-07-01,181.8,13.8,0,79,4,2,14203.24,6,3.21
1403,2026-01-01,150.7,6.7,11340.65,36,1,4,8249.96,4,2.42
170,2026-06-01,178.7,10.7,0,0,6,1,8564.31,0,
1010,2025-12-01,110.4,0,0,0,3,0,6354.17,8,3.89
260,2026-02-01,164.1,4.1,0,0,4,0,10211.57,4,3.14
1313,2025-09-01,167.8,7.8,0,0,3,2,8378.45,14,2.99
1150,2026-01-01,176,0,15274.56,43,1,0,7004.83,6,2.9
653,2026-03-01,181.2,5.2,19921.97,74,2,0,10316.07,8,3.36
1016,2026-01-01,181.2,5.2,0,0,4,0,13120.85,8,3.72
1276,2025-12-01,192,16,0,0,5,1,7164.53,6,3.72
1486,2025-10-01,156.8,4.8,0,0,5,4,8269.99,0,3.07
63,2026-07-01,190.5,6.5,0,0,4,0,29638.38,8,3.29
1172,2026-06-01,180,4,0,0,6,0,7562.87,2,
839,2026-02-01,169.2,9.2,0,57,2,0,12095.65,12,3.87
613,2026-03-01,167.6,7.6,0,0,3,2,7974.8,8,3.3
339,2026-04-01,183,7,22270.02,64,1,0,10955.05,6,3.1
1300,2026-01-01,179.7,3.7,0,101,4,0,10093.49,0,3.75
404,2025-10-01,193.7,9.7,38257.05,106,2,0,8292.16,8,4.07
90,2025-12-01,183.4,15.4,28111.03,73,1,2,11798.09,8,2.73
1283,2025-09-01,190.6,14.6,0,165,5,0,11233.61,6,4.61
1479,2026-06-01,177.4,9.4,0,0,3,1,10784.81,0,2.95
46,2026-01-01,168,0,16829.08,42,2,1,6201.67,2,3.13
1040,2025-10-01,173.6,13.6,0,0,4,3,10920.04,2,2.85
1231,2025-12-01,205.3,21.3,0,0,6,0,7910.71,4,4.66
1344,2026-07-01,180.2,4.2,0,0,4,1,9408.81,2,3.43
1020,2025-10-01,191.3,7.3,0,0,6,0,16137.73,0,3.38
888,2026-01-01,182,6,0,88,6,0,14202.36,8,3.7
1115,2025-11-01,168.3,16.3,0,0,3,1,6844.44,2,3.37
1023,2026-04-01,168,8,0,0,4,2,9196.45,,3.67
7,2025-10-01,194,10,0,0,3,0,10162.76,4,
1187,2026-02-01,160.4,0.4,18462.15,55,1,0,7066.04,4,3.76
889,2026-03-01,171.7,3.7,0,0,5,1,9936.11,4,3.8
1368,2026-02-01,152.2,0.2,0,0,3,1,6110.56,6,3.07
963,2026-07-01,185.1,9.1,0,147,5,1,10967.29,4,4.45
1040,2026-07-01,189.1,5.1,0,0,5,0,10201.37,8,3.08
464,2026-07-01,187.3,3.3,0,0,4,0,5991.35,4,
978,2026-06-01,174.3,14.3,26076.13,68,3,2,8591.44,2,3.48
1014,2026-01-01,184.2,8.2,0,82,5,0,13163.72,6,3.44
855,2025-12-01,204.1,20.1,0,188,3,0,16721.05,2,
1433,2026-04-01,178.4,10.4,20632.46,64,2,1,7568.78,8,3.4
538,2026-02-01,148.8,4.8,0,0,4,2,9403.01,12,3.26
782,2026-07-01,187.2,3.2,21374.72,73,3,0,6749.54,4,3.9
577,2025-09-01,186.2,10.2,0,0,3,0,9050.41,4,2.92
938,2026-03-01,184.1,8.1,30018.28,89,2,0,10085.12,10,3.8
346,2026-05-01,177.1,9.1,0,0,4,0,11186.64,4,3.67
591,2026-03-01,181.9,5.9,0,0,4,0,8153.23,6,3.48
923,2026-03-01,182.8,6.8,22048.61,69,2,0,7707.69,10,3.01
935,2026-03-01,100.8,0,0,82,2,1,6476.17,10,4.24
1484,2025-11-01,170.9,10.9,33039.78,103,3,0,9501.31,6,3.77
920,2026-06-01,178.5,10.5,0,0,7,1,10901.93,6,3.97
16,2025-10-01,186.3,10.3,0,0,7,1,10297.77,0,4.36
1493,2025-12-01,202,18,0,0,5,0,9694.01,2,3.79
190,2026-02-01,91.2,0,0,0,3,1,6608.33,6,4.2
1132,2026-05-01,153.1,1.1,19637.42,68,2,2,9565.53,2,3.72
1102,2025-12-01,193.7,17.7,0,0,6,1,8312.26,2,4.39
1326,2026-05-01,173.3,13.3,25548.27,84,3,1,7958.44,2,3.44
315,2026-08-01,164.4,4.4,0,0,3,1,8295.27,0,3.91
206,2026-05-01,86.4,0,0,0,2,3,4148,8,4.09
1343,2026-07-01,176,0,0,0,3,1,11102,8,3.58
1003,2026-02-01,156.4,12.4,0,55,2,2,10469.59,12,
1251,2026-05-01,152.2,8.2,0,0,4,3,9744.86,4,3.22
1169,2026-03-01,184.1,8.1,24232.25,69,1,0,8790.48,4,3.15
1154,2026-04-01,184.6,8.6,22843.86,74,1,0,7897.01,0,3.01
1104,2025-10-01,185.9,9.9,0,86,4,1,10430.6,8,3.3
714,2025-11-01,163.8,11.8,38622.02,106,3,1,12504.6,4,4.67
666,2026-03-01,175.2,15.2,0,88,5,2,11872.1,10,3.32
178,2026-05-01,157.3,13.3,0,99,3,3,10543.23,0,3.84
1202,2026-08-01,171.7,11.7,0,93,5,1,10389.93,8,3.14
649,2026-03-01,185.2,9.2,0,0,3,0,9757.74,10,3.64
180,2026-05-01,163.9,11.9,0,89,2,2,9800.72,6,2.84
873,2026-02-01,152.2,8.2,0,0,4,2,10387.26,8,3.8
1186,2025-10-01,198,14,0,0,5,0,10440.93,4,2.77
1056,2026-03-01,173.6,13.6,0,0,3,2,10704.14,8,2.56
128,2026-06-01,182.4,6.4,0,0,7,0,7854.17,2,4.61
1033,2026-06-01,164.4,12.4,0,0,4,3,10278.21,2,2.9
618,2026-06-01,183.9,7.9,0,0,4,0,14467.8,0,3.09
428,2025-12-01,197.1,21.1,0,0,5,1,10279.72,2,3.82
272,2025-10-01,189.2,13.2,0,0,6,1,11599.89,0,3.91
400,2025-10-01,198.7,14.7,0,146,4,0,10520.27,2,
670,2026-02-01,159.9,7.9,16608.38,52,1,1,9410.52,6,3.14
781,2026-01-01,178.3,2.3,0,0,4,0,12764.27,6,2.94
456,2025-12-01,190.8,14.8,0,0,5,1,13831.35,6,3.72
692,2026-01-01,168.2,8.2,0,0,4,2,11062.32,6,4.52
973,2026-05-01,165.1,5.1,18518.99,74,2,1,8789.53,4,3.26
893,2025-12-01,189.7,21.7,0,183,3,2,11313.69,4,3.68
980,2026-08-01,162.4,2.4,20147.71,53,2,1,10346.69,6,3.09
163,2026-01-01,179.9,3.9,0,91,5,0,13893.94,4,3.34
908,2026-01-01,179,3,0,0,4,0,7416.16,6,3.18
1466,2026-08-01,170.3,2.3,0,0,4,0,7548.65,4,
1024,2025-12-01,193.8,17.8,0,0,6,1,12272.43,4,3.4
816,2026-04-01,105.6,0,16474.98,49,1,0,5683.17,0,3.45
1329,2026-07-01,177.1,9.1,0,0,5,2,8247.4,6,3.04
1253,2025-11-01,173.2,13.2,0,0,2,0,5014.04,8,2.9
766,2026-08-01,151.3,7.3,29207.77,86,2,3,10246.86,8,4.73
1412,2026-08-01,172.9,4.9,0,0,5,0,9326.04,0,3.51
233,2026-02-01,164.2,4.2,0,0,4,0,9071.66,12,2.95
221,2026-04-01,170.8,2.8,0,0,4,1,8309.58,0,2.94
654,2026-04-01,184.5,8.5,0,148,6,0,8167.98,4,4.37
295,2025-12-01,207.7,23.7,0,203,6,0,14885.95,0,3.44
910,2026-06-01,188.6,12.6,0,0,5,0,8321.12,4,3.08
490,2026-08-01,172.9,4.9,0,0,3,0,9474.41,8,3.78
549,2025-11-01,179.5,19.5,0,94,4,0,9009.11,0,2.61
618,2025-10-01,192.9,8.9,0,0,3,0,14584.99,2,2.92
2,2026-02-01,159.2,7.2,0,0,3,1,4752.06,10,3.49
1147,2025-10-01,170.8,18.8,0,116,5,4,15272.35,6,
732,2025-09-01,175.6,7.6,0,0,3,1,7558.08,0,3.43
1359,2026-02-01,144.7,0.7,17407.83,45,2,2,7200.69,10,3.67
975,2026-08-01,179,11,0,0,4,0,8662.61,8,3.13
875,2026-07-01,110.4,0,0,0,2,0,6974.33,4,3.48
255,2026-05-01,160.6,8.6,0,0,5,2,7165.69,8,4.12
304,2025-10-01,195.8,11.8,0,0,6,0,8952.67,8,4.07
150,2026-04-01,155.4,11.4,28136.36,85,3,4,9337.83,0,4.3
675,2026-08-01,181.3,13.3,0,144,7,0,15894.21,8,4.39
992,2026-07-01,91.2,0,13121.28,42,1,4,5134.17,6,
449,2025-12-01,205.8,21.8,0,167,3,0,15069.56,8,2.95
57,2025-11-01,158.3,14.3,0,0,4,2,10967.8,4,3.66
370,2026-04-01,188.4,12.4,28224.89,62,3,0,10683.49,8,3.38
1333,2026-02-01,160.8,0.8,20137.24,70,2,0,6776.93,4,3.92
1266,2025-11-01,178.6,18.6,0,154,4,0,10315.92,8,4.15
486,2026-04-01,184.1,8.1,0,0,4,0,10259.19,6,3.44
199,2025-09-01,185.8,9.8,0,112,4,0,14381.66,4,3.65
927,2026-07-01,182.9,6.9,0,0,5,1,8834.46,2,3.84
113,2026-02-01,145.5,1.5,14148.97,42,2,2,8898.02,8,2.84
1404,2025-10-01,190.9,6.9,29938.45,95,2,0,7038.25,8,3.8
1058,2026-07-01,182.2,6.2,23198.5,80,2,1,8938.5,0,3.9
1148,2026-05-01,186.7,18.7,23855.07,84,2,0,12284.38,2,3.35
1403,2026-04-01,182.5,6.5,18976.74,53,1,0,8236.46,2,2.84
523,2026-04-01,166,14,0,73,3,3,18830.15,2,2.33
1397,2026-08-01,163.5,11.5,0,101,4,2,9620.79,0,3.5
1099,2026-05-01,167.8,7.8,0,0,5,1,9062.19,,3.17
914,2026-05-01,164.8,12.8,0,0,4,2,10728.18,2,3.85
644,2026-08-01,176.6,8.6,0,98,3,0,8595.38,0,2.95
840,2026-02-01,161.2,1.2,15592.33,54,1,0,8053.44,12,3.75
265,2025-09-01,190.9,14.9,0,69,3,0,15517.69,8,2.19
336,2025-10-01,197.2,13.2,0,119,4,0,13890.74,6,3.33
969,2026-02-01,157.7,5.7,17702.59,54,2,1,10241.43,10,3.48
7,2026-06-01,189.2,13.2,0,0,4,0,10421.77,0,3.01
735,2026-02-01,162.5,2.5,25023.97,64,3,0,6574.73,4,4.44
510,2025-11-01,180.1,20.1,30781.97,85,3,0,7602.65,2,3.65
142,2026-06-01,177.3,1.3,30871.53,86,3,0,6065.81,6,3.76
617,2026-06-01,179.2,11.2,0,0,5,1,10337.95,8,3.55
452,2025-11-01,169.2,17.2,0,0,4,1,12345.69,2,4.07
974,2026-01-01,96,0,0,66,2,2,7004.83,0,4.74
247,2026-06-01,172.8,12.8,0,0,2,2,8672.89,8,2.91
599,2026-08-01,163.6,11.6,0,124,4,2,10560.76,8,4.44
773,2026-01-01,177.2,1.2,0,0,5,0,11094.02,2,3.93
1075,2025-11-01,91.2,0,7845.44,26,1,1,3914.17,8,2.26
968,2026-03-01,183.6,7.6,0,0,5,0,8841.62,8,4.02
211,2026-05-01,171.5,11.5,0,133,5,1,9483.35,6,4.41
578,2025-10-01,187.4,11.4,0,158,4,1,13595.25,4,3.96
48,2026-02-01,161.5,1.5,0,0,6,0,6488.14,10,4.25
424,2025-12-01,199.6,15.6,0,0,7,0,7650.47,6,3.94
1278,2026-01-01,178.1,2.1,0,0,3,0,8312.2,8,2.47
543,2026-08-01,174.9,6.9,0,0,3,0,6712.04,4,4.16
241,2026-07-01,191.7,7.7,0,0,5,0,11115.22,4,4.07
421,2026-05-01,183.9,15.9,0,155,6,0,8418.21,4,
363,2026-03-01,177.2,9.2,0,0,4,1,11118.78,12,4.39
517,2026-03-01,184.3,8.3,0,0,2,0,14198.67,12,2.26
240,2026-08-01,175.5,7.5,13561.79,40,1,0,7264.6,,2.04
995,2026-07-01,197.9,13.9,0,139,6,0,10159.52,4,3.84
903,2026-05-01,180.2,12.2,0,0,6,0,8587.38,2,3.87
613,2026-02-01,132.5,4.5,0,0,2,4,7774.06,10,3.37
1039,2026-05-01,165.6,13.6,0,0,4,2,10045.07,2,4.15
703,2025-10-01,100.8,0,9845.42,27,1,2,3812.5,8,2.42
1313,2026-06-01,154.7,10.7,0,0,3,4,8575.42,4,3.14
1034,2025-10-01,192.4,8.4,36744.17,112,3,0,6499.8,,4.57
1221,2025-11-01,175.7,15.7,0,123,3,0,17391.23,8,3.31
835,2026-02-01,171.8,11.8,0,0,4,0,12190.87,8,2.92
1366,2025-10-01,187.1,11.1,0,0,4,1,8768.46,4,3.16
938,2025-12-01,200.1,16.1,54239.55,150,2,0,10737.59,0,3.91
546,2026-07-01,181.2,5.2,23631.68,84,3,1,8244.35,2,4.02
592,2026-01-01,161.9,1.9,0,76,4,2,10090.22,4,4.05
1349,2026-04-01,178.8,10.8,0,126,4,1,10805.59,6,3.73
469,2026-06-01,186,10,25168.12,90,3,0,10394.73,4,3.6
1192,2026-01-01,184.1,8.1,0,66,4,0,10879.31,8,3.08
281,2026-08-01,159.1,7.1,0,0,2,2,9302.13,8,2.85
438,2026-05-01,168.7,8.7,0,94,4,1,9653.04,4,3.43
787,2026-04-01,185.3,9.3,25505.11,81,2,0,12511.79,2,3.62
633,2025-11-01,172.1,12.1,30519.98,93,3,0,9018.68,0,
297,2026-04-01,186.6,10.6,0,57,2,0,15294.78,0,1.9
824,2026-02-01,160.8,8.8,0,0,2,1,8971.54,4,3.03
1430,2026-01-01,169.7,1.7,0,77,5,1,9284.61,2,3.32
343,2026-08-01,164.5,4.5,0,113,3,1,13985.7,2,3.49
949,2026-04-01,180.7,4.7,0,0,5,0,5903.74,2,3.93
590,2026-04-01,176.6,8.6,0,0,3,1,6171.67,4,3.82
329,2026-03-01,171.1,11.1,22916.14,59,2,2,9538.62,6,3.29
895,2026-07-01,110.4,0,0,0,2,0,3517.67,8,3.77
1432,2026-07-01,192,8,0,102,3,0,13805.55,8,
1076,2025-12-01,197.7,13.7,25111.66,85,2,0,9961.87,6,2.72
69,2026-06-01,194.5,18.5,0,178,4,0,26820.26,0,4.43
1087,2026-04-01,164.8,12.8,0,81,4,3,14036.98,8,3.05
1383,2025-10-01,110.4,0,16117.13,53,1,0,4493.67,6,3.6
781,2025-09-01,181.2,5.2,0,0,4,0,13078.35,4,2.96
1388,2026-04-01,105.6,0,0,0,3,0,5713.67,6,3.35
899,2026-08-01,163.6,3.6,0,0,6,1,5357.02,8,
744,2026-01-01,181.5,5.5,0,0,4,0,5719.35,2,3.74
340,2025-09-01,182.7,6.7,0,0,2,0,6399.9,10,3.89
1279,2025-12-01,180.2,20.2,0,0,3,3,9578.99,2,2.96
1324,2026-06-01,185.2,17.2,0,105,3,1,13420.25,6,2.73
1434,2026-08-01,176.2,8.2,0,0,4,0,9603.31,0,3.21
97,2025-10-01,192.1,8.1,26693.4,94,3,0,9116.86,8,3.78
286,2025-10-01,186.2,10.2,0,0,5,1,7103.13,0,3.31
212,2025-10-01,191.1,7.1,37664.35,128,2,0,8514.36,0,4.74
1347,2026-05-01,169.8,9.8,0,0,3,1,14602.23,4,3.47
912,2025-11-01,178.8,18.8,0,0,5,0,8960.09,0,3.64
1081,2026-01-01,174.4,6.4,0,0,4,1,7521.55,8,3.81
61,2026-08-01,167.3,7.3,0,0,4,1,14646.1,0,3.74
1113,2026-03-01,184.9,8.9,0,0,6,0,8650.26,10,4.14
71,2025-10-01,182,14,0,0,4,2,14681.14,6,2.73
254,2025-09-01,100.8,0,0,0,2,1,4646.17,4,3.93
471,2025-10-01,187.8,11.8,23552.36,88,3,1,10241.22,0,3.49
990,2025-11-01,174,14,0,0,3,0,9939.4,8,2.93
1028,2026-08-01,176.9,8.9,0,101,3,0,15220.08,14,3.5
267,2026-05-01,180.7,12.7,25333.54,76,2,0,9286.75,6,3.36
1061,2025-12-01,110.4,0,0,0,3,0,4137.83,6,4.7
1214,2026-03-01,176.9,8.9,33638.51,88,3,1,8634.1,4,4.34
1223,2026-02-01,162.4,2.4,0,0,4,0,8613.59,12,3.5
407,2026-08-01,172.6,4.6,22450.36,72,2,0,8953.96,8,3.43
1267,2026-03-01,161.7,9.7,0,124,4,3,14777.93,4,3.93
1425,2026-08-01,170.5,2.5,0,0,4,0,8226.2,0,3.71
791,2026-08-01,171.2,3.2,0,0,3,0,6191.85,4,2.98
983,2025-11-01,178,18,0,141,3,0,17590.23,0,3.68
1131,2026-05-01,176.9,8.9,0,0,4,0,7095.4,6,4.51
283,2025-12-01,200.8,16.8,0,0,6,0,10887.84,0,3.4
1131,2025-12-01,195.8,19.8,0,0,5,1,7716.83,4,4.38
21,2026-03-01,185.9,9.9,33008.31,106,3,0,6070.72,10,4.65
1095,2026-04-01,176.3,8.3,28553.07,115,2,1,6875.95,2,4.88
985,2025-11-01,167.3,15.3,0,0,3,1,10142.75,8,3
1103,2026-04-01,170.6,10.6,22956.42,77,2,2,6350.23,,3.72
1428,2026-04-01,187.8,11.8,0,100,3,0,13322.55,2,2.84
634,2026-08-01,162.9,10.9,0,115,6,2,10202.23,0,4.02
975,2025-12-01,190.5,14.5,0,0,5,1,8902.18,4,3.04
1180,2026-08-01,180.3,12.3,0,159,6,0,13093.64,4,4.7
898,2026-04-01,188.3,12.3,0,146,3,0,10123.95,4,3.87
264,2026-01-01,176,0,0,0,4,0,7625,2,2.47
475,2026-01-01,164.7,4.7,0,0,6,2,7734.11,4,4.35
250,2025-12-01,204.2,20.2,44931.4,133,2,0,10653.94,8,3.88
1335,2026-02-01,147.6,3.6,0,0,3,2,10106,8,4.42
776,2026-04-01,91.2,0,0,0,2,1,6857.88,2,3.53
1112,2025-12-01,208,24,0,217,4,0,15912.55,6,3.72
1200,2026-01-01,176,0,0,0,4,0,10807.17,2,3.79
1444,2025-10-01,186.2,10.2,28796.48,77,3,1,11285.35,2,3.32
430,2026-04-01,181.4,5.4,0,0,4,0,9737.21,6,4.28
329,2025-09-01,181.4,5.4,21728.71,62,1,0,9109.35,6,3.1
607,2025-11-01,172.3,12.3,0,0,5,0,9179.05,0,4.18
356,2025-10-01,189.9,5.9,32180.73,84,2,0,9189.75,0,3.62
1349,2025-11-01,162.8,18.8,0,109,3,2,11489.73,4,3.45
886,2026-01-01,168.4,0.4,0,0,4,1,6463.96,8,3.24
609,2026-06-01,189.8,13.8,31668.67,90,2,0,7704.8,4,4.01
1182,2026-07-01,184.8,0.8,0,0,6,0,7995.14,8,4.08
1477,2026-04-01,187.4,11.4,0,0,3,0,10454.79,6,3.44
1225,2025-12-01,178.3,18.3,0,0,5,3,9209.39,6,3.43
711,2026-05-01,167.5,15.5,0,122,5,2,13813.38,4,3.67
660,2025-10-01,179.7,11.7,0,0,5,2,9259.13,2,4.35
585,2026-07-01,178,2,0,0,4,1,11387.23,6,3.69
520,2025-10-01,195.6,11.6,0,0,3,0,11131.31,16,4
536,2025-11-01,91.2,0,0,69,3,1,7533.5,8,3.62
515,2026-03-01,91.2,0,11483.22,32,1,3,5368,4,3.3
1157,2026-01-01,177.7,1.7,0,0,4,0,11440.7,4,2.91
869,2025-10-01,182.6,14.6,0,145,6,2,15997.31,8,4.01
754,2025-10-01,192.1,8.1,0,0,4,0,9029.83,0,3.15
852,2025-11-01,178.5,18.5,29908.05,82,2,0,12277.88,4,2.9
823,2025-09-01,182.1,6.1,0,0,6,0,9729.34,6,4.56
1500,2025-09-01,182.7,6.7,0,0,5,0,12982.66,2,3.39
475,2026-07-01,186.2,2.2,0,0,6,0,7573.32,4,4.04
429,2026-03-01,191.1,15.1,0,0,6,0,11242.28,12,3.82
1319,2026-01-01,105.6,0,0,0,2,0,4961.33,0,2.81
1019,2026-06-01,160.7,8.7,27075.34,89,3,3,8199.07,0,3.85
1197,2025-12-01,110.4,0,0,0,2,0,4239.5,6,4.26
802,2025-09-01,165.4,5.4,24063.83,84,2,2,6800.09,8,4
208,2026-08-01,176.1,8.1,0,0,4,0,6951.88,4,3.4
67,2026-06-01,163.6,11.6,0,0,3,3,14957.34,4,
731,2026-01-01,176,0,17100.04,50,2,0,8753.5,8,3.33
39,2026-06-01,188,12,0,0,4,0,8416.83,,3.15
995,2026-03-01,182.3,14.3,0,115,3,1,10190.91,12,3.62
842,2026-03-01,177.8,9.8,17858.12,63,2,1,8778.99,10,3.11
211,2025-09-01,166.9,6.9,0,129,6,2,9140.01,4,4.27
1385,2026-04-01,181.2,5.2,32230.14,89,3,0,13014.6,0,3.91
1300,2025-11-01,173.8,13.8,0,146,3,0,10948.33,8,3.53
615,2026-07-01,182.3,6.3,0,0,5,1,10227.78,2,3.74
223,2026-03-01,187.2,11.2,0,89,3,0,10103.76,4,3.05
1166,2026-04-01,170.1,10.1,0,123,5,2,12536.68,2,4.17
706,2025-10-01,192.5,8.5,0,0,3,0,14472.63,4,3.52
822,2026-04-01,189.7,13.7,0,144,4,0,17342.3,2,3.72
1042,2026-07-01,182.8,6.8,21274.48,62,3,1,12239.73,2,3.01
828,2025-12-01,205.9,21.9,34848.17,122,3,0,8840.31,0,3.54
485,2025-12-01,199.7,15.7,0,0,6,0,8973.34,4,3.34
42,2026-08-01,165,5,0,79,4,1,10500.5,8,2.6
865,2025-12-01,194,18,0,0,4,1,10704.54,4,3.09
938,2026-07-01,184.7,8.7,23192.96,75,2,1,10134.06,2,3.63
304,2025-12-01,198.9,14.9,0,0,6,0,9170.59,0,3.92
503,2026-08-01,173.3,5.3,23878.06,83,2,0,10973.22,8,3.87
1343,2026-03-01,185.3,9.3,0,0,6,0,11995.5,10,3.72
137,2025-11-01,165.2,13.2,0,0,2,1,10682.32,,2.19
921,2026-05-01,167.7,7.7,0,0,4,1,9900.68,4,2.87
117,2026-06-01,187.6,11.6,26598.69,64,2,0,10102.08,0,3.08
112,2026-03-01,179.9,11.9,0,0,3,1,9767.08,4,3.28
947,2025-09-01,180.3,4.3,0,0,5,0,6991.32,8,3.23
1120,2026-01-01,178.6,2.6,22827.39,66,2,0,10644.91,8,4.7
132,2026-07-01,191.1,7.1,23152.41,90,3,0,7586.31,2,4
58,2025-09-01,185.5,9.5,0,0,7,0,5611.27,4,5
683,2026-04-01,168.3,8.3,0,0,4,2,10101.43,0,3.65
616,2025-12-01,197.2,21.2,0,141,2,1,11646.84,8,2.7
968,2026-05-01,169.8,1.8,0,0,4,0,8425.23,4,3.94
1151,2026-06-01,165,5,0,0,4,2,9747.44,2,3.65
1487,2026-03-01,188.3,12.3,0,128,6,0,9707.74,8,3.85
840,2026-06-01,175.2,7.2,29433.05,84,2,1,8467.3,8,3.9
1027,2025-12-01,200.9,16.9,42003.36,128,2,0,8017.64,4,3.84
129,2026-02-01,81.6,0,0,0,1,3,5093.5,8,3.78
372,2025-11-01,164,12,0,0,5,1,10874.54,8,4.26
562,2026-03-01,100.8,0,0,0,2,1,5408.67,8,3.68
1229,2026-04-01,177.6,9.6,0,0,5,1,8533.74,4,3.21
1293,2026-06-01,185.5,9.5,26107.51,96,3,0,12025.71,2,3.55
107,2026-08-01,178.5,10.5,24348.93,89,2,0,7718.96,2,4.11
65,2025-10-01,192.6,8.6,35134.88,94,2,0,21573.52,8,3.85
195,2026-05-01,178.2,10.2,18323.29,56,2,0,8519.33,6,2.97
1371,2026-06-01,172.8,4.8,23201.82,79,3,1,10186.59,4,3.45
218,2026-01-01,178.9,10.9,0,81,3,1,15475.79,8,3.66
1180,2026-01-01,178.6,2.6,0,125,4,0,12100.26,0,4.54
1056,2025-11-01,176.4,16.4,0,0,4,0,10936.2,2,2.71
1070,2026-02-01,168.4,8.4,0,119,4,0,9062.64,10,4.65
1102,2026-02-01,161.1,1.1,0,0,3,0,7276.78,6,4.19
853,2026-04-01,180.2,4.2,0,0,5,0,7322.65,4,3.98
578,2026-05-01,173.8,13.8,0,118,6,1,13852.26,6,4.2
765,2026-08-01,157.2,5.2,17663.65,54,2,2,8318.72,8,3.54
1301,2025-11-01,174.8,14.8,28472.47,89,2,0,8498.37,0,3.25
818,2025-09-01,100.8,0,10701.56,30,1,1,5622.17,0,3
1002,2026-08-01,173.8,5.8,0,0,5,0,7196.27,0,3.91
1125,2025-11-01,166,14,27393.21,64,2,1,9289.69,4,3.02
1074,2026-07-01,183.4,7.4,0,122,4,1,11109.8,6,3.84
1046,2026-03-01,187,11,0,122,6,0,9884.11,6,4.05
878,2026-06-01,176.5,8.5,0,0,3,1,10990.9,8,3.07
1257,2026-05-01,175.6,7.6,0,0,2,0,8256.51,6,2.34
59,2025-12-01,188.9,20.9,0,0,4,2,8884.04,8,4.39
1423,2026-07-01,192.7,8.7,0,123,5,0,10844.64,0,4.39
652,2026-07-01,181.4,5.4,0,0,5,1,10652.4,2,3.16
1172,2026-08-01,148.8,4.8,0,0,5,3,7613.47,0,
498,2025-10-01,110.4,0,0,76,3,0,5418.83,0,
712,2026-07-01,100.8,0,0,0,2,2,6455.83,6,3.33
403,2025-09-01,172.3,4.3,0,0,4,1,7950.92,2,4.05
1461,2025-10-01,196.2,12.2,0,99,4,0,14858.42,6,2.94
953,2026-05-01,148.8,12.8,0,82,4,4,10547.49,0,2.57
371,2026-04-01,161.7,9.7,19695.24,65,2,3,6404.29,2,3.43
95,2026-05-01,178.5,10.5,0,0,3,0,6665.37,4,3.45
1475,2025-11-01,150.9,14.9,27620.96,73,2,3,8665.57,6,3.64
235,2025-11-01,167.4,7.4,0,0,5,0,11553.33,4,3.92
28,2026-04-01,181.4,5.4,0,0,6,0,11812.36,8,4.95
202,2026-03-01,178.1,10.1,0,0,4,1,8523.62,10,2.95
1319,2026-07-01,110.4,0,0,0,2,0,4961.33,6,2.64
1354,2026-03-01,182.6,6.6,0,0,3,0,8468.9,8,3.52
1352,2025-10-01,176.1,16.1,0,0,5,3,10795.5,4,3.19
118,2026-01-01,180.8,4.8,0,0,5,0,7592.29,0,
1249,2025-10-01,193.6,17.6,0,103,5,1,16498.65,8,2.92
484,2026-03-01,188.4,12.4,0,146,6,0,10751.03,4,4.18
684,2025-10-01,195.3,11.3,43493,95,2,0,11372.91,2,4.22
663,2026-01-01,173,5,0,0,6,1,15761.36,8,3.57
4,2026-02-01,164.9,4.9,0,0,5,0,8478.22,10,4.72
1240,2025-10-01,194.3,10.3,32899.18,117,3,0,8714.35,0,4.66
475,2025-12-01,177.8,17.8,0,0,5,3,8576.62,0,4.08
1337,2025-10-01,169.4,9.4,27925.45,74,2,3,11257.53,8,3.7
103,2026-01-01,168.7,0.7,0,74,4,1,10708.98,2,3.35
535,2025-12-01,195,19,0,0,8,1,13519.34,4,4.54
866,2025-12-01,187.5,19.5,0,0,5,2,15993.56,8,3.07
179,2025-11-01,172,20,0,0,5,1,9660.29,2,4.02
827,2026-02-01,164.1,4.1,16026.01,64,2,0,8790.37,12,3.77
696,2026-01-01,179,3,0,0,5,0,11046.01,0,4.76
1489,2025-10-01,199.1,15.1,0,0,5,0,8816.8,0,4.13
618,2026-02-01,160.5,8.5,0,0,2,1,14538.12,6,3.18
650,2026-04-01,185.2,9.2,21779.87,79,2,0,8682.09,2,3.57
132,2026-02-01,162.9,2.9,16017.7,51,1,0,7326.53,8,3.73
1345,2026-03-01,175.7,7.7,0,0,4,1,8458.41,12,3.11
234,2026-02-01,86.4,0,0,35,2,2,5337.5,10,3.44
143,2026-01-01,181.3,5.3,0,0,5,0,6645.6,0,4.79
574,2026-07-01,189.7,5.7,0,0,5,0,8420.85,0,3.71
708,2026-08-01,161.1,9.1,0,0,6,2,6613.28,4,4.58
936,2025-12-01,110.4,0,0,0,2,0,5002,8,3.56
578,2025-09-01,167.6,7.6,0,118,3,2,13188.32,8,3.73
993,2025-11-01,172.7,20.7,0,109,3,1,11736.12,6,3.09
241,2026-03-01,183.2,7.2,0,0,7,0,11070.13,8,4.17
1059,2025-12-01,201.1,17.1,0,0,4,0,9511.98,2,3.86
246,2025-09-01,188.8,12.8,0,0,5,0,16634.32,8,3.99
1055,2026-07-01,110.4,0,10764.8,37,1,0,4087,8,3.55
1442,2026-06-01,188.6,12.6,0,0,4,0,10384.48,2,3.65
692,2025-12-01,201.6,17.6,0,0,5,0,11902.57,4,4.41
288,2025-09-01,176.3,8.3,0,0,7,1,11855.83,8,4.89
518,2025-11-01,146.4,10.4,27878.21,94,2,3,6085.83,8,3.97
294,2026-03-01,184.4,8.4,0,0,4,0,8430.11,12,2.56
1496,2025-10-01,179.1,11.1,0,118,4,2,15321.97,4,3.66
529,2026-03-01,160.5,8.5,0,0,6,3,6537.79,4,4.17
1186,2025-11-01,157.9,13.9,0,0,2,2,10432.87,6,2.27
244,2025-09-01,166.1,6.1,0,0,4,2,8509.16,6,2.82
461,2026-07-01,191.4,7.4,0,0,7,0,10806.91,0,3.91
416,2025-10-01,105.6,0,0,0,2,1,4229.33,8,3.72
516,2026-04-01,173.8,5.8,0,0,2,1,5829.62,4,2.31
8,2026-03-01,177.5,9.5,0,0,3,1,9132.06,6,2.82
107,2025-09-01,178.5,2.5,28032.89,84,2,0,7229.09,6,3.89
183,2026-02-01,150.9,6.9,0,0,4,2,10687.54,10,3.72
587,2026-07-01,172.8,4.8,23099.67,61,1,2,12876.19,8,3.4
1167,2025-11-01,173,13,0,0,5,0,12192.63,,3.81
426,2026-06-01,187.2,11.2,25662.6,95,2,0,8598.23,6,3.78
481,2026-05-01,96,0,0,0,2,1,4595.33,4,3.19
985,2025-10-01,191.2,7.2,0,0,5,0,9514.91,2,3.44
1299,2026-05-01,174.5,14.5,0,112,3,1,11648.73,6,3.93
12,2026-08-01,173.7,5.7,0,0,7,0,11094.88,8,4.38
140,2025-11-01,176.6,16.6,0,0,3,0,9290.09,0,3.27
960,2026-06-01,186.2,10.2,0,137,5,0,11772.17,2,4.11
1175,2025-09-01,160,0,20721.98,56,1,2,8560.33,2,2.88
915,2026-04-01,179.5,3.5,0,0,4,0,7541.71,8,3.48
867,2026-02-01,172.6,12.6,0,90,4,0,12211.07,8,3.86
1182,2025-09-01,184.9,8.9,0,0,8,0,8551.71,4,4.39
478,2026-06-01,188.3,12.3,31829,87,2,0,8751.59,4,3.24
1491,2026-08-01,170.7,2.7,0,0,4,0,9623.9,4,3.69
779,2026-01-01,174.8,6.8,0,69,5,1,11626.13,6,3.42
764,2026-07-01,190.9,6.9,0,98,4,0,13176.28,2,3.37
716,2025-12-01,184.4,16.4,0,0,6,2,9194.76,4,3.34
627,2026-06-01,176.7,8.7,0,127,5,1,17107.86,6,4.16
115,2025-12-01,201.5,17.5,45416.11,111,3,0,11554.15,,3.51
459,2025-11-01,91.2,0,0,81,2,1,7980.83,,3.48
1237,2025-10-01,190.9,6.9,13665.88,41,1,0,8392.74,8,3.08
605,2026-07-01,177.3,1.3,28037.19,79,2,1,8204.27,8,4.28
953,2025-11-01,143.7,15.7,0,80,3,4,10785.8,8,2.49
1436,2026-05-01,160.4,8.4,0,0,5,2,9597.02,8,3.95
1494,2026-02-01,163.4,3.4,12762.27,49,1,0,8634.29,6,2.96
126,2026-02-01,168.1,8.1,0,130,5,0,10618.21,4,4.93
666,2026-04-01,187.9,11.9,0,139,5,0,11572.47,2,3.72
502,2026-02-01,162.8,2.8,0,0,5,0,10673.34,10,3.93
156,2026-01-01,177.3,1.3,0,0,4,0,14835.54,6,3.12
1474,2025-10-01,169.1,9.1,0,0,3,3,7710.01,8,3.6
793,2026-06-01,181.3,13.3,0,115,4,1,13320.75,6,3.15
463,2026-02-01,163,3,0,114,5,0,13591.08,4,4.36
1270,2026-05-01,170.9,10.9,0,129,4,1,15219.9,0,4.18
470,2025-12-01,189.4,21.4,0,0,5,2,12447.09,4,4.21
539,2026-05-01,172.4,4.4,23244.8,86,2,0,11419.19,,3.77
229,2026-02-01,161.6,1.6,0,0,5,0,9111.77,6,3.97
784,2026-04-01,183.3,7.3,26317.22,79,2,0,9666.02,0,3.86
622,2025-10-01,198.3,14.3,36497.77,122,2,0,9311.21,4,4.35
903,2025-12-01,190.9,14.9,0,0,7,1,8768.87,6,3.79
1358,2026-06-01,191.5,15.5,0,118,4,0,15669.77,6,3.22
77,2025-11-01,155.2,11.2,0,0,5,2,15289.46,6,4.31
468,2025-11-01,171.3,11.3,0,0,5,0,9218.86,0,3.04
1172,2026-05-01,158.3,6.3,0,0,5,2,7708.36,2,3.97
872,2026-05-01,171.3,11.3,0,0,3,1,9564.85,4,3.05
282,2026-01-01,100.8,0,0,63,2,1,9414.33,2,4.52
1344,2025-11-01,166.7,6.7,0,0,4,0,9605.23,2,3.34
1409,2025-11-01,172.2,12.2,0,0,3,0,8598.62,8,3.39
1361,2025-11-01,96,0,0,0,3,0,5286.67,8,4.04
1324,2026-02-01,172.2,12.2,0,60,3,0,12914.8,8,2.75
1142,2026-08-01,96,0,0,49,3,1,5874.3,2,3.3
247,2026-07-01,190,6,0,0,4,0,8213.42,2,
703,2026-08-01,100.8,0,8791.79,32,1,0,3812.5,0,2.55
460,2026-04-01,25.8,1.8,3974.9,9,0,0,1685.3,5.2,4.48
1445,2026-05-01,173.1,5.1,25428.68,77,3,0,11061.21,4,3.26
48,2025-12-01,196.2,20.2,0,0,7,1,7524.64,2,3.96
492,2026-08-01,176.4,8.4,18696.51,50,1,0,8571.88,0,2.67
301,2026-03-01,189.2,13.2,0,0,3,0,9221,4,3.17
445,2026-02-01,86.4,0,0,0,2,2,5784.83,8,2.95
317,2026-03-01,182.6,6.6,0,0,2,0,11370.69,8,2.66
1189,2026-06-01,190.1,14.1,23444.85,78,1,0,11167.64,4,2.94
1412,2025-12-01,195.2,19.2,0,0,3,1,10433.19,0,3.27
540,2025-10-01,110.4,0,0,68,3,0,5296.83,6,3.72
465,2026-04-01,100.8,0,8931.18,30,1,1,5256.17,8,2.89
379,2025-11-01,159,15,23144.56,72,1,2,8143.84,2,3.15
128,2026-05-01,172.4,4.4,0,0,5,0,7725.37,2,4.46
917,2026-03-01,182.3,6.3,0,0,4,0,9734.62,10,
1327,2026-04-01,175.2,7.2,0,128,3,1,10389.72,0,3.61
383,2026-08-01,168.7,8.7,0,0,5,1,8078.82,4,3.79
1258,2025-11-01,176.3,16.3,0,0,3,0,10510.28,8,3.24
1262,2026-05-01,171.9,11.9,0,0,4,1,6112.35,2,3.58
1370,2025-10-01,188.9,12.9,0,133,5,1,10397.49,0,3.76
124,2026-02-01,153.3,1.3,0,0,6,1,6530.99,4,4.37
889,2026-08-01,177.6,9.6,0,0,5,0,10427.68,6,4.35
1205,2025-09-01,185.3,9.3,23136.01,85,3,0,7535.63,8,4.08
557,2025-12-01,192.6,16.6,40745.39,132,3,1,11929.45,0,3.63
1108,2025-12-01,199,15,0,0,4,0,9625.58,6,3.69
815,2026-07-01,171.1,3.1,28299.87,78,3,2,11107.53,2,4.5
1499,2026-06-01,177,9,0,0,4,1,11363.96,2,2.63
442,2026-06-01,163.9,11.9,25633.47,74,2,3,9587.66,6,3.67
298,2025-12-01,202.7,18.7,38114.89,101,2,0,10323.61,2,3.19
339,2026-06-01,184.8,8.8,26282.11,67,3,0,11115.95,4,3.32
1047,2025-11-01,165.8,13.8,0,0,6,1,12245.74,6,4.57
483,2026-01-01,105.6,0,0,0,2,0,5581.5,6,3.37
1002,2026-04-01,178.7,2.7,0,0,4,0,7012.44,8,3.69
1259,2025-11-01,172.5,12.5,22239.32,55,1,0,10804.5,6,2.4
429,2026-02-01,160,0,0,0,4,0,9943,6,3.89
697,2026-02-01,140.2,4.2,11359.74,36,1,3,7996.97,8,2.81
1114,2025-12-01,194.4,18.4,34403.47,88,3,1,11443.73,0,3.02
890,2026-01-01,173.9,5.9,0,0,3,1,9702.66,6,3.66
666,2026-07-01,195.8,11.8,0,126,4,0,11563.39,0,3.53
1399,2025-10-01,189.8,5.8,0,0,4,0,9246.24,6,3.81
1231,2026-02-01,152.6,8.6,0,0,5,2,7176.61,4,4.4
68,2026-08-01,165.5,5.5,0,0,3,1,17711.88,0,2.84
937,2026-07-01,185.8,1.8,0,0,6,0,7341.1,8,
570,2026-08-01,163.1,3.1,32077.2,76,3,1,9134.48,4,4.51
106,2026-07-01,184.4,16.4,0,89,6,2,12840.16,4,3.42
928,2025-11-01,163.2,11.2,0,0,2,1,9022.01,2,2.33
1295,2026-04-01,155.8,11.8,0,102,3,4,13412.19,0,3.53
145,2026-05-01,177.5,17.5,0,101,5,1,12127.76,2,3.31
25,2026-07-01,193.1,9.1,0,0,5,0,9541.54,8,3.7
352,2026-06-01,176.6,8.6,0,0,2,1,8214.32,6,2.55
605,2025-09-01,182.8,6.8,26899.6,76,3,0,8590.42,4,4.11
735,2026-04-01,188.6,12.6,31898.01,97,2,0,7137.22,8,4.46
166,2026-01-01,176,0,17679.89,58,2,0,5866.17,2,3.35
101,2026-02-01,164.7,4.7,0,0,3,0,6982.92,4,3.49
1329,2026-03-01,179.8,11.8,0,0,4,1,8426.04,8,2.93
846,2026-05-01,174.5,14.5,0,138,5,1,14165.68,2,4.11
28,2026-05-01,167.9,7.9,0,0,7,1,12056.5,0,4.77
578,2026-01-01,183.2,7.2,0,91,5,0,13145.48,6,4.07
205,2026-02-01,153.2,1.2,0,0,5,1,7940.44,10,3.35
107,2026-06-01,172,4,27986.03,78,3,1,7320.94,0,3.77
188,2025-09-01,186.9,10.9,24482.38,68,2,0,9267.67,2,3.39
1082,2026-01-01,183.8,7.8,0,55,2,0,11981.62,6,2.28
383,2026-07-01,184,0,0,0,6,0,7513.17,2,3.89
1485,2026-02-01,91.2,0,12344.61,42,2,1,5073.17,6,4.58
999,2026-01-01,169.6,1.6,0,73,5,1,10348.67,4,3.34
829,2026-05-01,173.7,13.7,0,120,5,1,15920.8,,3.84
932,2026-05-01,174.8,6.8,0,110,3,0,12831.8,4,3.54
83,2026-03-01,188.4,12.4,0,0,3,0,20027.32,12,2.7
1067,2026-05-01,175.1,7.1,0,0,4,0,7208.61,6,3.19
1232,2026-03-01,175.2,7.2,0,0,4,1,9158.51,10,3.01
812,2025-09-01,173.3,13.3,0,102,5,2,13819.57,8,3.91
1425,2026-04-01,182.8,6.8,0,0,5,0,8525.83,0,3.08
885,2026-05-01,169.1,9.1,0,0,3,1,9881.53,0,3.2
1262,2025-10-01,186.4,10.4,0,0,4,1,6040.42,8,3.49
501,2026-05-01,161.7,1.7,0,0,6,1,7045.99,0,4.43
248,2026-06-01,187.5,11.5,26798.72,71,3,0,10250.63,8,3.38
733,2025-10-01,197.4,13.4,0,125,5,0,15146.39,0,3.18
1001,2026-07-01,182.7,6.7,23078.81,73,3,1,7194.27,6,3.86
1114,2026-03-01,177.9,9.9,20737.68,58,1,1,10717.58,10,3.07
639,2026-03-01,177.9,9.9,0,0,3,1,9613.82,10,3.86
933,2026-05-01,176.9,8.9,18713.58,59,2,0,10675.95,4,3.07
471,2025-11-01,170.6,10.6,32047.06,111,3,0,10144.73,,3.8
482,2025-09-01,183.8,7.8,0,100,5,0,14087.09,6,3.1
689,2025-11-01,169.6,17.6,0,0,3,1,8165.44,6,3.94
1322,2026-06-01,159.5,15.5,0,120,5,4,14389.9,4,3.52
904,2026-08-01,96,0,0,0,2,1,5225.67,4,
131,2025-11-01,150.7,14.7,0,0,3,3,7128.11,4,2.1
878,2026-07-01,166.4,6.4,0,0,2,3,10804.85,6,2.85
1385,2025-09-01,185,9,29230.57,89,2,0,13424.15,4,3.68
703,2026-07-01,96,0,7442.78,25,1,3,3812.5,2,2.35
258,2025-10-01,193.4,9.4,0,148,6,0,12323.92,8,3.63
400,2026-01-01,174.4,6.4,0,75,4,1,9849.9,2,3.63
595,2025-11-01,176.5,16.5,0,125,3,0,11885.57,0,3.38
1217,2026-03-01,189.2,13.2,0,115,4,0,15813.91,6,3.15
829,2026-02-01,140.2,4.2,0,82,4,3,14750.66,4,3.89
621,2026-05-01,181.7,13.7,0,98,3,0,12497.83,4,
1357,2025-09-01,172.7,4.7,0,0,4,1,8601.68,0,4.17
1322,2026-05-01,179.6,11.6,0,142,4,0,13961.68,2,3.69
1278,2026-02-01,164.6,4.6,0,0,3,0,8488.82,8,2.79
470,2025-11-01,137.6,9.6,0,0,3,4,11374.65,8,4.09
209,2026-05-01,161.1,9.1,0,0,4,0,9349.1,6,3.58
1453,2026-04-01,183.4,7.4,23731.91,77,2,0,7702.22,6,3.27
681,2026-07-01,193.9,9.9,0,0,5,0,10066.36,4,3.2
1154,2026-03-01,184.5,8.5,21570.84,53,2,0,7890.65,10,2.96
282,2025-09-01,105.6,0,0,75,3,0,9414.33,6,4.42
370,2026-03-01,187.3,11.3,23516.22,63,2,0,10591.65,4,3.33
619,2025-11-01,157.5,13.5,0,142,4,2,11649.62,8,3.65
1111,2025-11-01,171.9,11.9,0,0,4,0,9542.81,0,2.98
855,2026-03-01,192.8,16.8,0,112,5,0,16314.29,6,3.08
238,2026-07-01,186.7,10.7,27604.01,68,2,1,8664.29,4,3.53
312,2026-06-01,169.1,9.1,0,0,4,2,12579.48,2,3.63
344,2026-02-01,160,0,0,0,3,0,10105.67,6,3.31
1142,2025-10-01,105.6,0,0,64,2,1,5874.3,4,
360,2026-07-01,176,0,0,0,4,1,9993.83,4,
763,2025-10-01,195.2,11.2,0,127,4,0,13605.5,0,3.52
812,2026-05-01,166.5,6.5,0,98,5,1,13090.28,2,3.62
680,2026-04-01,176.3,8.3,0,0,5,1,9905.29,2,4.24
543,2025-09-01,184,8,0,0,6,0,6772.33,4,3.94
499,2026-04-01,96,0,11733.81,34,1,2,4859.67,2,
550,2026-02-01,96,0,0,46,2,0,8468.83,12,3.46
488,2026-04-01,172.5,12.5,0,0,3,2,13192.99,2,3.77
309,2026-01-01,176.3,0.3,20356.47,49,2,0,7899.62,4,3.31
1454,2026-08-01,159.7,7.7,0,91,4,2,13696.12,2,3.37
760,2026-08-01,33.6,0,0,0,0,0,1748.67,4,2.71
1001,2026-02-01,164.5,4.5,19227.01,55,3,0,7064.81,12,4.07
1216,2026-04-01,169.4,9.4,0,0,3,2,7079.93,2,3.3
261,2026-04-01,105.6,0,16871.93,48,2,0,5083.33,2,4.43
1480,2026-01-01,173,5,0,0,4,1,9705.01,2,4.39
1039,2026-08-01,177.1,9.1,0,0,3,0,9695.09,6,4.23
478,2025-12-01,200.3,16.3,36585.95,116,3,0,9025.39,8,3.36
24,2026-04-01,179.6,3.6,0,0,7,0,6080.37,6,4.94
468,2026-02-01,161.6,1.6,0,0,2,0,8513.94,8,3.23
597,2026-07-01,181.2,5.2,28124.39,95,2,1,6162.02,0,4.5
126,2026-01-01,180.1,4.1,0,114,5,0,10274.73,6,4.92
1379,2025-10-01,177.9,9.9,0,0,5,2,11435.03,0,2.99
1491,2025-11-01,136.8,8.8,0,0,4,4,10120.33,2,3.24
57,2026-05-01,174.1,6.1,0,0,5,0,10275.22,8,
559,2026-05-01,178.9,10.9,0,124,6,0,12638.75,0,3.4
1166,2025-10-01,191.4,15.4,0,148,4,1,13065.46,0,4.2
1064,2025-12-01,201.1,17.1,0,0,5,0,11157.61,2,3.33
870,2025-09-01,183.6,7.6,0,0,4,0,8508.39,8,4.38
632,2026-05-01,179.9,11.9,23845.84,79,3,0,8993.34,2,3.57
970,2026-03-01,188.2,12.2,0,106,5,0,12667.52,12,3
870,2026-08-01,176,8,0,0,7,0,8536.03,8,4.47
302,2026-01-01,160.4,0.4,0,0,4,2,12017.79,4,3.31
415,2025-10-01,110.4,0,8407.95,28,1,0,4483.5,16,3.63
195,2025-09-01,184.3,8.3,20392.62,66,2,0,8390.62,6,3.02
1130,2026-05-01,159,7,0,0,2,2,11116.79,8,3.04
1061,2026-06-01,105.6,0,0,0,4,0,4137.83,0,4.77
1475,2026-02-01,161.3,1.3,17927.16,55,2,0,7762.19,8,3.62
1333,2025-10-01,194.8,10.8,31190.76,94,3,0,7359.36,2,4.02
798,2026-03-01,105.6,0,0,62,3,0,5225.67,12,3.4
872,2025-10-01,190.9,6.9,0,0,6,0,9233.09,2,3.4
798,2025-09-01,105.6,0,0,59,2,0,5225.67,8,3.29
883,2025-12-01,201.9,17.9,55342.42,140,3,0,8723.95,8,4.55
1093,2026-02-01,156.4,4.4,0,78,4,1,10666.24,10,3.19
850,2025-10-01,198.6,14.6,0,105,4,0,13649.81,6,2.51
234,2025-09-01,100.8,0,0,64,3,1,5337.5,0,3.41
779,2026-04-01,174.5,14.5,0,114,3,2,12357.78,6,3.44
1360,2026-06-01,158.6,14.6,0,124,5,4,11439.73,4,3.8
1251,2025-09-01,184.6,8.6,0,0,3,0,9776.35,2,3
1314,2026-01-01,183.9,7.9,0,0,6,0,8048.53,2,3.64
381,2026-05-01,167,7,0,0,3,1,9747.41,4,2.37
1254,2026-04-01,182.5,6.5,0,0,4,0,8247.2,2,3.47
340,2026-08-01,172.2,4.2,0,0,5,0,6269.03,0,4.04
468,2026-07-01,185.5,1.5,0,0,5,0,8506.67,6,
1043,2026-02-01,151.5,7.5,0,0,6,2,6831.54,10,4.72
594,2025-10-01,181.1,5.1,0,0,3,1,10042.14,4,2.79
742,2025-12-01,180.9,12.9,0,0,5,2,6012.46,4,3.62
886,2025-11-01,173.8,13.8,0,0,3,0,7210.95,2,3.5
770,2026-01-01,170.1,2.1,20687.98,50,2,1,8074.11,6,3.84
687,2026-04-01,176.1,8.1,18941.59,47,1,1,11227.45,0,2.53
1248,2026-02-01,165,5,0,81,4,0,9217.11,10,3.65
395,2026-03-01,105.6,0,0,70,3,0,7259,4,3.63
25,2026-02-01,155.9,3.9,0,0,3,1,9143.52,10,3.41
593,2026-06-01,156.2,12.2,18729.61,53,2,4,8677.3,8,2.99
1437,2026-03-01,181.4,5.4,23990.57,69,2,0,10258.66,6,3.24
1093,2026-03-01,189.4,13.4,0,102,4,0,11466.5,12,3.33
1155,2025-12-01,194.9,26.9,0,149,4,2,10415.21,2,2.57
559,2026-08-01,161.6,9.6,0,82,4,2,12508.82,6,3.23
904,2025-11-01,96,0,0,0,2,0,5225.67,2,3.26
1374,2026-03-01,193.9,17.9,0,107,3,0,10485.18,6,3
1356,2026-01-01,164.3,4.3,0,82,4,2,14752.43,6,4.08
211,2026-08-01,178.8,10.8,0,121,5,0,9431.11,4,4.57
86,2026-02-01,160.3,8.3,0,0,3,1,14874.28,4,3.59
1266,2025-09-01,186.6,18.6,0,148,7,1,10315.92,8,4.06
232,2026-06-01,32.8,0.8,0,0,1,0,1251.1,0,3.9
1025,2026-04-01,160.5,8.5,0,0,3,3,14156.11,8,3.65
603,2026-06-01,91.2,0,14315.78,37,1,3,4808.83,8,3.85
380,2025-10-01,193.3,9.3,26952.14,97,2,0,7184.12,2,3.56
142,2025-09-01,101.3,5.3,2322.96,9,0,0,3546.93,12,3.79
416,2025-12-01,110.4,0,0,0,3,0,4229.33,2,3.77
349,2026-06-01,184.1,8.1,0,0,4,0,9475.88,0,3.43
233,2025-11-01,153.9,9.9,0,0,4,2,9503.44,8,3.25
1385,2025-10-01,190.9,6.9,32704.39,92,3,0,13197.82,4,
399,2025-11-01,156.9,12.9,27376.06,75,1,2,8702.25,4,3.7
1248,2026-04-01,182.1,6.1,0,111,4,0,9301.21,2,3.73
507,2025-09-01,161.2,1.2,22253.79,55,2,2,7293.29,6,3.53
1158,2026-06-01,193.1,17.1,0,135,5,0,14904.04,2,3.43
917,2026-08-01,177.9,9.9,0,0,3,0,10022.21,6,3.04
936,2025-09-01,100.8,0,0,0,3,1,5002,6,3.73
910,2026-04-01,174.8,6.8,0,0,5,1,7944.52,0,3.12
1261,2026-03-01,170.3,10.3,0,0,6,2,8360.02,4,4.22
992,2026-03-01,105.6,0,15022.98,58,2,0,5134.17,10,4.63
60,2026-03-01,178.7,10.7,20543.3,69,2,1,4776.47,6,3.25
1310,2026-01-01,160.1,0.1,0,0,3,2,7753.7,4,3.38
142,2026-03-01,183,7,25786.6,87,2,0,6361.69,6,3.89
86,2026-07-01,182.6,6.6,0,0,5,1,14670.12,6,3.7
1194,2025-11-01,178.7,18.7,0,125,6,0,12142.64,6,3.44
830,2026-02-01,162.4,2.4,22345.39,56,3,0,7876.77,8,4.25
908,2025-11-01,168.6,16.6,0,0,3,1,8266.9,6,3.15
885,2025-10-01,195.2,11.2,0,0,5,0,10048,4,2.98
835,2026-08-01,161.9,1.9,0,0,3,1,11243.21,6,2.95
429,2026-04-01,173.5,5.5,0,0,3,1,10416.25,0,3.38
598,2026-06-01,169.1,9.1,26053.12,80,2,2,12053.05,8,3.35
208,2026-02-01,146,2,0,0,3,2,6608.94,12,3.7
643,2026-01-01,177.6,1.6,0,95,4,0,11637.1,6,3.95
77,2025-09-01,185.7,9.7,0,0,5,0,15108.53,0,4.2
245,2026-04-01,169.1,9.1,0,0,5,2,8510.62,0,3.75
279,2025-11-01,174.7,14.7,0,96,2,0,13866.58,8,2.83
572,2026-01-01,171.8,3.8,0,0,3,1,9062.36,6,3.6
948,2025-09-01,176,0,14955.74,47,1,0,8143.5,8,2.37
71,2026-04-01,161.1,9.1,0,0,2,3,14125.87,4,2.94
1299,2026-02-01,159.9,7.9,0,95,3,1,11057.58,10,3.77
327,2025-09-01,165,5,0,0,3,2,8750.42,8,3.31
981,2025-11-01,171.6,11.6,29885.75,115,3,0,8602.99,0,4.07
546,2026-03-01,169.1,9.1,25595.91,64,2,2,8510.62,8,3.83
825,2026-08-01,183.5,15.5,0,102,5,0,17722.18,2,3.48
625,2026-03-01,182,6,0,0,5,0,9229.4,8,4.08
1266,2026-01-01,163,11,0,98,4,3,9731.51,4,3.95
109,2025-11-01,171.6,11.6,0,0,3,0,6757.1,8,2.9
1422,2025-11-01,163.8,11.8,0,0,6,1,8269.17,8,4.24
108,2025-11-01,175,15,0,0,7,0,11405.97,0,4.13
738,2026-08-01,174.8,6.8,21953.69,63,1,0,6319.02,8,3.5
404,2025-12-01,189.4,13.4,46485.47,112,3,1,8537.11,2,3.9
857,2026-04-01,176.1,8.1,0,127,7,1,12293.62,,4.57
131,2025-12-01,175.5,15.5,0,0,3,3,7171.89,0,2.28
683,2025-10-01,172.5,4.5,0,0,3,2,9791.51,8,
1096,2026-04-01,182.5,6.5,0,143,4,0,12864.77,4,4.06
349,2025-10-01,175.8,7.8,0,0,4,2,9452.89,2,3.16
1461,2025-09-01,170.9,10.9,0,68,3,2,14707.23,8,2.67
1263,2026-07-01,100.8,0,11057.89,30,1,2,5286.67,2,3.28
138,2026-05-01,178.1,10.1,0,100,4,0,13266.33,2,3.34
519,2026-03-01,185.1,9.1,0,140,3,0,12053.05,4,3.68
680,2026-06-01,165.1,5.1,0,0,5,2,9649.37,0,4.23
167,2025-09-01,165.6,13.6,0,0,3,3,8692.85,2,3.73
1086,2026-05-01,166.3,6.3,0,0,4,1,7043.66,2,3.28
1231,2026-04-01,179.1,3.1,0,0,4,0,6858.69,4,4.39
1476,2026-07-01,189.3,5.3,0,105,4,0,12674.49,0,3.65
31,2026-01-01,144,0,0,0,3,4,9760,6,2.94
1448,2025-11-01,96,0,0,57,2,0,6476.17,6,3.21
403,2026-06-01,164.8,4.8,0,0,4,2,7984.09,6,3.76
996,2026-07-01,194.4,10.4,0,0,4,0,10682.73,6,2.98
754,2025-12-01,205.5,21.5,0,0,5,0,10008.35,8,3.52
1346,2025-09-01,178.8,2.8,10121.58,32,1,0,6560.2,14,3.74
861,2026-04-01,184.6,8.6,0,0,7,0,8301.71,4,4.64
1046,2026-05-01,166.5,14.5,0,127,3,2,10157.46,0,4.03
652,2026-03-01,185.6,9.6,0,0,5,0,11022.29,10,3.12
634,2025-09-01,183.7,7.7,0,147,7,0,9944.06,6,4.12
1458,2026-05-01,169.1,9.1,0,0,5,1,15540.65,2,3.62
258,2025-09-01,189.3,13.3,0,129,4,0,12708.57,4,3.53
1033,2025-12-01,201.4,17.4,0,0,5,0,10679.85,6,3.04
890,2026-03-01,180.5,4.5,0,0,4,0,9590.82,12,3.45
1105,2026-02-01,96,0,0,43,2,0,6577.83,12,3.78
747,2025-09-01,184.2,8.2,0,0,6,0,8503.61,8,3.48
94,2025-12-01,196.1,20.1,31689.57,93,2,1,10001.6,0,2.92
1479,2025-12-01,197.8,13.8,0,0,5,0,11164.57,4,2.71
1028,2026-05-01,97,9,0,12,0,2,9848.81,10,3.34
1020,2026-06-01,168.4,8.4,0,0,3,2,16282.22,6,3.11
46,2026-06-01,183.5,7.5,23045.21,73,2,0,6604.18,4,3.35
290,2026-03-01,96,0,0,0,3,2,6069.5,6,4.09
375,2026-02-01,153.7,1.7,15635.93,51,2,1,6334.17,4,3.38
77,2026-04-01,181.1,5.1,0,0,6,0,14553.67,6,4.44
1304,2026-07-01,196.6,12.6,0,100,6,0,10373.21,6,3.3
1037,2026-06-01,182.9,6.9,0,0,3,0,9416.24,4,3.52
19,2026-07-01,181.4,5.4,0,0,5,1,5427.3,8,3.42
1244,2026-06-01,100.8,0,0,55,2,1,9861.67,2,2.92
1216,2026-05-01,173.6,13.6,0,0,5,1,7317.9,,3.75
1163,2025-11-01,175.3,15.3,0,0,5,0,7448.76,8,3.74
781,2026-04-01,177.6,9.6,0,0,4,1,13554.89,0,2.97
1255,2026-02-01,91.2,0,8675.24,30,1,1,3832.83,8,3.81
39,2026-03-01,179.1,3.1,0,0,5,0,7829.56,4,3.07
124,2025-10-01,191,7,0,0,6,0,6849.56,8,4.26
231,2025-11-01,168.6,16.6,30325.48,89,2,1,9731.92,4,3.14
729,2025-09-01,181.6,5.6,27749.76,58,2,0,9476.17,8,3.33
512,2025-11-01,91.2,0,0,0,3,1,5063,2,4.08
1339,2026-08-01,167.6,7.6,0,0,6,1,9795.13,8,4.85
1128,2025-09-01,176.7,8.7,0,0,5,1,7597.81,8,3.84
874,2025-11-01,179.1,19.1,36419.83,109,2,0,11610.16,4,4.18
930,2026-02-01,160,0,0,0,4,0,7401.33,4,5
1004,2026-05-01,174.8,6.8,0,0,5,0,6383.61,0,3.55
1141,2026-07-01,187.9,3.9,0,0,5,0,9133.01,8,
565,2026-02-01,163.1,3.1,0,0,3,0,8549.87,12,3.17
1398,2026-02-01,162.7,2.7,18382.02,47,2,0,8219.33,6,3.34
260,2026-05-01,173,5,0,0,5,0,10288.37,4,3.27
1148,2026-06-01,183,7,26143.46,76,2,0,11213.83,2,3.42
1038,2026-06-01,160.7,8.7,25413.86,71,2,3,6102.26,6,3.69
527,2026-02-01,139.7,3.7,0,77,4,3,11592.2,4,3.46
217,2025-10-01,199.2,15.2,0,128,4,0,18095.75,0,3.48
1444,2026-06-01,187.8,11.8,30624.41,77,3,0,11428.94,8,3.53
357,2026-05-01,176,8,0,0,4,0,7033.22,8,2.85
524,2026-08-01,180.6,12.6,0,81,3,0,12087.04,8,3.08
576,2026-06-01,189.1,13.1,0,0,5,0,10153.34,4,4.67
582,2026-08-01,77.9,5.9,12294.62,31,1,1,4765.36,4,3.9
603,2026-01-01,105.6,0,11892.03,34,1,0,4808.83,6,4.08
1195,2026-02-01,171,11,0,0,3,0,13205.46,,3.9
1040,2026-02-01,151.1,7.1,0,0,2,2,10370.47,6,2.88
824,2025-10-01,193.3,9.3,0,0,3,0,9007.61,6,3.3
889,2025-10-01,195,11,0,0,4,0,10544.33,6,4.05
738,2026-05-01,177.5,9.5,26471.32,69,2,0,6458.46,8,3.67
1285,2026-08-01,176.7,8.7,0,0,7,0,10024.74,2,4.27
694,2026-06-01,100.8,0,0,67,2,1,5581.5,8,3.35
333,2025-12-01,199.2,23.2,0,215,5,1,19302.03,0,3.59
857,2026-08-01,174,14,0,142,7,1,12880.19,4,4.8
323,2025-10-01,179.5,11.5,24961.35,83,2,2,7735.48,0,3.64
617,2026-02-01,140.8,4.8,0,0,4,3,9815.98,4,3.55
545,2026-01-01,176,0,0,0,4,0,11762.83,8,4.07
747,2026-04-01,186.4,10.4,0,0,4,0,8654.78,8,3.69
127,2025-10-01,187.3,11.3,0,0,5,1,7477.77,4,3.24
1327,2026-05-01,185,17,0,140,5,0,11219.17,2,3.74
659,2026-02-01,96,0,0,34,2,0,7767.33,12,2.95
964,2026-06-01,169.4,9.4,16023.16,52,1,2,11279.52,0,2.31
161,2026-02-01,152,0,13075.95,43,2,1,7594.5,4,3.18
1215,2026-01-01,168.8,0.8,18286.6,40,1,1,7728.97,4,2.96
722,2025-12-01,201.1,17.1,0,157,6,0,20016,4,3.32
634,2026-06-01,186.4,10.4,0,150,4,0,10161.89,0,4.28
401,2026-01-01,183.6,7.6,0,0,4,0,10336.9,6,2.98
503,2025-10-01,184.8,8.8,28358.51,89,3,1,11291.01,6,3.79
202,2025-11-01,176.3,16.3,0,0,5,0,8944.18,2,3.16
1018,2025-11-01,161,9,0,0,5,1,12931.02,4,3.71
948,2026-07-01,173.1,5.1,12754.4,42,2,2,8502.91,4,2.29
277,2025-11-01,166.4,14.4,0,0,3,1,11387.86,8,3.37
656,2025-11-01,169,17,0,125,4,1,12455.38,2,3.34
1085,2025-12-01,110.4,0,19166.02,53,1,0,5174.83,0,3.04
227,2026-08-01,154.8,2.8,0,0,4,2,10048.56,0,3.1
125,2026-03-01,151.6,7.6,18179.37,55,1,3,7302.73,6,2.94
766,2026-05-01,142.7,6.7,25616.64,87,2,4,10196.82,2,4.59
593,2026-05-01,158.8,6.8,15907.96,62,2,2,8310.53,6,3.05
1361,2026-02-01,91.2,0,0,0,3,1,5286.67,6,3.77
294,2026-08-01,171.2,3.2,0,0,2,0,8076.46,6,2.82
864,2026-08-01,177.2,9.2,0,106,4,0,11041.95,2,3.79
1350,2026-01-01,152,0,0,0,4,3,9180.5,,3.55
567,2026-04-01,184.2,8.2,0,0,4,0,7828.55,0,3.44
677,2025-11-01,174.1,14.1,35067.04,91,2,0,10426.18,2,3.91
922,2026-03-01,105.6,0,0,0,3,0,5164.67,8,
1121,2025-10-01,189.9,5.9,0,0,5,0,8399,4,3.35
1172,2026-07-01,159.6,7.6,0,0,5,4,7790.6,0,3.9
131,2026-03-01,184,8,0,0,4,0,6761.46,8,2.43
246,2025-10-01,199.7,15.7,0,0,7,0,17010.15,6,4
1487,2025-09-01,188.4,12.4,0,128,6,0,9715.33,2,3.97
141,2025-09-01,177.5,9.5,0,104,4,1,10596.65,0,3.13
450,2026-07-01,105.6,0,15476.94,40,1,1,4656.33,2,3.83
1427,2026-04-01,165.4,5.4,0,0,4,2,13823.65,8,2.96
97,2026-07-01,187.6,3.6,23312.58,69,4,0,8785.09,0,
684,2026-06-01,178.9,10.9,30330.98,100,3,1,11337.04,0,4.13
174,2026-01-01,180,4,18803.92,46,2,0,8435.91,6,3.23
971,2025-10-01,110.4,0,0,94,3,0,6669.33,2,4.75
457,2025-11-01,163.2,11.2,0,0,4,1,7181.92,8,3.13
358,2025-10-01,185.9,9.9,28746.57,81,2,1,10066.36,0,3.03
1106,2025-11-01,170.1,10.1,24671.09,85,1,0,6389.95,8,3.42
13,2026-06-01,174.5,6.5,0,0,4,1,11919.78,0,3.74
1216,2026-06-01,180.5,4.5,0,0,3,0,6802.3,2,3.3
228,2025-09-01,187.3,11.3,0,85,4,0,10826.02,2,3.01
199,2026-07-01,195.4,11.4,0,134,3,0,14565.22,2,3.75
1151,2026-02-01,163.2,3.2,0,0,6,0,9601.9,6,3.97
774,2026-06-01,188.9,12.9,37299.71,118,3,0,7730.31,8,4.48
151,2026-05-01,96,0,0,0,3,1,3395.67,6,3.56
1167,2026-05-01,180.7,12.7,0,0,6,0,12164.18,6,4.17
894,2026-04-01,183.1,15.1,0,88,5,1,9828.38,2,2.93
30,2026-06-01,159.2,7.2,31949.68,87,3,3,7668.09,2,4.21
324,2026-06-01,165.5,5.5,19266.03,59,2,2,6407.8,0,3.1
1389,2025-11-01,91.2,0,0,58,2,1,9170.33,4,3.02
1369,2026-06-01,178.4,10.4,25956.96,86,3,1,7391.47,6,4.14
497,2025-11-01,81.6,0,0,0,2,3,5276.5,6,3.11
402,2026-02-01,169,9,20263.48,59,3,0,9238.01,10,3.99
93,2026-06-01,170.2,10.2,0,0,5,2,10721.08,4,3.25
109,2026-06-01,150.2,6.2,0,0,2,4,6470.14,0,2.93
1,2026-08-01,175.6,7.6,0,0,3,0,4875.89,0,3.63
367,2026-02-01,137.2,1.2,17755.76,38,2,3,8002.08,4,3.42
1331,2025-12-01,202.7,18.7,0,0,4,0,9614.89,6,4.12
101,2025-11-01,166,14,0,0,5,1,7522.94,0,3.29
1318,2026-03-01,186.9,10.9,0,114,6,0,11159.03,12,3.8
1360,2026-07-01,192.4,8.4,0,109,7,0,10894.8,0,4.08
284,2025-11-01,167,7,33231.11,123,2,0,6005.87,0,4.39
1002,2026-03-01,168.6,8.6,0,0,3,2,7362.31,12,3.61
1359,2026-04-01,181.9,5.9,22284.25,78,3,0,7522.77,6,3.85
1066,2025-09-01,167.4,7.4,0,92,4,2,17741.07,6,3.73
1150,2026-05-01,179,11,23019.17,62,2,0,7671.64,4,3
762,2026-06-01,180.8,4.8,0,0,4,0,9921.87,2,2.54
1195,2026-08-01,160.8,8.8,0,0,4,2,12975.9,,3.67
644,2025-12-01,193.7,25.7,0,119,4,2,9779.23,2,2.42
1297,2026-03-01,184.7,8.7,0,0,5,0,10615.07,12,4.32
838,2025-09-01,105.6,0,0,78,3,0,8113,2,3.8
407,2025-09-01,158.7,6.7,19104.5,47,2,3,9110.45,8,3.17
1226,2026-04-01,177.9,9.9,0,0,4,1,9128.16,0,3.64
92,2025-12-01,197.4,21.4,0,257,5,1,13507.44,4,4.54
835,2026-05-01,166.5,6.5,0,0,2,1,11683.53,8,2.8
704,2026-05-01,86.4,0,0,44,1,3,5408.67,2,2.98
249,2026-05-01,100.8,0,0,69,2,0,5754.33,6,3.73
1133,2025-10-01,194,10,0,0,8,0,13266.82,8,4.73
1165,2026-06-01,183.3,7.3,0,0,3,0,8830.89,6,3.17
566,2026-06-01,184.2,16.2,0,133,5,1,17851.61,0,4.23
591,2026-06-01,177.3,9.3,0,0,5,1,8381.47,0,3.43
318,2026-02-01,154.7,2.7,14218.84,45,1,1,8323.37,10,3.07
1098,2026-07-01,110.4,0,0,0,3,0,4107.33,4,3.47
323,2026-03-01,167,7,25945.96,74,2,2,7461.51,10,3.71
4,2025-11-01,158.2,14.2,0,0,4,2,9132.79,0,4.36
1413,2025-09-01,172.3,4.3,18681.64,55,2,1,12959.79,6,2.81
510,2026-04-01,172,12,25570.6,75,3,2,7148.69,,3.83
972,2026-03-01,178,18,0,0,3,2,12079.33,6,3.95
884,2026-08-01,157.6,13.6,0,97,3,3,13419.95,8,3.52
1500,2026-05-01,177.9,9.9,0,0,5,0,13322.48,2,3.34
399,2025-09-01,145.9,1.9,12544.27,51,2,4,7957.05,8,3.28
214,2026-07-01,174.1,6.1,23086.58,60,2,2,9279.8,4,3.4
347,2026-01-01,177.8,1.8,0,0,3,0,7268.82,8,2.59
1153,2026-07-01,185.3,9.3,0,97,5,1,12951.18,8,3.31
3,2025-10-01,186.2,10.2,0,0,5,1,9404.46,0,4.31
772,2026-08-01,174.3,6.3,0,107,5,0,15438.16,0,
721,2026-08-01,178.2,10.2,0,0,4,0,13653.06,4,2.65
1282,2026-02-01,91.2,0,9512.02,36,1,1,5378.17,10,4.25
645,2026-01-01,172.7,4.7,22163.23,55,3,1,10294.51,8,3.99
123,2025-11-01,175,15,27502.03,76,1,0,6983.72,6,3.27
1239,2025-09-01,178.8,2.8,0,0,6,0,7736.87,,3.87
17,2026-07-01,24.6,0.6,0,0,0,0,689.44,4,4.45
738,2025-09-01,185.6,9.6,22477.48,75,3,0,6463.62,2,3.59
360,2026-02-01,162.5,2.5,0,0,3,0,10210.05,4,3.39
372,2026-06-01,182.6,6.6,0,0,5,0,10414.17,4,4.17
582,2026-02-01,164.2,4.2,25230.03,71,2,0,9366.67,4,4.2
1308,2026-02-01,86.4,0,0,0,2,2,6018.67,,2.88
1272,2026-02-01,163.8,3.8,0,0,3,0,8148.77,4,3.42
1334,2025-10-01,202.3,18.3,0,166,8,0,14367.59,2,4.33
1295,2025-10-01,178.8,10.8,0,107,4,2,13306.88,8,3.24
884,2025-11-01,180,20,0,166,4,0,14084.94,6,3.75
1132,2026-08-01,164.9,4.9,23846.31,74,2,1,9877.12,6,3.93
1066,2026-08-01,168.4,8.4,0,109,5,1,17885.36,4,3.51
973,2025-10-01,192.9,8.9,27732.6,91,2,0,9066.35,2,3.26
1177,2026-01-01,177.3,1.3,14082.63,40,2,0,7433.19,0,2.49
763,2026-06-01,191.2,15.2,0,128,6,0,14034.85,8,3.68
282,2025-11-01,91.2,0,0,81,3,1,9414.33,8,4.16
655,2025-09-01,176.7,8.7,0,0,4,1,13501.14,6,4.12
896,2026-03-01,173.1,5.1,0,0,6,1,8428.6,6,3.86
828,2026-03-01,170.9,2.9,21926.19,71,1,1,7618.34,10,3.37
469,2026-07-01,153.9,1.9,15341.39,45,1,4,9724.13,4,3.35
1031,2026-05-01,181.5,13.5,27431.81,69,3,0,8549.87,8,3.67
641,2026-06-01,165,13,32158.12,94,2,3,8980.47,0,4.23
437,2026-03-01,171.8,3.8,0,0,5,1,9471.9,4,3.74
400,2025-09-01,185.2,9.2,0,101,3,0,10076.05,6,3.22
1157,2025-10-01,193.1,9.1,0,0,2,0,12162.73,8,2.65
1089,2026-03-01,191.9,15.9,0,120,6,0,11149.2,10,3.83
819,2026-05-01,96,0,0,0,3,1,4463.17,2,3.36
149,2026-03-01,176.1,8.1,16874.12,60,1,1,7387.05,12,2.79
908,2026-02-01,165.8,5.8,0,0,4,0,7591.32,4,3.18
404,2025-09-01,175.3,7.3,27932.3,79,3,1,8133.27,2,4.24
571,2025-12-01,194.9,26.9,0,143,3,2,11856.55,4,2.85
585,2025-11-01,179,19,0,0,4,0,13033.97,8,3.8
717,2026-01-01,176,0,19627.19,46,3,0,6950,6,3.46
495,2026-08-01,148.5,4.5,0,0,3,3,10615.39,0,2.82
646,2026-03-01,105.6,0,0,0,2,0,4229.33,8,3.1
1345,2025-11-01,158.4,14.4,0,0,2,2,8918.2,8,3.09
631,2026-03-01,100.8,0,14146.28,35,1,1,5042.67,10,3.56
149,2025-11-01,178,18,23676.14,76,1,0,7978.47,4,2.66
194,2025-11-01,174.9,14.9,0,102,3,0,13979.69,2,2.84
1045,2026-05-01,174.7,6.7,0,0,4,0,8056.35,0,4.04
965,2026-06-01,105.6,0,19633.09,54,2,0,6242.33,0,4.35
621,2025-12-01,209.2,25.2,0,166,5,0,13609.78,0,2.95
1149,2026-04-01,182.1,6.1,19619.13,59,1,0,7321.09,4,2.59
102,2026-03-01,184.5,8.5,0,0,5,0,13883.25,8,3.7
1315,2026-08-01,177,9,0,0,6,0,12657.06,8,
1177,2025-10-01,183.5,7.5,17131.24,52,2,1,7827.58,2,2.17
1245,2026-05-01,172,4,17216.31,50,2,0,8351.76,4,2.14
1172,2025-10-01,188.3,20.3,0,0,5,2,8593.97,6,3.81
59,2026-05-01,173.7,13.7,0,0,7,1,8415.28,2,4.48
924,2026-05-01,173,5,0,0,5,0,12653.64,6,4.29
396,2026-05-01,181,13,0,71,2,0,19125.91,0,1.87
731,2026-06-01,179.6,11.6,24661.43,89,2,1,9632.22,0,3.56
880,2025-11-01,162.9,10.9,0,0,3,1,8299.74,2,3.26
948,2026-05-01,162.7,10.7,13616.92,48,1,2,8897.56,0,2.15
463,2026-04-01,181.2,13.2,0,161,8,1,14760.4,0,4.67
1355,2026-01-01,160,0,13882.69,38,2,2,10431,4,3.16
493,2026-05-01,164.1,12.1,24070.7,87,2,2,7423.85,6,3.95
541,2026-06-01,184.9,8.9,0,0,4,0,8332.72,6,3.26
1115,2025-12-01,204.6,20.6,0,0,3,0,7067.65,8,3.21
27,2026-08-01,168,0,0,0,4,0,7218.33,0,3.45
1495,2026-01-01,171.2,3.2,0,0,4,1,11127.34,6,3.81
1252,2026-05-01,180.6,12.6,0,119,4,0,11636.03,2,3.35
871,2025-12-01,197.1,13.1,0,0,7,0,9711.89,0,3.94
1396,2026-01-01,172.9,4.9,0,0,3,1,11159.45,4,3
944,2026-07-01,192.4,8.4,0,0,7,0,12127.14,4,3.82
18,2025-10-01,178.5,18.5,0,106,3,3,9789.28,4,2.9
883,2025-09-01,175.2,7.2,30409.32,77,3,1,8024.5,2,4.47
542,2026-06-01,184.5,8.5,0,0,5,0,10707.13,8,2.94
1372,2025-09-01,189.7,13.7,0,97,3,0,14340.1,2,2.63
147,2026-07-01,178.3,2.3,0,0,5,1,9860.94,4,3.66
1272,2025-10-01,195,11,0,0,6,0,8640.34,4,3.69
534,2026-08-01,174.4,6.4,18519.24,64,2,0,9516.05,8,3.31
39,2026-02-01,152,0,0,0,2,1,7625,8,2.79
530,2025-12-01,200.2,16.2,43267.13,114,2,0,11893.35,0,3.43
1309,2026-01-01,177.3,1.3,0,0,4,0,8944.51,0,3.67
849,2026-06-01,173.6,13.6,0,138,3,2,10874.59,2,3.63
819,2026-06-01,105.6,0,0,0,2,0,4463.17,0,3.6
432,2026-04-01,105.6,0,0,0,2,0,4046.33,2,3.84
383,2026-01-01,181.7,5.7,0,0,5,0,7883.77,8,4.25
878,2026-05-01,181.7,13.7,0,0,4,0,11451.61,6,2.96
958,2026-06-01,186.2,10.2,0,0,7,0,7457.18,2,3.91
917,2025-11-01,172.7,12.7,0,0,4,0,10245.89,6,3.07
1015,2026-05-01,183.3,15.3,0,126,4,0,10568.73,8,3.45
10,2026-07-01,56,0,0,0,1,2,4336.3,4,2.66
1315,2026-07-01,188,4,0,0,4,0,12148.97,2,3.98
1434,2026-01-01,153.8,1.8,0,0,2,3,9106.68,6,2.93
687,2025-09-01,183.5,7.5,19828.28,60,2,0,11172.97,0,2.66
1334,2025-09-01,178.5,10.5,0,131,6,1,13530.37,8,3.76
946,2026-02-01,148.2,4.2,0,0,4,2,9024.85,10,3.53
176,2026-04-01,179.1,11.1,0,0,4,1,9070.61,2,2.66
686,2026-08-01,172,4,0,0,4,0,7573.38,4,3.51
1498,2026-05-01,169.7,9.7,0,0,3,1,8375.26,2,2.9
448,2026-05-01,175.4,7.4,0,0,2,0,8773.17,8,2.55
1290,2026-06-01,188.7,12.7,0,0,5,0,8519.44,2,
842,2026-02-01,155.3,3.3,13739.93,47,2,1,8323.77,6,2.78
682,2026-02-01,165.6,5.6,0,0,4,0,8292.98,12,4.64
675,2025-12-01,198.2,22.2,0,194,6,1,16992.02,8,4.22
1241,2025-11-01,155.6,19.6,22900.04,82,1,3,9025.34,6,3.51
583,2025-12-01,204.9,20.9,52467.81,163,4,0,8920.06,0,4.68
955,2026-03-01,178.4,10.4,23408.83,58,2,1,6815.22,10,3.19
1238,2025-11-01,175.2,15.2,39668.62,125,2,0,10606.66,4,4.26
1441,2026-02-01,161.6,1.6,16430.61,49,2,0,6741.06,,3.43
1224,2026-01-01,164.5,4.5,0,0,4,2,14069.36,0,2.97
188,2025-12-01,202.3,18.3,33262.14,108,2,0,9810,6,3.42
171,2026-01-01,179.5,3.5,20551.67,62,3,0,8264.46,4,4.19
568,2025-09-01,183.4,7.4,24498.79,73,2,0,7842.85,4,3.44
131,2026-06-01,184,8,0,0,4,0,6761.46,8,2.43
1258,2026-04-01,183.1,7.1,0,0,5,0,9776.95,4,3.43
829,2025-12-01,204.3,20.3,0,210,5,0,16733.75,6,3.87
699,2026-02-01,171,11,26364.28,73,2,0,11958.4,12,4.54
920,2026-04-01,166.1,6.1,0,0,6,2,10521.39,6,4.02
714,2026-08-01,158.4,6.4,22941.12,84,3,2,11974.39,8,4.75
1313,2026-01-01,177.8,1.8,0,0,5,0,7970.92,4,2.97
149,2025-10-01,195.6,11.6,23489.57,73,2,0,7596.14,2,2.87
564,2026-08-01,171.6,3.6,20728.62,62,2,0,7561.79,4,
219,2026-07-01,194,10,0,0,6,0,8340.09,4,3.51
168,2026-03-01,177.8,9.8,0,0,4,1,10411.26,6,3.67
267,2026-08-01,141,5,15198.57,42,2,4,8729.21,2,3.11
1289,2026-02-01,168.3,8.3,0,65,4,0,10530.7,12,2.75
930,2026-03-01,171.7,3.7,0,0,4,1,7638.32,6,4.84
142,2026-08-01,151.3,7.3,21409.4,62,2,3,6377.27,6,
1110,2026-08-01,173.3,5.3,27387.58,92,3,0,10473.47,8,4.68
544,2026-05-01,179,11,0,0,5,0,9853.99,4,3.61
1208,2026-02-01,165.8,5.8,21795.68,77,2,0,8669.69,12,4.69
953,2026-08-01,172.9,4.9,0,83,4,0,9898.32,2,3.01
130,2026-07-01,110.4,0,12626.48,42,2,0,6130.5,0,3.69
143,2026-08-01,171.8,3.8,0,0,7,0,6563.12,8,5
112,2026-07-01,190.1,6.1,0,0,4,0,9322.62,8,3.4
189,2025-11-01,173.4,13.4,29303.94,93,3,0,8974.38,6,3.55
775,2026-07-01,177.2,1.2,0,0,3,1,10374.97,2,3.4
1483,2025-11-01,166.9,14.9,0,0,4,1,9193.54,4,3.51
718,2026-04-01,100.8,0,16150.16,54,1,1,6171.17,2,4.04
1421,2026-04-01,159.1,7.1,0,84,4,3,16701.09,4,2.88
1211,2026-08-01,161.1,1.1,0,0,5,1,9586.06,6,3.41
723,2025-12-01,199.5,15.5,0,0,5,0,9155.11,4,2.83
906,2026-06-01,182.8,6.8,0,0,5,0,8407.41,2,4.11
701,2026-02-01,169.7,9.7,0,99,4,0,11989.85,6,3.69
277,2026-05-01,164.1,4.1,0,0,4,1,10485.28,6,3.58
230,2025-11-01,167.6,7.6,0,0,5,0,8490.63,6,3.78
657,2026-05-01,174.2,14.2,0,0,5,1,8607.66,2,3.24
1242,2026-04-01,185.6,9.6,0,120,5,0,12486.79,6,3.31
491,2026-06-01,172.5,12.5,0,0,5,2,9677.86,8,3.1
174,2026-02-01,162.2,2.2,17043.55,41,2,0,8308.9,8,3.13
800,2025-10-01,195.4,11.4,0,0,5,0,12186.09,0,4.4
923,2026-08-01,167.9,7.9,19791.34,62,1,1,7776.99,8,3.23
629,2026-05-01,178.7,10.7,0,78,2,0,10408.25,8,2.47
162,2026-07-01,172.7,4.7,0,0,3,2,11204.41,0,
860,2025-11-01,96,0,0,83,3,0,7431.83,6,4.29
592,2025-11-01,173.9,21.9,0,181,6,1,11808.36,0,4.12
572,2025-09-01,185.4,9.4,0,0,6,0,9487.55,8,3.77
1222,2025-11-01,180.1,20.1,0,131,3,0,14513.06,8,3.51
42,2025-11-01,163.1,19.1,0,102,3,2,11728.63,8,2.66
393,2025-12-01,194.3,18.3,30361.61,77,2,1,9951.32,8,2.77
1271,2026-08-01,161.2,9.2,19507.53,71,1,2,8736.97,6,3.83
1398,2025-10-01,186.1,10.1,21964.54,68,2,1,8733.67,6,3.2
21,2025-12-01,202.4,18.4,43892.53,154,3,0,6482.03,2,4.52
819,2026-01-01,100.8,0,0,0,3,1,4463.17,0,3.46
1079,2026-01-01,181.7,5.7,17525.34,53,2,0,6070.18,2,3.13
161,2026-06-01,158.7,14.7,22860.35,63,2,4,8560.61,0,3.04
1106,2025-12-01,186.1,18.1,28133.78,111,2,2,6796.77,2,3.07
1086,2026-02-01,163.8,3.8,0,0,4,0,6899.15,8,3.59
1022,2026-07-01,184,0,0,0,4,0,8682.33,2,3.5
1377,2026-05-01,165.3,5.3,0,0,4,1,10430.94,8,4.2
1177,2025-12-01,206.4,22.4,31441.5,96,2,0,8775.37,2,2.46
769,2026-02-01,146,2,15513.99,54,1,2,8429.24,10,3.62
43,2026-01-01,160,0,0,0,4,2,6303.33,6,3.46
307,2026-05-01,178,10,23536.51,72,2,0,8008.69,,3.57
673,2026-07-01,110.4,0,17374.19,47,1,0,5225.67,0,4.12
1023,2026-06-01,186.5,10.5,0,0,5,0,9382.53,0,3.7
882,2026-03-01,105.6,0,0,67,2,0,6201.67,12,4.13
873,2025-11-01,173,13,0,0,4,0,10790.14,0,3.8
1046,2025-12-01,187.5,19.5,0,215,5,2,10547.97,2,3.97
1496,2025-12-01,207.4,23.4,0,162,5,0,16809.95,8,3.58
858,2026-08-01,100.8,0,0,49,2,0,10675,6,3.31
944,2025-10-01,188.9,12.9,0,0,5,1,12567.4,0,3.42
987,2026-05-01,174.7,6.7,26190.86,68,2,0,7249.64,8,3.46
416,2026-03-01,100.8,0,0,0,2,1,4229.33,4,3.47
638,2025-12-01,208.8,24.8,0,244,6,0,8390.97,,3.97
443,2026-06-01,175.2,7.2,31722.31,81,2,1,11912.54,0,4.15
429,2026-08-01,174.2,6.2,0,0,6,0,10476.48,2,3.77
1238,2026-04-01,155.5,11.5,28360.04,75,2,4,10306.53,2,4.1
1218,2026-06-01,183.6,7.6,25060.59,85,2,0,7021.29,0,
327,2025-12-01,200.7,16.7,0,0,4,0,9599.66,4,3.17
732,2026-05-01,172.6,4.6,0,0,4,0,7373.97,6,3.67
802,2026-01-01,182.4,6.4,21929.84,65,2,0,6856.31,8,4.03
1100,2025-10-01,203.2,19.2,0,146,7,0,17712.71,4,3.7
1289,2026-08-01,174.1,14.1,0,76,4,1,11023.84,4,2.96
1213,2025-11-01,154,10,0,0,4,2,10262.17,2,3.25
1118,2026-08-01,151.1,7.1,0,0,4,3,9496.37,0,
525,2025-12-01,207.4,23.4,0,186,4,0,11834.2,2,3.27
98,2025-11-01,96,0,0,0,2,0,6222,8,2.97
1116,2026-08-01,154.7,2.7,0,0,3,2,7022.84,4,2.97
1169,2026-08-01,169.8,9.8,18840.79,54,1,1,8911.33,0,3.21
840,2025-10-01,184.4,8.4,32991.25,80,2,1,8550.07,4,3.82
1136,2026-04-01,184.5,8.5,0,0,5,0,8266.39,2,3.48
962,2026-01-01,168,0,15796.33,47,2,1,8316.33,4,3.39
727,2026-03-01,171.1,11.1,0,140,6,2,11711.56,6,
538,2026-03-01,181.3,5.3,0,0,4,0,9442.07,8,3.14
5,2026-02-01,157.1,5.1,0,0,5,1,8173.83,12,3.63
1302,2026-05-01,171.6,11.6,0,102,5,1,13536.56,4,3.47
1489,2025-11-01,160.7,16.7,0,0,4,2,8924.77,2,
172,2026-03-01,170.1,10.1,25850.85,84,2,2,8678.39,8,4.23
384,2026-01-01,176.7,8.7,0,77,5,1,9565.59,6,3.75
71,2026-08-01,181.5,13.5,0,0,5,0,14624.48,0,3.01
930,2025-10-01,193.1,9.1,0,0,5,0,7984.19,2,4.94
1167,2026-01-01,169.2,1.2,0,0,5,1,11073.48,2,3.93
1245,2026-06-01,185.8,9.8,16031.58,51,1,0,8756.93,6,2.11
366,2025-10-01,186.6,10.6,22961.51,71,2,1,8923.81,0,3.2
1206,2025-12-01,184.8,16.8,0,0,5,2,13065.4,6,3.74
159,2026-04-01,182.3,6.3,0,0,4,0,9541.64,6,3.6
505,2026-02-01,160,0,0,0,3,0,8031.67,10,3.5
487,2025-12-01,191.8,15.8,0,0,5,1,11568.32,0,3.17
966,2026-02-01,155.8,3.8,21118.49,50,2,1,8369.29,8,3.93
282,2025-10-01,110.4,0,0,82,3,0,9414.33,8,4.43
1339,2026-06-01,188.4,12.4,0,0,5,0,10176.9,0,4.65
393,2025-11-01,177.2,17.2,31193.18,88,1,0,9869.55,2,2.92
1045,2026-06-01,190.1,14.1,0,0,6,0,8543.99,8,3.74
970,2026-06-01,185.3,17.3,0,101,5,1,13173.2,4,2.94
278,2026-08-01,170.5,2.5,0,0,5,0,11446.05,4,4.24
1055,2026-04-01,105.6,0,11657.87,42,1,0,4087,2,3.21
1018,2026-04-01,184.9,8.9,0,0,6,0,12920.64,6,3.74
84,2026-01-01,171.9,3.9,0,87,4,1,19874.02,0,3.97
332,2025-10-01,195.1,11.1,0,0,3,0,9170.9,6,3.71
210,2026-02-01,156.3,4.3,0,0,3,1,9954.46,12,3.19
1387,2026-02-01,166.2,6.2,0,0,5,0,8151.94,10,4.08
1108,2026-04-01,190.5,14.5,0,0,3,0,9588.72,6,3.6
367,2026-04-01,175.8,7.8,,79,3,1,8454.42,6,
365,2026-05-01,164.6,4.6,0,0,3,1,6797.4,8,2.75
1405,2025-12-01,203.5,19.5,0,0,4,0,8971.13,6,3.75
9,2026-05-01,173.7,13.7,23788.56,76,2,1,11599.44,6,3.73
1290,2026-03-01,183.6,7.6,0,0,3,0,8180.67,12,3.12
189,2026-07-01,187.8,3.8,25850.18,79,3,0,8306.29,0,3.99
1057,2025-10-01,195.5,11.5,0,0,5,0,8506.8,0,3.98
379,2026-02-01,159.4,7.4,16104.76,44,1,1,7669.77,12,3.22
103,2026-03-01,167.4,7.4,0,101,5,2,11326.16,4,3.47
1193,2025-09-01,100.8,0,11585.49,36,1,1,4097.17,8,3.67
1186,2026-04-01,189.2,13.2,0,0,3,0,10376.46,4,2.76
1445,2025-12-01,196.6,20.6,39417.51,125,2,1,12482.19,4,3.32
680,2026-03-01,178.1,2.1,0,0,6,0,9409.45,8,4.2
1084,2026-05-01,175.6,7.6,23090.48,67,2,0,8711.6,0,3.37
251,2025-10-01,185.9,9.9,25620.42,77,2,1,9602.78,8,3.3
665,2026-08-01,167.7,7.7,0,0,6,1,9954.9,8,4.36
1047,2026-03-01,182.5,14.5,0,0,5,1,12312.01,8,4.47
870,2026-05-01,180.2,12.2,0,0,5,0,8826.19,6,4.05
191,2026-03-01,160.9,8.9,0,0,5,3,6854.51,10,3.55
1132,2026-06-01,187.2,11.2,30651.64,84,2,0,10393.71,6,3.56
1079,2025-12-01,201.6,17.6,36687.11,117,3,0,6665.91,8,3.1
328,2025-11-01,166.7,14.7,0,122,4,1,12743.5,4,3.7
1061,2026-02-01,91.2,0,0,0,3,1,4137.83,8,4.66
898,2025-09-01,163,11,0,99,5,3,10021.01,4,3.8
1116,2025-11-01,171.1,11.1,0,0,4,0,7521.7,4,2.82
229,2025-12-01,193.3,17.3,0,0,4,1,10332.84,8,3.81
1109,2026-08-01,180.5,12.5,0,0,4,0,8528.68,0,3.76
283,2026-04-01,184.4,8.4,0,0,4,0,10196.83,0,3.29
487,2025-11-01,152.3,8.3,0,0,4,2,10907.8,0,3.14
1385,2026-08-01,164.8,4.8,27744.26,78,2,1,12971.49,4,3.78
348,2026-02-01,91.2,0,0,45,3,1,7808,12,3.96
368,2026-08-01,177.8,9.8,0,91,4,0,12617.04,4,
208,2026-07-01,186.2,2.2,0,0,6,0,6620.18,6,3.48
499,2026-01-01,105.6,0,9096.5,28,1,0,4859.67,,3.19
507,2026-05-01,174.8,6.8,24626.02,84,2,0,7643.1,6,3.53
1302,2026-08-01,175.5,15.5,0,108,6,1,13951.75,2,3.48
376,2026-08-01,174.5,6.5,0,0,5,0,9578.78,2,3.51
653,2025-10-01,111.4,7.4,2592.94,7,0,2,7070.33,8,2.81
314,2025-09-01,105.6,0,12084.05,29,1,0,5571.33,2,2.75
28,2025-12-01,198.1,14.1,0,0,6,0,12661.99,8,4.79
228,2026-07-01,195.2,11.2,0,112,5,0,10817.49,2,3.15
723,2025-11-01,173.7,13.7,0,0,3,0,9029.37,8,3.2
119,2026-07-01,174.6,6.6,0,0,7,2,9831.17,6,4.47
492,2026-07-01,179.4,3.4,13750.88,45,1,1,8226.12,4,2.17
1467,2026-08-01,177.4,9.4,0,0,3,0,8443.15,4,4.05
67,2025-10-01,186.1,10.1,0,0,5,1,14780.9,0,3.63
304,2026-05-01,182.7,14.7,0,0,7,0,9156.53,4,3.92
1299,2025-12-01,204.7,20.7,0,187,5,0,12204.04,8,3.93
320,2026-06-01,188.2,12.2,26545.8,79,2,0,8047.86,4,3.34
1128,2026-06-01,185,17,0,0,4,1,8105.33,2,3.56
810,2026-06-01,100.8,0,0,0,3,1,7919.83,4,4.53
822,2026-08-01,172.6,4.6,0,123,3,0,16121.35,2,3.66
825,2026-07-01,185.1,9.1,0,97,6,1,16856.73,0,
139,2026-01-01,172.2,4.2,0,0,4,1,10104.2,2,3.32
112,2026-06-01,188.6,12.6,0,0,4,0,9820.72,2,3.59
945,2026-02-01,166.3,6.3,0,85,4,0,11332.04,,3.92
1181,2026-01-01,171.9,3.9,0,0,5,1,7798.27,0,4.32
820,2026-01-01,176.6,0.6,15601.78,55,2,0,6558.88,0,2.99
1199,2026-04-01,190.2,14.2,0,0,6,0,13219.72,2,3.39
317,2025-09-01,160.2,8.2,0,0,2,3,11519.62,0,2.39
587,2025-12-01,204.8,20.8,44040.76,127,3,0,14587.95,8,3.54
662,2026-08-01,169.6,1.6,0,0,3,0,8184.1,8,3.74
983,2026-06-01,183.7,15.7,0,156,7,1,17287.3,0,4.12
1441,2026-04-01,183.8,7.8,27059.7,67,3,0,7097.81,0,3.47
918,2026-04-01,181,5,22182.25,67,2,0,9789.86,4,3.65
425,2026-02-01,152,0,0,0,3,1,8855.17,8,2.61
393,2026-01-01,156.8,4.8,16374.41,37,2,3,8947.68,0,2.99
772,2026-07-01,162,10,0,83,4,4,15906.92,2,2.86
1218,2025-10-01,185.3,9.3,29570.21,77,2,1,7118.21,4,3.46
1394,2025-10-01,192.2,8.2,0,0,6,0,8852.03,2,4.11
298,2026-07-01,188.3,4.3,20572.71,85,2,0,9216.32,0,
346,2025-11-01,172.5,12.5,0,0,5,0,11491.75,8,3.53
1307,2026-02-01,160,0,0,0,5,0,13521.67,4,3.3
373,2025-12-01,198.7,14.7,50135.35,112,2,0,9855.59,8,3.84
363,2026-07-01,189.3,5.3,0,0,4,0,10771.19,6,4.22
1010,2025-09-01,105.6,0,0,0,2,0,6354.17,8,4.03
244,2026-01-01,184.9,8.9,0,0,5,0,8705.01,6,3.21
878,2026-01-01,166.3,6.3,0,0,5,2,10795.99,2,3.06
785,2025-09-01,178.6,10.6,31591.47,81,3,1,14617.73,0,4.28
29,2025-10-01,186.3,10.3,0,0,7,1,5536.43,4,4.75
1359,2025-11-01,165.4,5.4,28558.01,94,3,0,7491.8,8,3.79
1001,2026-06-01,152.8,8.8,27182.1,70,1,4,7317.85,6,3.86
301,2025-09-01,168,0,0,0,3,1,8275.67,4,2.91
1265,2026-01-01,168.2,0.2,0,0,3,1,8371.46,8,2.92
557,2026-03-01,182.8,6.8,33980.25,78,2,0,11044.82,4,3.85
1310,2026-07-01,183.4,7.4,0,0,4,1,8243.11,0,3.52
919,2026-05-01,173.6,5.6,0,0,5,0,10169.03,4,3.24
479,2025-12-01,203.6,19.6,38290.38,118,2,0,7978.92,6,3.71
1497,2025-11-01,176.8,16.8,31027.79,94,2,0,9106.19,0,3.62
808,2025-12-01,110.4,0,0,0,3,0,4188.67,4,3.33
367,2025-11-01,158.5,14.5,27244.21,69,2,2,8913.62,8,3.21
229,2026-05-01,175.2,7.2,0,0,4,0,9547.31,0,3.59
1268,2026-01-01,172.2,4.2,0,65,3,1,10367.61,2,2.52
536,2026-02-01,96,0,0,52,3,0,7533.5,8,3.76
544,2026-03-01,185.7,9.7,0,0,5,0,9752.77,8,3.24
1426,2025-10-01,194.3,10.3,0,0,5,0,9423.01,2,3.38
265,2026-03-01,190.3,14.3,0,70,2,0,15446.32,8,2.26
279,2025-10-01,197.1,13.1,0,115,3,0,13696.25,2,2.6
157,2026-08-01,100.8,0,11697.95,34,1,0,3975.17,4,3.15
1426,2025-11-01,174.9,14.9,0,0,6,0,9767.42,8,3.75
1141,2025-12-01,204.1,20.1,0,0,5,0,10371.58,0,3.29
650,2025-09-01,179.6,11.6,22148.18,69,2,1,8849.11,4,3.32
687,2026-06-01,178.3,10.3,25747.88,79,2,1,11427.2,,3.09
815,2026-05-01,180.2,12.2,38622.02,116,4,0,11959.39,8,4.85
1007,2026-08-01,149.8,5.8,20685.76,53,1,3,9833.48,8,3.64
1280,2025-11-01,171.4,11.4,0,0,4,0,9840.46,4,
933,2025-12-01,181,21,32557.83,85,2,3,11713.91,0,3.1
1413,2026-08-01,168.3,8.3,20147.92,51,2,1,13392.3,2,3.04
91,2026-07-01,192.2,8.2,16082.35,49,3,0,8884.7,8,
896,2025-11-01,175.8,15.8,0,0,4,0,9176.07,6,4.2
917,2025-12-01,203,19,0,0,5,0,10749.18,4,3.15
272,2025-11-01,176.1,16.1,0,0,5,0,11861.15,2,3.89
1320,2025-09-01,184.5,8.5,19897.74,63,2,0,9910.37,6,3.35
1479,2026-01-01,173.1,5.1,0,0,4,1,10413.68,4,2.96
323,2025-12-01,207.6,23.6,41348.76,152,3,0,8472.16,6,3.82
980,2025-10-01,178.9,2.9,19394.81,76,2,1,10390.55,6,2.96
859,2026-02-01,144,0,18450.72,55,2,2,6333.83,6,3.79
495,2025-09-01,185.3,9.3,0,0,3,0,11039.81,8,3.1
1131,2025-11-01,174.3,22.3,0,0,5,1,7859.36,4,4.4
949,2026-02-01,164.6,4.6,0,0,5,0,5898.83,10,4.15
747,2026-02-01,155.2,3.2,0,0,5,1,8160.05,10,3.48
819,2026-02-01,96,0,0,0,2,0,4463.17,10,3.32
258,2026-06-01,186.9,10.9,0,128,6,0,12471.86,,3.43
1483,2026-05-01,171.1,11.1,0,0,5,1,8925.75,8,3.46
423,2025-11-01,175.7,15.7,0,153,3,0,12067.62,6,3.53
1465,2026-06-01,185.8,9.8,20299.63,43,2,0,10190.68,2,2.08
1467,2026-03-01,171.3,3.3,0,0,6,1,8030.98,10,4.1
1047,2026-07-01,184,0,0,0,5,0,10939.33,0,4.38
391,2026-06-01,190.3,14.3,0,0,6,0,9002.74,2,4.08
1381,2026-07-01,193.3,9.3,0,0,2,0,8172.76,6,
677,2026-04-01,180,4,23132.92,72,2,0,9613.99,4,3.55
499,2026-02-01,86.4,0,8458.61,22,1,2,4859.67,4,2.94
745,2026-04-01,179.7,3.7,0,0,6,0,10964.34,2,3.77
1088,2026-04-01,189.5,13.5,0,74,3,0,11933.48,6,2.03
1452,2025-10-01,196.4,12.4,0,161,5,0,9084.91,6,3.81
1354,2025-12-01,190,14,0,0,4,1,8981.94,2,3.4
1395,2025-10-01,201,17,0,107,4,0,16863.74,,2.86
1215,2026-08-01,167.8,7.8,18281.13,54,2,1,8193.95,0,2.89
662,2026-06-01,187.8,11.8,0,0,4,0,8896.64,4,3.48
896,2026-04-01,183,7,0,0,6,0,8561.33,4,4.11
1010,2026-07-01,110.4,0,0,0,3,0,6354.17,8,3.87
645,2025-10-01,192.1,8.1,28895.62,94,3,0,10585.57,4,3.79
635,2025-09-01,174.4,6.4,15143.48,52,2,1,8416.69,8,2.59
871,2025-10-01,178.4,10.4,0,0,5,2,9508.07,2,3.85
1058,2026-05-01,169.9,9.9,22492.42,79,3,1,9210.13,2,3.63
809,2026-06-01,175.9,7.9,0,0,3,1,6234.62,4,3.93
279,2026-01-01,184,8,0,69,4,0,13153.32,8,2.84
517,2025-09-01,174.4,6.4,0,0,3,1,13980.86,0,2.47
1058,2025-12-01,204,20,49690.91,117,3,0,9951.6,2,3.94
728,2026-05-01,166.6,6.6,0,0,3,1,9210.47,2,3.2
947,2025-11-01,169.6,9.6,0,0,4,0,7300.48,2,3.12
15,2025-09-01,180.1,12.1,0,123,7,1,4717.12,0,4.2
1051,2026-01-01,160,0,0,0,4,2,8224.83,2,2.93
276,2026-03-01,185.7,9.7,0,106,4,0,15972.06,10,3.56
940,2026-07-01,191.1,7.1,0,0,6,0,8061.12,6,4.29
90,2026-02-01,157.6,5.6,13334.15,45,2,1,10915.18,6,2.68
928,2026-02-01,164.5,4.5,0,0,3,0,8545.13,10,2.91
1409,2026-05-01,168.8,8.8,0,0,5,1,8369.79,0,3.67
1464,2025-10-01,184.6,8.6,0,126,5,1,9448.66,2,3.68
133,2026-02-01,161,9,0,62,3,1,14509.05,12,3.1
659,2026-04-01,105.6,0,0,51,1,0,7767.33,6,2.72
949,2026-01-01,168,0,0,0,4,1,5673,8,4.44
1493,2026-02-01,167,7,0,0,5,0,8895.59,8,4.02
627,2025-10-01,184.1,16.1,0,141,4,2,18126.71,4,4.2
945,2025-09-01,178,10,0,123,3,1,11676.12,8,3.81
976,2025-11-01,177.5,17.5,0,144,4,0,17957.51,6,3.78
927,2025-09-01,160.6,8.6,0,0,5,3,8957.11,4,3.82
379,2026-07-01,187.3,11.3,21332.57,63,1,1,7913.04,2,
399,2026-05-01,170,10,20731.36,72,2,1,8505.79,4,3.62
130,2026-08-01,96,0,13105.69,39,1,1,6130.5,4,3.89
598,2026-08-01,161.3,9.3,20150.12,62,2,2,12072.39,4,3.21
6,2026-02-01,139.9,3.9,0,0,3,3,11455.67,4,4.05
127,2026-01-01,167.2,7.2,0,0,4,2,7236.09,0,2.98
800,2026-08-01,42.4,2.4,0,0,1,0,2871.28,2,4.45
1173,2025-11-01,175,15,26269.18,90,1,0,7247.9,2,3.54
489,2026-02-01,163.8,3.8,18970.21,57,2,0,7025.16,6,4.15
604,2026-07-01,165.8,5.8,0,85,6,3,12983.18,6,3.72
402,2026-04-01,185.8,9.8,31858.61,107,3,0,9297.34,6,4.36
1422,2026-02-01,156.7,4.7,0,0,5,1,7808.17,6,4.5
1409,2026-07-01,178.1,2.1,0,0,4,1,7918.84,8,
252,2026-03-01,168.3,0.3,0,0,4,1,6635.68,10,3.13
1325,2025-09-01,182.1,6.1,20977.9,60,2,0,8551.98,6,3.39
976,2025-11-01,177.5,17.5,0,144,4,0,17957.51,6,3.78
526,2025-09-01,162,10,0,0,4,3,7445.32,4,4.05
923,2025-10-01,167.1,7.1,25310.25,65,2,3,7726.59,2,3.22
1278,2026-03-01,175.8,7.8,0,0,3,1,8714.89,12,2.79
1068,2026-05-01,166.4,6.4,32831.71,79,1,1,10965.8,2,3.88
210,2026-05-01,163.9,3.9,0,0,3,1,9921.24,2,3.17
985,2026-03-01,167.8,7.8,0,0,3,2,9561.42,6,3.18
716,2026-02-01,161.6,1.6,0,0,2,0,8163.49,10,3.19
526,2025-10-01,194.9,10.9,0,0,8,0,7498.69,2,4.61
306,2026-06-01,165.3,13.3,0,76,2,3,11348.15,4,2.66
700,2025-11-01,158.6,14.6,0,0,5,2,11027.49,6,3.45
530,2025-09-01,188.9,12.9,24242.38,71,2,0,11595.46,8,3.42
1047,2026-06-01,166,6,0,0,4,2,11507.34,6,4.23
1407,2026-04-01,171.9,11.9,0,107,4,2,14544.09,2,3.47
1298,2026-07-01,158,6,0,0,4,4,15699.6,2,4.68
101,2025-09-01,184.9,8.9,0,0,4,0,7226.8,4,
1162,2025-12-01,208.5,24.5,0,153,3,0,19148.69,6,3.11
465,2025-10-01,110.4,0,16870.78,41,1,0,5256.17,2,3.28
634,2025-10-01,185.3,9.3,0,168,7,1,10073.14,4,4.1
825,2026-03-01,186.1,10.1,0,121,4,0,16991.95,10,3.4
1170,2026-03-01,184.3,8.3,0,0,4,0,8270.75,12,3.03
245,2026-05-01,176.7,8.7,0,0,3,0,8483.31,6,3.5
1413,2026-04-01,181.9,5.9,23287.85,57,2,0,13132.79,0,2.89
1360,2026-08-01,177.5,9.5,0,124,5,0,10991.48,8,4.21
1062,2025-10-01,193.4,9.4,0,0,6,0,10004.25,6,4.3
1161,2025-12-01,205,21,0,155,6,0,12939.36,4,3.3
1222,2025-10-01,179.6,11.6,0,105,5,2,13603.69,6,3.21
1041,2026-01-01,180.5,4.5,18741.66,58,2,0,7721.25,4,3.52
310,2026-01-01,176,0,0,0,5,0,10725.83,4,3.55
281,2026-06-01,171.3,11.3,0,0,3,2,9620.65,2,2.7
266,2025-09-01,174.5,6.5,0,0,3,1,11415.07,6,2.94
1406,2025-10-01,105.6,0,0,0,3,1,6771,2,3.84
1113,2026-02-01,145.4,9.4,0,0,4,3,8685.01,4,4.64
1264,2025-12-01,203.4,19.4,0,0,6,0,9071.35,6,3.85
773,2025-11-01,177.2,17.2,0,0,4,0,12614.33,2,4.05
408,2025-11-01,170.3,10.3,0,0,3,0,8847.22,6,3.85
35,2025-10-01,190,14,0,0,6,1,12652.22,8,3.81
700,2025-12-01,198.8,14.8,0,0,7,0,11044.44,6,3.9
747,2026-06-01,184,8,0,0,4,0,8489.87,0,3.35
510,2025-10-01,185.7,9.7,24379.5,95,3,1,7019.79,2,3.71
743,2025-09-01,187.4,11.4,0,109,3,0,10823.39,10,4.16
1246,2026-07-01,187.8,3.8,17371.11,49,1,0,8421.8,6,2.79
370,2025-11-01,173.8,13.8,29150.82,84,2,0,10800.38,6,3.03
845,2025-10-01,198.3,14.3,38460.35,124,3,0,9494,8,4.47
505,2026-07-01,188.9,4.9,0,0,4,0,8372.24,6,3.49
1271,2026-03-01,185.2,9.2,26624.16,90,2,0,8736.97,12,3.97
942,2026-06-01,189.2,13.2,36273.49,87,2,0,13684.24,4,4.01
1353,2025-11-01,146.8,18.8,0,0,3,4,10248.55,6,2.89
1071,2026-03-01,182.8,6.8,20531.26,66,1,0,7643.1,12,3.14
712,2025-11-01,86.4,0,0,0,2,2,6455.83,0,3.5
191,2026-01-01,144,0,0,0,3,4,6364.33,2,3.61
1474,2026-05-01,73.7,1.7,0,0,2,0,3168.22,6,3.5
11,2026-05-01,180.8,12.8,0,0,3,0,10050.61,4,3.04
1075,2026-05-01,100.8,0,8674.44,31,1,0,3914.17,2,2.42
776,2026-02-01,91.2,0,0,0,2,1,7543.67,4,3.41
25,2026-01-01,176,0,0,0,3,0,8845,6,3.56
902,2025-10-01,195.6,11.6,0,111,4,0,15002.09,0,2.87
99,2025-11-01,96,0,23667.61,70,1,0,6923.5,2,4.62
1225,2026-01-01,161.3,1.3,0,0,4,2,8039.77,4,3.57
1342,2026-07-01,176.1,0.1,18250.17,47,1,1,9188.44,6,2.97
651,2025-11-01,174,14,24583.11,87,2,0,12492.64,0,2.9
93,2025-12-01,180.5,12.5,0,0,3,2,10917.17,0,3.31
803,2025-09-01,163.2,3.2,20051.14,57,2,2,8755.6,4,3.03
1386,2026-05-01,152.2,8.2,17126.5,59,1,3,7817.66,4,3.14
760,2025-11-01,91.2,0,0,0,1,1,5246,4,2.68
1474,2025-11-01,167.6,15.6,0,0,3,1,8112.03,0,3.77
1023,2025-11-01,164.7,4.7,0,0,3,0,8950.83,2,3.59
528,2026-01-01,100.8,0,0,0,1,1,4910.5,10,4.24
445,2026-05-01,96,0,0,0,2,1,5784.83,,2.93
469,2026-04-01,173,5,22796.72,65,2,1,9980.78,4,3.43
1480,2026-03-01,185.9,9.9,0,0,4,0,10099.47,12,4.22
82,2026-01-01,176,0,0,0,6,0,15809.17,2,3.99
784,2026-08-01,147.4,3.4,22418.59,65,3,3,9359.17,0,3.73
870,2025-10-01,196.5,12.5,0,0,7,0,8846.92,4,4.22
240,2026-01-01,176,0,10501.38,28,2,0,6821.83,6,2.03
300,2026-05-01,179.1,11.1,0,0,4,0,13605.91,0,2.98
1025,2026-02-01,163.2,3.2,0,0,6,0,13551.32,8,3.88
240,2025-10-01,178.2,10.2,14021.82,39,1,2,7423.99,2,1.73
1140,2026-08-01,178.1,10.1,0,0,5,0,8523.62,4,3.52
411,2025-09-01,160.7,8.7,0,0,3,3,9237.62,8,3.04
1319,2025-10-01,110.4,0,0,0,2,0,4961.33,2,2.64
724,2026-04-01,179.8,3.8,38771.86,100,3,0,8610.81,2,4.44
1290,2025-10-01,192.8,8.8,0,0,4,0,8260.38,4,3.08
1009,2026-04-01,177.6,9.6,0,0,3,1,9491.73,4,3.31
1188,2026-08-01,162.8,10.8,0,93,3,2,9404.86,6,3.62
749,2025-09-01,186.3,10.3,30717.48,97,2,0,8470.74,6,4.3
1100,2026-06-01,168.3,8.3,0,136,4,2,16279.98,8,4.03
664,2025-11-01,175,15,0,0,4,0,8901.94,0,3.4
1062,2025-12-01,196.7,12.7,0,0,5,0,10268.46,2,4.59
704,2026-07-01,110.4,0,0,59,2,0,5408.67,4,3.16
1022,2026-05-01,161.7,9.7,0,0,5,2,9411.15,2,3.33
906,2025-12-01,203.3,19.3,0,0,7,0,9266.33,4,3.93
872,2026-01-01,178.7,2.7,0,0,4,0,8916.41,6,3.49
1037,2026-02-01,148.2,4.2,0,0,4,2,9208.63,6,3.11
83,2026-01-01,168,0,0,0,2,1,18086.5,6,2.83
964,2025-10-01,193.4,9.4,20207.4,59,2,0,11279.52,0,2.36
1427,2026-01-01,169,1,0,0,3,1,13320.79,4,3
1443,2026-07-01,195,11,0,112,4,0,11334.88,2,
794,2025-09-01,183.8,7.8,0,0,5,0,11102.53,8,3.86
1231,2026-06-01,176.9,8.9,0,0,7,1,7193.95,2,4.62
977,2025-11-01,165.5,13.5,24532.91,77,1,1,9821.56,6,3.27
631,2026-05-01,100.8,0,14861.91,50,1,0,5042.67,0,3.54
951,2026-04-01,173,5,20699.89,68,2,1,7445.81,0,3.14
859,2025-09-01,179.2,3.2,24549.77,72,3,0,6509.23,8,4.16
92,2026-04-01,182.6,14.6,0,125,6,1,12836.78,8,4.53
1203,2026-02-01,96,0,0,0,3,0,4890.17,12,3.43
1105,2026-03-01,100.8,0,0,61,2,1,6577.83,12,3.61
798,2026-02-01,96,0,0,43,2,0,5225.67,4,3.11
749,2026-05-01,172.2,4.2,30822.38,100,3,0,8060.18,4,4.31
338,2025-12-01,189.3,13.3,37550.01,101,2,1,9999.07,4,3.22
1276,2026-07-01,189.4,5.4,0,0,7,0,6587.25,4,4
874,2026-01-01,147.1,3.1,14575.52,55,2,4,10230.62,0,3.92
1104,2025-12-01,188.7,20.7,0,147,3,2,11328.54,8,3.22
1340,2025-12-01,186.3,18.3,20299.08,63,1,2,5936.62,8,
1095,2025-09-01,181.2,5.2,34727.23,94,3,0,6703.85,6,4.73
103,2026-07-01,179.8,11.8,0,102,4,2,11731.47,2,3.41
773,2026-03-01,164.2,12.2,0,0,5,3,12139.23,4,3.77
1483,2025-10-01,175.3,7.3,0,0,5,2,8657.95,8,3.66
369,2026-07-01,191.3,7.3,0,126,5,0,10765.69,2,3.69
936,2026-02-01,91.2,0,0,0,2,1,5002,4,3.64
719,2025-10-01,194.2,10.2,29765.05,99,3,0,7512.5,4,3.71
1265,2026-03-01,187.4,11.4,0,0,5,0,9181.45,6,2.83
328,2026-05-01,175.8,15.8,0,139,6,1,12851.12,4,3.75
1081,2026-04-01,190.5,14.5,0,0,5,0,8021.11,2,3.68
1412,2025-09-01,162.8,2.8,0,0,3,2,9163.45,0,2.97
1167,2026-07-01,186.1,2.1,0,0,6,0,11158.84,0,3.85
1333,2026-04-01,186.9,10.9,25737.08,76,2,0,7365.18,4,4.08
945,2026-04-01,185,9,0,120,6,0,11583.13,8,3.84
123,2025-10-01,196.8,12.8,29314.84,95,3,0,6866.03,4,3.35
176,2026-03-01,178.1,10.1,0,0,2,1,8998.99,6,2.61
955,2025-12-01,199,15,31490.76,84,1,0,7064.12,6,2.97
1210,2026-01-01,105.6,0,11549.48,37,2,0,5276.5,2,3.96
554,2025-12-01,191.4,15.4,35433.78,128,3,1,10933.97,2,3.96
1469,2026-04-01,164.7,4.7,0,0,4,2,11691.09,2,4.4
283,2026-01-01,168,0,0,0,3,1,9505.83,2,3.67
1192,2026-05-01,183.3,15.3,0,111,4,0,11512.77,6,3.36
698,2026-02-01,163.8,3.8,0,0,4,0,8421.8,4,4.2
1206,2026-05-01,172.4,4.4,0,0,6,0,11841.34,2,3.93
629,2026-03-01,192,16,0,80,3,0,10845.17,6,2.14
1383,2026-07-01,110.4,0,15933.16,43,2,0,4493.67,4,4.12
572,2026-08-01,174.3,6.3,0,0,4,0,9252.18,0,3.56
331,2026-01-01,179.7,3.7,11097.23,36,2,0,7417.98,6,2.42
1137,2026-01-01,162.2,2.2,17881.93,55,2,2,7241.8,6,4.16
779,2026-08-01,166.8,6.8,0,85,3,1,11626.13,0,3.36
1468,2025-11-01,174.2,14.2,0,0,4,0,8082.52,6,3.53
717,2025-12-01,178.8,18.8,30205.57,107,1,3,8080.71,4,3.21
1154,2026-06-01,160.1,8.1,22390.26,56,2,3,7865.21,4,2.75
565,2026-04-01,162,2,0,0,3,2,8470.61,8,
935,2025-10-01,105.6,0,0,67,2,1,6476.17,6,3.71
782,2026-03-01,184.8,8.8,25360.68,88,2,0,7067.82,4,3.62
607,2025-10-01,198.1,14.1,0,0,5,0,9308.27,2,4.27
17,2026-05-01,178.5,10.5,0,0,5,0,5545.23,4,4.46
656,2026-02-01,135.9,7.9,0,63,2,4,11600.31,12,3.03
674,2026-05-01,172,12,0,0,7,1,10840.87,2,4.37
704,2026-03-01,105.6,0,0,58,2,0,5408.67,4,3.16
554,2026-08-01,170.9,2.9,25946.58,78,2,0,9890.3,0,
128,2026-04-01,186.5,10.5,0,0,6,0,8118.22,6,4.51
753,2025-12-01,192.8,16.8,42748.57,93,2,1,9513.76,6,3.4
933,2026-06-01,161.5,9.5,19091.89,53,2,3,10727.42,4,2.89
974,2026-08-01,100.8,0,0,73,3,0,7004.83,6,4.73
1199,2025-10-01,187.6,3.6,0,0,4,0,12139.77,0,3.28
1154,2025-10-01,188.9,4.9,26604.33,72,2,0,7661.67,6,3.11
475,2026-08-01,176.2,8.2,0,0,4,0,7959.21,2,4.33
868,2025-11-01,173.8,13.8,31737.28,117,3,0,8103.13,4,4.01
120,2026-07-01,187.3,3.3,24139.33,66,2,0,8261.03,8,3.35
106,2026-05-01,152.7,8.7,0,84,3,3,12090.9,4,3.21
224,2026-02-01,166.5,6.5,0,85,5,0,12499.66,8,3.55
289,2026-01-01,162.1,2.1,0,0,4,2,7080.38,6,
132,2025-12-01,200.3,16.3,48626.21,128,3,0,8155.33,4,4.09
477,2026-08-01,100.8,0,10027.22,32,1,0,4188.67,4,
323,2026-07-01,171.4,3.4,23119.78,70,2,2,7242.33,2,3.64
210,2025-10-01,189.2,5.2,0,0,5,0,10029.21,8,3.15
932,2026-02-01,169.9,9.9,0,94,5,0,13156.91,12,3.85
451,2026-08-01,165.8,5.8,0,0,3,1,6843.93,2,3.57
555,2026-06-01,105.6,0,17257.29,49,2,0,3863.33,4,3.83
252,2025-10-01,191.5,7.5,0,0,6,0,7048.07,2,3.18
480,2026-04-01,175,7,0,0,3,1,14567.2,0,3.34
5,2026-07-01,175.4,7.4,0,0,5,2,8329.65,0,3.54
1100,2026-01-01,181.8,5.8,0,93,5,0,15951.37,0,3.91
817,2026-05-01,167.8,7.8,22794.07,75,2,1,10093.21,2,3.49
53,2026-04-01,184.8,8.8,0,130,6,0,9518.58,4,
235,2025-12-01,203.2,19.2,0,0,4,0,12662.1,2,3.53
1172,2026-03-01,182.5,6.5,0,0,4,0,7721.01,6,4.24
1421,2025-09-01,181,13,0,75,3,1,17504.45,6,2.77
612,2026-05-01,100.8,0,16870.64,47,1,0,5378.17,8,3.95
1465,2026-01-01,181.5,5.5,12621.55,33,2,0,9841.12,0,2.19
303,2025-10-01,195.7,11.7,25096.1,66,2,0,9393.48,0,
997,2025-10-01,188.3,4.3,0,0,7,0,8204,6,4.24
1382,2026-07-01,96,0,0,0,2,3,5774.67,2,
629,2026-08-01,144.1,8.1,0,45,2,4,10193.91,0,1.94
512,2026-08-01,91.2,0,0,0,2,2,5063,0,4
819,2026-06-01,105.6,0,0,0,2,0,4463.17,0,3.6
958,2026-04-01,183.7,7.7,0,0,5,0,7308.94,6,3.85
232,2025-10-01,189.5,5.5,0,0,6,0,6944.17,4,3.59
1285,2025-10-01,189.8,5.8,0,0,4,0,9790.77,6,4.11
1355,2026-08-01,159,7,19732.35,58,1,2,11062.88,2,3.26
203,2025-09-01,181.2,5.2,15817.36,43,2,0,8021.25,8,2.41
214,2026-03-01,170.6,10.6,23431.57,74,3,2,9623.06,6,3.48
256,2025-11-01,86.4,0,0,0,2,2,6791.33,8,3.35
383,2026-03-01,183.2,7.2,0,0,7,0,7981.29,6,4.33
321,2026-06-01,161.2,9.2,0,0,3,3,8506.47,4,3.5
1273,2026-05-01,148.7,12.7,0,78,4,4,12649.39,2,3.16
834,2025-11-01,170.7,10.7,0,0,2,0,10996.98,2,2.27
323,2026-05-01,163.4,11.4,25982.99,81,1,2,7729.4,8,3.69
318,2026-01-01,179.2,3.2,15953.46,45,1,0,8358.56,0,3.09
232,2026-03-01,176.5,8.5,0,0,6,1,7116.26,4,3.89
1208,2026-08-01,171.5,11.5,28794.57,91,2,1,9076.9,6,4.45
828,2025-09-01,192.8,16.8,22534.87,88,2,0,8512.31,6,3.51
928,2026-04-01,185.8,9.8,0,0,2,0,8922.36,0,2.62
709,2026-03-01,169.6,9.6,15666.49,47,1,2,10042.29,10,2.58
789,2025-11-01,176.8,16.8,0,0,5,0,9700.07,6,4.12
234,2026-08-01,100.8,0,0,59,1,0,5337.5,,3.29
1166,2026-03-01,187.4,11.4,0,139,3,0,12666.38,12,3.77
1446,2025-11-01,152.8,16.8,19693.78,52,1,3,14346.32,4,2.32
50,2026-01-01,180.3,4.3,0,0,3,0,7592.39,4,2.57
98,2026-03-01,100.8,0,0,0,2,1,6222,4,2.94
1165,2025-10-01,191.2,7.2,0,0,4,0,8823.7,8,3.16
1462,2025-12-01,207.5,23.5,33027.24,108,2,0,10191.1,4,3.08
1475,2026-04-01,183,15,20641.89,68,2,1,8672.22,6,3.58
12,2026-02-01,165.7,5.7,0,0,7,0,11094.88,6,4.51
276,2026-07-01,169.9,9.9,0,78,5,3,15997.57,2,3.05
1261,2026-01-01,178.7,2.7,0,0,5,0,7855.18,4,4.12
949,2025-09-01,186.3,10.3,0,0,5,0,6178.66,4,3.83
177,2026-05-01,159.5,7.5,0,0,4,2,9094.28,2,3.16
503,2025-09-01,160.9,0.9,28118.4,78,2,2,10573.72,4,4.18
1108,2026-02-01,168.8,8.8,0,0,5,0,9168.47,4,3.31
837,2025-09-01,100.8,0,0,0,3,1,5246,6,3.7
1168,2026-07-01,176,0,23681.87,70,3,1,7137,2,
1498,2025-10-01,184.8,8.8,0,0,5,1,8315.08,0,3.11
1078,2025-11-01,174.6,14.6,30150.18,93,2,0,9103.69,0,3.1
1157,2026-08-01,175.8,7.8,0,0,3,0,12035.88,4,2.61
387,2026-04-01,182.6,6.6,0,0,7,0,12294.96,4,4.09
751,2026-07-01,109,5,0,55,2,2,7954.13,6,2.92
292,2025-10-01,194.5,18.5,0,0,6,1,7477.59,8,4.5
962,2025-10-01,190.4,6.4,32991.9,77,2,0,8776.93,2,3.62
1185,2026-06-01,168.2,8.2,29348.21,94,2,2,9342,4,3.92
1234,2025-09-01,154,2,18088.48,61,1,3,9670.36,2,3.21
1478,2025-10-01,176.2,8.2,19624.94,70,1,2,8274.96,8,3.01
892,2025-12-01,196.6,12.6,38250.06,88,2,0,12492.95,4,2.99
534,2026-02-01,163.2,3.2,15041.65,55,2,0,9266.36,10,3.37
493,2026-02-01,165.2,5.2,17707.89,57,3,0,7022.57,12,3.8
997,2025-11-01,177,17,0,0,6,0,9073.3,8,4.36
447,2026-07-01,194.6,10.6,0,0,5,0,9900.54,2,3.17
31,2025-11-01,167.9,15.9,0,0,5,1,11102.94,6,2.97
7,2026-08-01,157.5,5.5,0,0,3,2,9798.52,6,2.93
238,2025-09-01,185.4,9.4,29321.53,85,2,0,8575.07,0,
1439,2025-09-01,185.8,9.8,0,0,4,0,8448.12,8,2.5
269,2026-07-01,181.2,13.2,0,86,4,2,15972.5,2,
755,2025-09-01,169.3,9.3,21847.44,73,2,2,10413.67,2,3.69
584,2025-11-01,170.9,10.9,0,0,3,0,12204.85,0,3.6
715,2025-09-01,177.2,9.2,0,0,4,1,12326.15,6,4.78
944,2026-04-01,168.7,0.7,0,0,4,1,11373.82,6,3.79
320,2025-09-01,190.3,14.3,20561.51,62,2,0,8180.15,6,3.07
1404,2026-06-01,183.9,7.9,24474.21,76,2,0,7095.73,8,3.84
52,2025-12-01,197.1,13.1,0,0,6,0,11319.21,2,3.44
374,2026-04-01,176.9,0.9,0,0,4,0,8719.22,2,3.74
869,2025-11-01,166,14,0,166,6,1,15923.56,8,4.4
64,2026-06-01,174.5,14.5,0,114,3,2,26546.34,0,3.39
1240,2026-06-01,167.3,7.3,32723.84,98,2,2,8506.62,0,4.27
569,2026-03-01,173.6,13.6,0,118,5,2,10087.8,4,3.28
835,2025-10-01,190.1,6.1,0,0,5,0,11645.24,4,3.12
801,2025-10-01,100.8,0,11721.74,34,1,2,4554.67,0,2.62
1388,2025-09-01,100.8,0,0,0,3,1,5713.67,2,3.36
663,2026-02-01,145.1,9.1,0,0,3,3,16297.4,8,3.64
640,2025-10-01,177.2,9.2,0,0,5,2,10701.69,6,2.91
1274,2026-01-01,160,0,0,0,2,2,7472.5,0,2.08
657,2026-06-01,175.7,7.7,0,0,6,1,8176.47,8,3.66
523,2026-03-01,177.2,9.2,0,82,3,1,18132.5,8,2.6
1451,2026-06-01,198,22,0,124,4,0,13600.14,6,3.21
826,2026-01-01,171.8,3.8,0,93,4,1,13588.29,6,3.74
202,2025-09-01,159.9,7.9,0,0,3,3,8374.38,16,3.35
885,2026-07-01,186.8,10.8,0,0,4,1,10016.29,6,
751,2025-11-01,183.1,23.1,0,148,4,0,13723.9,4,3.35
1077,2026-02-01,152,0,17989.51,50,2,1,11203.67,6,3.46
1487,2026-08-01,184,16,0,116,4,0,9988.67,8,3.94
579,2026-07-01,177.6,1.6,0,0,5,1,10420.82,2,3.26
221,2026-02-01,154.9,2.9,0,0,3,1,8316.61,8,2.52
1061,2026-05-01,91.2,0,0,0,3,2,4137.83,4,4.54
1135,2026-02-01,91.2,0,0,0,2,1,6872.67,6,3.26
878,2026-04-01,183.7,7.7,0,0,3,0,10920.03,0,3
963,2025-11-01,179.1,19.1,0,193,7,0,11847.1,2,4.18
1218,2026-03-01,185.6,9.6,23846.09,74,2,0,7135.31,10,3.43
1015,2025-09-01,189.6,13.6,0,85,5,0,10431.42,8,2.85
331,2025-09-01,183.4,7.4,9771.33,24,1,0,7648.13,10,2.44
920,2026-01-01,178.1,2.1,0,0,4,0,10175.45,8,3.9
632,2026-01-01,179.9,3.9,18875.01,57,2,0,8428.85,2,3.31
1426,2025-09-01,168,0,0,0,3,1,8651.83,4,3.14
531,2026-06-01,182.9,14.9,0,157,4,1,13107.4,8,3.93
807,2026-02-01,96,0,0,50,3,0,7594.5,4,3.21
467,2025-09-01,180.9,4.9,0,0,4,0,7153.5,4,3.2
711,2025-10-01,191.6,15.6,0,146,5,1,13823.92,2,3.46
1120,2025-10-01,169.1,9.1,33468.52,93,4,3,11230.51,0,4.47
841,2026-02-01,164.2,4.2,16776.31,49,2,0,7522.84,4,3.29
557,2026-08-01,174.7,6.7,26860.23,60,2,0,11035.8,8,3.7
9,2026-04-01,185,9,25585.62,88,2,0,11177.66,6,3.69
740,2025-10-01,177,17,0,113,3,3,12000.55,2,3.26
472,2026-05-01,179.2,11.2,22902.75,71,2,0,8787.82,2,3.25
787,2026-02-01,166.5,6.5,22530.95,56,2,0,12231.2,8,3.48
611,2026-05-01,173.8,5.8,0,0,6,0,9320.98,0,3.91
234,2025-12-01,110.4,0,0,108,3,0,5337.5,2,3.47
1461,2025-12-01,181.2,13.2,0,145,5,2,14974.73,4,3.05
107,2025-11-01,156.8,12.8,27977.85,87,2,2,7859.8,6,3.8
1240,2025-09-01,186.5,10.5,26927.88,102,2,0,8728.2,2,4.35
1261,2026-02-01,168.7,8.7,0,0,4,0,8253.74,4,4.26
436,2025-12-01,171.7,19.7,0,0,3,4,9055.81,6,3.97
262,2026-03-01,182.6,6.6,0,0,4,0,14584.14,10,3.57
580,2026-03-01,100.8,0,0,0,4,1,4209,4,
799,2026-04-01,184.7,8.7,0,0,6,0,6439.01,4,3.92
1274,2025-11-01,175.4,15.4,0,0,3,0,8468.35,0,2.08
19,2026-01-01,180,4,0,0,3,0,5364.48,8,3.34
944,2026-03-01,185.3,9.3,0,0,4,0,12215.2,4,3.93
153,2025-10-01,176.3,8.3,0,0,4,2,6974.02,4,3.51
1281,2026-03-01,185.8,9.8,0,0,5,0,9782.61,6,3.58
553,2025-12-01,197.3,21.3,0,0,5,1,8741.52,6,3.58
398,2025-10-01,183.4,7.4,27143.48,83,3,1,8643.36,2,3.9
1227,2026-06-01,174.5,6.5,0,0,4,1,7538.46,2,2.77
758,2026-07-01,189.3,5.3,24383.39,69,3,0,7024.73,2,3.66
24,2026-08-01,67.6,3.6,0,0,3,2,2991.64,4,4.35
325,2025-09-01,175.1,7.1,21236.89,77,2,1,9712.2,2,3.49
1224,2026-08-01,170.2,2.2,0,0,5,0,13799.82,6,
849,2025-09-01,186.9,10.9,0,116,6,0,10647.25,4,
264,2026-06-01,184.5,8.5,0,0,4,0,8185.88,8,2.52
591,2026-04-01,169.1,9.1,0,0,4,2,8368.04,4,3.48
126,2026-06-01,177.9,17.9,0,152,7,2,11459.73,8,4.76
1062,2026-08-01,146.6,2.6,0,0,5,3,9459.83,4,4.65
1408,2026-02-01,169.4,9.4,0,78,4,0,18084.61,6,2.97
1204,2026-08-01,172.4,4.4,26328.22,73,2,0,6817.74,0,3.91
297,2025-11-01,169.9,17.9,0,68,3,1,16179.82,4,2.06
581,2025-09-01,147.8,3.8,0,0,2,4,12328.17,2,3.01
1490,2025-09-01,185.1,9.1,0,109,5,0,13007.21,6,3.18
414,2026-08-01,176.4,8.4,0,0,2,0,6016.02,2,2.85
618,2026-03-01,169.1,9.1,0,0,4,2,14608.43,10,2.9
1329,2025-10-01,186.8,10.8,0,0,4,1,8359.88,8,2.72
986,2026-06-01,184.6,16.6,0,116,4,1,13127.05,4,3.17
1210,2025-09-01,100.8,0,10864.15,35,1,1,5276.5,6,3.43
1050,2026-02-01,162.4,10.4,0,89,6,1,13641.53,10,4.04
1073,2026-05-01,169,1,0,0,3,0,10716.11,,3.74
15,2026-07-01,193.6,9.6,0,140,7,0,4624.74,0,4.63
1119,2025-09-01,189,13,26232.19,81,3,0,13154.01,2,3.49
1337,2026-04-01,185,9,27072.48,87,2,0,11221.5,6,3.83
849,2026-03-01,177,9,0,126,6,1,10487.28,6,3.64
220,2026-08-01,175.6,7.6,26705.35,88,3,0,8050.64,6,4.9
318,2025-09-01,171.5,3.5,18069.18,51,2,1,8379.68,4,2.95
930,2026-08-01,168,0,0,0,5,0,7401.33,0,4.72
376,2025-09-01,163.6,11.6,0,0,4,3,9979.02,8,3.23
1041,2025-12-01,201.3,17.3,35789.68,118,2,0,8544.46,6,3.67
1152,2026-07-01,192.9,8.9,0,111,7,0,12154.16,6,4.26
1488,2026-05-01,186.4,18.4,0,95,4,0,11137.31,4,3.12
1387,2026-04-01,154.8,10.8,0,0,3,4,8459.93,0,3.91
954,2026-07-01,185.9,1.9,0,0,6,0,9073.1,6,3.72
480,2026-05-01,183.2,15.2,0,0,3,0,15541.87,8,3.46
553,2026-04-01,155.1,3.1,0,0,3,3,7579.01,2,3.56
789,2026-07-01,192.7,8.7,0,0,7,0,9106.44,6,4.3
1406,2026-02-01,96,0,0,0,2,0,6771,10,3.81
626,2026-02-01,133.3,5.3,16689.33,55,2,4,8867.89,10,3.98
811,2026-04-01,186.2,10.2,,65,3,0,9747.45,2,3.3
26,2026-08-01,162.6,10.6,0,106,5,2,10877.28,8,4.54
871,2026-01-01,176,0,0,0,5,0,8723,6,3.8
1278,2025-11-01,178.2,18.2,0,0,4,0,9449.64,0,3.01
1332,2025-09-01,189.5,13.5,0,0,4,0,13318.72,6,3.59
51,2025-09-01,179.9,3.9,0,0,6,0,5780.39,0,3.66
7,2025-09-01,181.1,5.1,0,0,3,0,9766.14,10,3.04
324,2025-11-01,155,11,22368.13,73,2,2,6698.93,4,3.11
1477,2025-10-01,170.9,10.9,0,0,4,3,10413.61,8,3.15
879,2026-08-01,142.2,6.2,0,101,2,4,13615.14,0,3.59
1089,2025-11-01,155.8,19.8,0,123,4,3,11479.97,2,3.86
1195,2026-03-01,177.6,1.6,0,0,5,0,12224.62,10,4
206,2026-07-01,110.4,0,0,0,4,0,4148,8,
685,2025-12-01,201.2,17.2,0,0,4,0,8806.67,6,2.36
761,2026-08-01,170.1,10.1,0,0,5,1,6389.95,4,4.07
345,2026-06-01,184.4,8.4,0,0,4,0,10175.02,4,3.18
1315,2026-05-01,171.6,3.6,0,0,3,0,12108.32,2,3.98
1284,2025-09-01,181.6,13.6,0,116,6,1,11704.1,2,3.38
868,2026-03-01,179.8,11.8,24182.53,92,3,1,7977.85,8,4.09
636,2026-05-01,169.8,9.8,16067.58,61,1,1,7124.66,8,2.84
1498,2025-12-01,200.6,16.6,0,0,5,0,8836.63,6,2.92
76,2026-07-01,195,11,0,0,7,0,12348.11,2,4.91
1385,2025-12-01,205.2,21.2,43672.19,138,3,0,14739.03,2,3.75
906,2026-02-01,164.5,4.5,0,0,3,0,8249.38,12,3.92
909,2026-08-01,179.2,11.2,0,118,6,0,13427.07,0,4.27
1438,2025-11-01,144.3,8.3,0,0,4,3,8793.8,2,3.73
136,2025-11-01,168.2,16.2,0,0,3,1,11522.4,2,2.83
1242,2026-05-01,166.8,14.8,0,84,2,2,13005.6,2,3.02
1103,2026-07-01,189.1,5.1,24641.03,80,3,0,6073.38,8,4.06
155,2025-11-01,177.5,17.5,0,0,5,0,8206.14,8,3.18
621,2025-09-01,188.5,12.5,0,109,3,0,12381.8,0,2.94
37,2025-12-01,195.5,11.5,54519.28,172,4,0,7265.99,8,5
339,2025-10-01,193.7,9.7,24840.01,82,3,0,11196.4,2,3.05
127,2026-08-01,172.9,4.9,0,0,3,0,7100.51,0,3.16
815,2026-01-01,183,7,25550,66,3,0,11472.61,4,4.5
194,2025-09-01,166.5,14.5,0,72,3,3,13936.83,4,2.7
691,2025-10-01,195.2,11.2,0,0,5,0,11955,2,3.76
408,2025-10-01,197,13,0,0,6,0,9037.02,2,3.72
430,2026-01-01,168.8,0.8,0,0,5,1,9366.9,0,4.27
886,2026-02-01,144,0,0,0,3,2,6441.67,4,3.16
674,2026-02-01,169.7,9.7,0,0,4,0,10645.4,8,5
667,2026-03-01,160.9,8.9,0,0,3,3,9230.59,4,3.71
1268,2026-04-01,192.6,16.6,0,100,5,0,11441.11,8,2.96
71,2025-11-01,167.3,15.3,0,0,4,1,14828.45,0,2.8
1018,2026-01-01,183.6,7.6,0,0,4,0,12785.68,6,3.57
955,2026-04-01,168.4,8.4,23260.36,57,2,2,6707.01,0,3.24
293,2026-07-01,110.4,0,0,68,2,0,6882.83,4,3.58
739,2025-10-01,193.5,9.5,0,0,3,0,8603.94,4,3.02
548,2026-03-01,179.4,11.4,0,72,4,1,20552.15,12,2.69
357,2026-02-01,163.5,3.5,0,0,3,0,6777.07,4,2.82
805,2026-05-01,158.2,6.2,23493.81,59,2,2,12179.71,4,3.21
990,2026-05-01,179.3,11.3,0,0,3,0,9732.26,4,2.93
1223,2026-02-01,162.4,2.4,0,0,4,0,8613.59,12,3.5
571,2026-06-01,189.6,13.6,0,127,3,0,10749.59,0,3.3
13,2025-12-01,205.3,21.3,0,0,4,0,13365.13,6,4.14
218,2025-12-01,205.1,21.1,0,178,4,0,16724.08,4,3.21
681,2026-03-01,188.2,12.2,0,0,6,0,10250.91,6,3.64
376,2025-11-01,170.4,10.4,0,0,3,0,9884.85,8,3.52
474,2026-04-01,184.6,8.6,0,112,5,0,10661.14,0,3.59
744,2026-02-01,160,0,0,0,5,0,5459.5,8,3.85
154,2026-01-01,166.5,6.5,10501.9,42,1,2,6904.88,8,2.55
368,2025-12-01,199.2,15.2,0,158,5,0,13160.55,8,3.6
579,2025-12-01,189.8,13.8,0,0,3,1,11505.99,2,3.12
407,2025-10-01,184.1,8.1,24609.85,73,2,1,9214.78,0,3.09
4,2026-06-01,183.9,7.9,0,0,7,0,8689.37,0,4.94
1381,2026-03-01,160.3,8.3,0,0,2,3,8107.3,4,2.39
499,2025-11-01,91.2,0,12356.77,40,1,1,4859.67,0,2.8
1040,2026-08-01,177.3,9.3,0,0,3,0,10556.48,4,
768,2025-10-01,192.5,16.5,0,0,4,1,9399.24,2,3.57
868,2026-02-01,159.5,7.5,16412.59,65,2,1,7708.48,10,3.9
634,2026-02-01,164.7,4.7,0,109,4,0,9702.02,4,4.07
174,2025-10-01,191.2,7.2,24375.9,72,2,0,8661.7,8,3.2
1389,2025-09-01,105.6,0,0,55,2,0,9170.33,2,2.73
389,2026-06-01,185.5,17.5,0,132,5,1,18343.82,2,3.51
280,2026-04-01,182,6,24090.16,82,2,0,7742.86,2,3.54
258,2026-01-01,180.8,4.8,0,78,3,0,11870.24,8,3.47
827,2025-10-01,194.7,10.7,26993.67,89,2,0,9275.23,4,3.83
793,2026-04-01,180.9,4.9,0,88,5,0,12452.38,0,2.89
825,2026-02-01,158.1,6.1,0,84,3,1,16451.05,12,3.71
295,2026-02-01,157.7,5.7,0,77,3,1,12961.81,12,3.44
125,2025-12-01,198.4,14.4,32275,120,2,0,8049.25,2,3.12
1097,2026-07-01,170.3,2.3,19878.82,63,2,2,5507.48,6,3.71
1278,2025-09-01,184,8,0,0,4,0,8729.02,2,2.94
817,2025-10-01,196.5,12.5,30546.08,87,2,0,10477.78,0,3.41
1126,2026-07-01,194.1,10.1,0,117,4,0,12182.91,2,3.27
990,2026-01-01,183.8,7.8,0,0,5,0,9463.74,8,3.01
716,2026-01-01,160.8,0.8,0,0,5,2,8107.74,0,3.47
693,2026-02-01,163.6,3.6,18777.12,61,2,0,7369.83,8,4.03
119,2025-12-01,182.3,14.3,0,0,4,2,10450.88,8,4.02
1381,2025-10-01,185.2,9.2,0,0,4,1,8166.21,4,2.34
946,2026-04-01,184.3,8.3,0,0,6,0,9333.83,0,3.91
166,2026-06-01,177.7,9.7,22213.46,76,2,1,6358.59,6,3.34
1257,2026-04-01,184.9,8.9,0,0,3,0,8343.67,8,1.95
1030,2026-05-01,175.4,7.4,0,80,4,0,9984.76,2,2.72
247,2026-02-01,163.8,3.8,0,0,4,0,8064.76,10,2.88
492,2025-09-01,184.7,8.7,14490.3,42,1,0,8592.63,4,2.16
223,2026-01-01,160.7,0.7,0,56,2,2,9266.8,6,2.59
471,2025-12-01,199.9,15.9,41543.13,106,3,0,10570.92,6,3.7
1353,2026-02-01,165.9,5.9,0,0,2,0,9264.55,6,3.14
1356,2026-04-01,181.4,13.4,0,120,4,1,15872.51,4,4.25
310,2026-02-01,162.8,2.8,0,0,5,0,10985.73,10,3.64
1323,2026-03-01,105.6,0,0,0,3,0,6100,8,3.25
361,2026-03-01,182.9,6.9,16445.5,65,2,0,6701.26,8,2.82
1331,2026-07-01,174.2,6.2,0,0,5,2,8719.69,2,
1223,2026-05-01,176.1,8.1,0,0,5,0,9029.83,6,3.42
95,2025-10-01,192.4,8.4,0,0,3,0,6554.33,2,3.19
383,2025-11-01,149.3,13.3,0,0,3,3,8377.9,6,3.83
461,2026-02-01,152,0,0,0,4,1,10156.5,8,3.86
247,2025-10-01,186.8,2.8,0,0,3,0,7997.19,6,2.85
1128,2025-10-01,192.6,8.6,0,0,4,0,7591.69,0,3.88
910,2026-05-01,176.9,8.9,0,0,4,0,8080.88,4,3.2
1217,2026-07-01,191.2,7.2,0,111,5,0,15076.98,0,3.38
338,2026-05-01,175.7,7.7,22573.83,70,2,0,9564.51,4,3.48
784,2026-01-01,176,0,19171.84,59,2,0,9091.67,8,3.86
1071,2026-04-01,187.8,11.8,21729.81,73,2,0,7955.44,2,
1396,2026-02-01,162.7,2.7,0,0,2,0,10955.64,12,3.04
827,2025-11-01,169.6,9.6,32726.41,103,3,0,9194.42,2,4.09
1491,2026-02-01,154.5,2.5,0,0,2,1,9607.62,10,3.14
1218,2026-05-01,175.5,7.5,20166.88,65,1,0,7015.59,6,3.28
1407,2026-03-01,185.1,9.1,0,129,5,0,14224.58,8,
854,2025-12-01,194.5,18.5,0,0,4,1,10001.58,2,3.47
1057,2025-11-01,168.1,16.1,0,0,3,1,8814.78,0,4.02
806,2026-06-01,176.7,8.7,0,0,5,1,9642.11,8,3.43
277,2026-03-01,177.4,9.4,0,0,5,1,10949.71,4,3.66
1233,2026-06-01,188,12,30550.28,92,3,0,9123.84,0,4.16
437,2025-11-01,160.4,8.4,0,0,3,1,9836.95,4,3.46
1359,2026-08-01,170.9,2.9,19613.33,78,2,0,7336.95,8,3.87
74,2026-01-01,152.5,0.5,0,56,4,3,21544.49,6,3.22
628,2026-08-01,162.8,10.8,0,82,3,2,19154.35,6,3.01
1430,2026-03-01,188.1,12.1,0,118,5,0,10108.11,4,3.15
1212,2026-06-01,164.9,4.9,34532.92,77,2,2,7831.75,0,4.04
1428,2025-10-01,197.9,13.9,0,111,5,0,13542.23,4,3.02
968,2026-04-01,185.1,9.1,0,0,6,0,8949.31,2,3.51
1323,2026-05-01,96,0,0,0,2,1,6100,0,3.33
789,2025-09-01,169.6,1.6,0,0,3,1,8586.09,6,4.07
1229,2026-02-01,164,4,0,0,4,0,8151.91,8,3.37
1247,2025-12-01,202.6,18.6,53542.27,161,4,0,9595.93,6,4.3
684,2026-03-01,175.7,7.7,27949.19,86,2,1,11050.16,12,4.03
775,2026-04-01,185,9,0,0,5,0,11068.08,6,3.66
308,2025-11-01,168.4,16.4,0,0,5,1,12758.9,0,3.94
1302,2026-04-01,189.7,13.7,0,106,4,0,13760.12,8,3.2
453,2026-07-01,175.7,7.7,0,105,3,2,14997.42,2,3.4
1232,2025-12-01,193.8,17.8,0,0,3,1,9949.35,8,2.85
89,2025-09-01,183.8,15.8,0,91,2,1,21114.21,0,2.79
743,2026-02-01,173,13,0,99,7,0,10959.79,6,4.43
1382,2026-01-01,105.6,0,0,0,1,0,5774.67,8,2.43
1145,2026-06-01,184.8,16.8,30732.97,105,2,1,13414.74,6,4.41
864,2026-06-01,164.9,12.9,0,133,6,3,11369.43,4,3.83
1114,2026-08-01,170.7,2.7,20312.32,51,2,0,10102.49,8,3.24
331,2026-08-01,177.2,9.2,15086.71,49,1,0,7760.1,0,
60,2026-01-01,176.7,0.7,13603.03,51,2,0,4398.15,6,3.11
257,2025-09-01,172.3,4.3,0,0,3,1,7708.38,2,2.92
453,2026-01-01,182.5,6.5,0,86,5,0,14851.4,0,3.31
895,2026-04-01,105.6,0,0,0,2,0,3517.67,4,3.5
1291,2025-09-01,166.6,6.6,20198.2,48,2,2,8780.58,2,2.96
140,2026-03-01,169.4,9.4,0,0,4,2,8783.96,6,2.73
914,2025-09-01,181.8,5.8,0,0,6,0,10143.11,0,4.13
188,2026-04-01,173.9,5.9,20356,74,2,1,8901.23,4,3.47
172,2025-10-01,187.7,11.7,34004.25,89,2,1,8788.89,8,4.03
859,2026-03-01,180.9,4.9,27739.37,96,2,0,6602.41,4,4.2
168,2025-11-01,158.5,14.5,0,0,3,2,10801.61,4,3.36
1040,2026-05-01,172,4,0,0,3,0,10108.36,0,2.82
1411,2026-08-01,176.7,8.7,30399.49,78,3,0,8319.33,6,4.56
711,2026-04-01,187.8,11.8,0,142,5,0,13423.4,2,3.85
509,2025-12-01,100.8,0,0,0,2,2,3914.17,4,2.88
1441,2025-12-01,194.2,18.2,39383.57,110,2,1,7696.22,2,3.51
965,2026-05-01,100.8,0,15941.39,56,1,0,6242.33,8,4.56
48,2026-01-01,178.1,2.1,0,0,5,0,6521.4,4,4.17
1397,2025-10-01,184.6,8.6,0,96,3,1,9401.2,16,3.38
543,2025-12-01,185.8,17.8,0,0,6,2,7309.49,8,3.89
845,2026-05-01,179.7,11.7,32517.72,97,3,0,9303.91,6,4.35
608,2026-06-01,185.8,9.8,31707.36,117,3,0,13047.16,,4.51
323,2026-02-01,172,12,15314.35,60,2,0,7765.93,12,3.39
18,2026-01-01,183.3,7.3,0,63,5,0,8971.41,8,2.83
227,2026-04-01,184,8,0,0,7,0,10490.04,0,3.91
590,2026-03-01,184.2,8.2,0,0,6,0,6151.78,12,3.69
1471,2025-09-01,175.5,7.5,26802.45,79,2,1,7860.06,6,3.85
550,2026-04-01,105.6,0,0,54,2,0,8468.83,4,3.37
1260,2025-09-01,185.7,9.7,0,0,3,0,9620.53,4,2.92
1070,2026-07-01,191.6,7.6,0,128,7,0,9004.15,2,
28,2026-03-01,190.9,14.9,0,0,7,0,12740.11,10,4.73
1204,2026-05-01,165.3,5.3,24299,89,2,1,6868.9,,4.01
122,2026-01-01,176.9,0.9,14458.81,43,2,0,6403.66,8,2.79
1214,2025-10-01,184.6,8.6,33076.67,87,3,1,8613.29,6,4.07
422,2026-02-01,163.1,3.1,0,0,5,0,8852.62,4,3.52
1103,2026-02-01,165.5,5.5,19013.22,64,3,0,6093.52,4,3.65
956,2026-01-01,160,0,0,0,5,2,8987.33,8,4.4
86,2026-01-01,176.9,0.9,0,0,6,0,13985.58,4,3.94
422,2026-07-01,195.8,11.8,0,0,5,0,9501.7,6,3.53
1208,2026-03-01,160,8,26511.47,86,2,3,8826.86,10,4.37
829,2026-03-01,180.4,12.4,0,120,3,1,15760.68,12,4
1423,2026-08-01,174.8,6.8,0,138,5,0,10678.82,2,4.31
171,2025-10-01,189.5,5.5,33352.27,117,3,0,8403.29,6,4.29
987,2025-12-01,180.4,20.4,35228.81,83,3,3,8062.03,8,3.25
1445,2026-07-01,177.3,1.3,19941.38,62,2,1,10712.85,6,3.53
1487,2025-10-01,199.9,15.9,0,172,5,0,9981.08,8,3.92
914,2025-10-01,187.1,11.1,0,0,6,1,10586.09,6,3.86
1168,2025-11-01,155.9,11.9,31430.59,86,1,2,7871.97,2,3.79
491,2025-09-01,187.8,11.8,0,0,5,0,9624.96,6,3.06
142,2025-11-01,180,20,19612.24,71,2,0,7036.51,8,3.85
57,2026-01-01,170.4,2.4,0,0,5,1,9962.71,8,3.98
1290,2026-05-01,172.9,4.9,0,0,2,0,8001.32,4,3
232,2025-11-01,169.1,17.1,0,0,3,1,7609.58,8,3.46
900,2026-07-01,180.3,12.3,0,144,6,2,13183.63,4,4.6
819,2026-08-01,96,0,0,0,2,1,4463.17,8,3.72
403,2026-04-01,162.6,10.6,0,0,4,3,8368.84,0,3.85
1109,2025-10-01,193.5,9.5,0,0,4,0,8328.88,6,3.74
799,2025-12-01,188.7,12.7,0,0,6,1,6646.29,,3.84
686,2026-06-01,184.7,8.7,0,0,6,0,7871.11,4,3.56
231,2026-07-01,192.3,8.3,26969.88,71,2,0,9120.71,2,3.23
196,2025-09-01,96,0,10626.54,34,1,2,5032.5,6,3.5
925,2026-01-01,170.4,2.4,18957.62,56,2,1,7783.37,4,3.39
255,2025-12-01,201.8,17.8,0,0,7,0,7696.67,0,4.35
1352,2026-02-01,154.6,2.6,0,0,3,1,9688.53,8,
393,2026-08-01,156.8,4.8,19101.1,50,2,2,8947.68,4,
990,2025-12-01,199.5,15.5,0,0,4,0,10054.48,2,2.6
1237,2025-09-01,183.3,7.3,8238.98,27,1,0,8420.15,8,3.28
361,2026-08-01,156.4,4.4,15714.48,51,1,2,6564.45,4,3.1
476,2026-05-01,180.1,12.1,0,0,2,0,8176.34,4,3
1090,2026-03-01,179.8,3.8,0,0,4,0,10826.52,10,3.37
813,2025-11-01,161.4,17.4,0,0,2,2,10399.11,8,2.59
193,2026-01-01,179.2,3.2,0,107,6,0,11869.16,0,3.86
991,2026-01-01,178.6,2.6,0,0,4,0,10416.21,4,3.33
1071,2025-11-01,163.6,11.6,23213.35,79,2,1,7942.94,8,3.31
618,2025-12-01,195.4,19.4,0,0,5,1,15815.49,4,2.91
855,2026-08-01,177.6,9.6,0,85,5,0,15426.81,0,3.19
1150,2026-07-01,189.1,5.1,17627.57,48,1,0,7313.99,2,2.62
851,2025-09-01,190.9,14.9,0,126,4,0,14874.94,8,4.4
1460,2025-11-01,163.9,19.9,0,97,3,2,14646.59,4,2.38
588,2026-04-01,186.2,10.2,0,0,4,0,11462.38,6,2.72
1035,2025-09-01,175.2,7.2,0,0,4,1,6998.48,2,3.36
646,2026-07-01,110.4,0,0,0,2,0,4229.33,4,3.05
809,2025-11-01,176.2,16.2,0,0,6,0,6653.78,8,3.7
552,2025-10-01,178.6,2.6,0,0,4,1,9054.41,0,3.97
316,2025-12-01,205.7,21.7,0,0,7,0,15988.42,6,4.08
1478,2026-01-01,181.2,5.2,17908.28,61,2,0,8074.37,4,3.49
1038,2025-12-01,201.3,17.3,41373.62,123,3,0,6524.61,0,3.68
574,2026-01-01,178.6,2.6,0,0,5,0,8205.56,6,3.6
1032,2025-09-01,188.3,12.3,24518.69,89,2,0,8121.66,8,3.73
731,2026-07-01,184.6,8.6,26438.62,81,3,1,9404.96,2,3.84
601,2026-03-01,185,9,0,0,5,0,8153.12,6,3.54
95,2025-12-01,198.5,14.5,0,0,6,0,6876.88,4,3.41
1366,2026-06-01,169.5,9.5,0,0,3,2,8657.69,4,3.67
1153,2025-11-01,160.3,16.3,0,120,3,2,13677.29,6,3.39
342,2026-02-01,165.9,5.9,0,86,4,0,9211.12,8,3.53
74,2025-11-01,163.8,19.8,0,109,4,2,25127.33,4,3.27
147,2026-06-01,180.5,12.5,0,0,5,1,10714.37,,3.71
322,2026-06-01,156.5,12.5,19154.71,67,1,4,12010.01,8,3.19
895,2026-05-01,100.8,0,0,0,2,0,3517.67,8,3.53
1017,2025-09-01,184.4,8.4,0,125,6,0,10687.59,0,3.34
266,2026-04-01,187.4,11.4,0,0,3,0,11873.34,4,3.06
777,2026-02-01,166.4,6.4,0,0,4,0,9388.53,6,3.73
1089,2026-01-01,181.6,5.6,0,99,6,0,10275.62,2,3.98
253,2026-04-01,182,6,0,77,4,0,10234.69,8,2.11
322,2026-02-01,164.4,4.4,16108.82,43,2,0,11250.33,10,3.07
432,2026-03-01,105.6,0,0,0,2,0,4046.33,8,3.63
785,2026-03-01,184.4,8.4,37329.46,107,2,0,14362.81,6,4.53
286,2026-08-01,176.3,8.3,0,0,6,0,6995.81,,3.81
1112,2026-06-01,176.3,8.3,0,120,5,1,14122.39,2,3.51
1197,2026-02-01,96,0,0,0,3,0,4239.5,10,4.18
1450,2026-08-01,166.7,6.7,0,0,3,1,9398.4,4,3.31
498,2025-09-01,100.8,0,0,51,2,1,5418.83,2,3.39
1457,2026-01-01,176,0,0,0,4,0,6541.67,4,4.18
824,2025-09-01,178.9,2.9,0,0,4,0,8545.88,8,3.02
449,2026-06-01,172.9,12.9,0,104,3,2,14093.12,6,2.98
705,2025-11-01,156.9,12.9,24808.28,94,2,2,7538.18,8,3.91
1500,2026-03-01,186.9,10.9,0,0,5,0,13428.67,8,3.57
412,2026-08-01,158.7,6.7,20452.75,58,1,2,11089.58,6,3.24
634,2026-03-01,160.9,8.9,0,120,4,3,10040.87,6,4.12
1170,2026-08-01,166.5,6.5,0,0,3,1,8150.55,6,3.45
748,2026-05-01,81.6,0,0,58,1,4,5683.17,0,3.32
1069,2025-10-01,171.6,11.6,0,0,3,3,7294.08,2,3.01
649,2026-08-01,159.6,7.6,0,0,5,2,9632.6,2,3.69
103,2025-11-01,175.6,15.6,0,153,6,0,12081.51,4,3.59
999,2025-12-01,206.4,22.4,0,199,4,0,12185.99,6,3.49
1378,2025-11-01,175.2,15.2,0,0,4,0,9605.82,8,3.24
1060,2025-09-01,181.4,5.4,0,0,4,0,9109.35,8,3.01
1291,2026-07-01,189.5,5.5,21172.56,58,2,0,8701.51,4,3.09
550,2026-06-01,105.6,0,0,71,3,0,8468.83,2,3.47
338,2026-04-01,173.3,5.3,21698.07,53,1,1,9378.27,0,2.92
151,2026-07-01,110.4,0,0,0,3,0,3395.67,0,4
592,2026-02-01,169.5,9.5,0,101,5,0,10743.11,12,3.91
222,2026-02-01,152,0,0,0,3,1,7686,12,3.53
658,2025-12-01,204.1,20.1,39643.63,125,3,0,12925.69,4,3.39
204,2026-06-01,188.7,12.7,0,154,5,0,9997.64,4,3.72
1195,2025-10-01,185,9,0,0,6,1,12996.77,6,3.67
365,2026-06-01,186.2,10.2,0,0,4,0,7114.2,6,2.72
1169,2025-10-01,182.5,14.5,22018.5,75,2,2,9245.45,0,2.88
1439,2025-11-01,166.8,14.8,0,0,2,1,8785.09,0,2.51
1157,2026-04-01,176.6,8.6,0,0,3,1,12113.94,2,2.93
791,2026-03-01,168.5,8.5,0,0,2,2,6468.19,10,2.31
590,2026-01-01,178.6,2.6,0,0,5,0,5873.41,0,3.76
567,2026-06-01,179.9,11.9,0,0,5,1,8062.61,2,3.36
366,2026-03-01,181.1,5.1,21162.03,67,1,0,8534.76,6,3.07
1287,2026-04-01,180.2,12.2,0,108,6,1,13195.8,2,3.84
23,2026-03-01,187.6,11.6,0,0,5,0,6824.22,8,3.68
1156,2026-06-01,173.4,13.4,22888.51,65,2,2,10120.28,0,3.31
1392,2026-02-01,154.7,10.7,18274.29,48,2,2,7198.02,8,3.61
56,2026-04-01,178.6,2.6,24717.27,102,2,0,8004.47,2,4.23
1318,2026-06-01,183.9,15.9,0,139,5,1,11600.26,6,4.18
881,2025-10-01,105.6,0,0,82,3,1,8041.83,8,3.88
1391,2026-04-01,181.9,13.9,0,0,3,1,9715.33,6,3.25
77,2025-12-01,190.5,14.5,0,0,8,1,15687.51,6,4.61
642,2025-10-01,186.1,10.1,0,115,3,1,9905.52,0,3.04
1470,2026-02-01,91.2,0,0,43,2,1,8021.5,12,3.94
1453,2025-09-01,183.8,7.8,23449.32,58,2,0,7727.28,2,3.2
532,2025-12-01,195.9,11.9,0,0,4,0,11774.32,4,3.34
664,2026-06-01,169.8,9.8,0,0,4,2,8547.38,8,3.44
351,2025-09-01,178,10,0,116,7,1,11521.47,0,3.96
1110,2026-01-01,177.7,1.7,23532.7,67,2,0,10161.49,6,4.45
114,2026-03-01,183.3,7.3,0,0,5,0,9047.07,10,3.63
500,2025-09-01,178.3,2.3,0,0,4,0,10006.11,6,2.55
368,2026-07-01,185.5,9.5,0,114,4,1,12586.84,6,3.49
825,2026-05-01,176.2,8.2,0,122,6,0,16735.02,6,3.78
1009,2025-12-01,176.1,16.1,0,0,4,3,9984.68,0,3.08
1116,2025-10-01,193.8,9.8,0,0,3,0,7444.49,2,2.87
104,2026-01-01,170.4,2.4,13072.77,43,1,1,9807.04,2,2.59
1491,2026-07-01,184.4,0.4,0,0,4,0,9436.72,4,3.32
1334,2025-11-01,177.3,17.3,0,172,5,0,14260.26,4,3.93
874,2025-12-01,198.5,14.5,49108.03,119,3,0,11213.54,8,4.11
532,2025-10-01,187.2,11.2,0,0,5,1,11709.65,0,3.3
771,2026-07-01,105.6,0,0,0,3,1,7879.17,0,2.81
146,2026-02-01,161.2,9.2,0,70,3,1,15081.15,4,2.58
797,2026-05-01,184.2,16.2,0,97,5,0,13261.2,0,2.79
1173,2026-02-01,164.1,4.1,17285.08,61,3,0,6642.78,12,3.73
1082,2026-07-01,195.4,11.4,0,74,3,0,12331.29,6,2.53
370,2026-05-01,179.5,11.5,30808.33,77,2,0,10608.34,2,
995,2026-06-01,186.2,10.2,0,136,6,0,9869.15,0,3.95
832,2026-03-01,158.1,6.1,21813.34,60,1,3,8808.86,10,3.49
622,2026-08-01,169.6,1.6,23163.85,79,3,0,8400.56,4,4.4
688,2025-11-01,172.1,12.1,28218.22,82,3,0,7210.45,4,3.51
1069,2025-12-01,190.9,14.9,0,0,3,1,7483.38,2,2.69
863,2026-06-01,188.9,12.9,38787.09,103,4,0,8397.1,0,4.41
85,2026-03-01,177.8,1.8,25227.07,77,1,0,14021.39,4,3.55
48,2026-08-01,173.9,5.9,0,0,5,0,6732.02,6,4.57
712,2026-02-01,96,0,0,0,2,0,6455.83,12,3.65
814,2025-10-01,188.8,12.8,31640.35,84,2,1,6275.85,4,3.69
1366,2025-12-01,206.1,22.1,0,0,3,0,9530,2,3.42
1445,2026-08-01,173,5,20215.74,74,2,0,11052.05,2,3.61
1400,2025-12-01,182.7,22.7,0,0,2,3,13063.95,8,2.41
896,2025-12-01,190.7,14.7,0,0,5,1,9099.23,0,4.04
310,2026-05-01,174.2,14.2,0,0,6,1,12043.87,4,3.74
1156,2026-05-01,168.7,8.7,19180.76,60,2,1,9751.43,4,3.39
1052,2026-06-01,178.1,10.1,0,0,4,1,8888.44,6,
516,2025-12-01,199.4,15.4,0,0,4,0,6290.78,6,2.39
1148,2025-11-01,177,17,35591.4,109,2,0,12128.83,2,3.63
438,2026-02-01,165,5,0,73,3,0,9365.6,6,3.54
124,2026-05-01,171.7,11.7,0,0,4,1,7112.24,8,4.3
607,2026-06-01,177.9,17.9,0,0,3,2,9581.08,2,4.02
961,2025-09-01,184.2,8.2,0,0,4,0,10539.69,0,4.15
1306,2026-02-01,139.5,3.5,0,0,2,3,8285.41,10,3.6
250,2025-10-01,192.8,8.8,33456.1,90,2,0,9759.28,4,4.18
584,2026-05-01,161.3,9.3,0,0,4,2,12050.42,4,3.82
716,2026-04-01,173.7,5.7,0,0,4,1,8449.18,4,3.16
769,2026-05-01,155.2,11.2,20774.27,69,2,3,9088.92,2,3.87
1057,2026-01-01,152,0,0,0,5,3,7736.83,6,3.87
7,2026-01-01,160,0,0,0,4,2,9353.33,2,3.01
1058,2026-08-01,172.9,4.9,21843.47,69,3,0,8843.06,8,3.81
805,2025-10-01,184.1,8.1,26663.2,81,3,1,12369.78,8,3.13
379,2025-10-01,190.7,6.7,20293.06,63,2,0,7626.1,8,2.89
36,2026-04-01,184.2,8.2,0,88,3,0,11759.16,6,3.04
956,2026-03-01,185,9,0,0,7,0,9687.31,10,4.54
899,2025-11-01,171.3,11.3,0,0,5,0,5703.19,4,4.18
317,2025-10-01,196.7,12.7,0,0,4,0,11938.5,0,2.62
1341,2026-07-01,176.9,8.9,27029.79,81,2,2,12263.66,4,4.11
301,2026-01-01,176.1,0.1,0,0,4,0,8282.83,0,3.02
1091,2026-04-01,185.8,9.8,0,0,6,0,12617.04,4,3.81
950,2026-04-01,182.8,14.8,0,129,5,1,10162.09,0,4.43
370,2026-02-01,165.4,5.4,15115.48,50,2,0,10099.03,12,3.01
182,2026-01-01,176,0,0,0,3,0,6943.83,4,3.37
929,2026-06-01,175.5,7.5,20266.17,60,1,1,8260.64,2,2.85
883,2026-04-01,187.2,11.2,37507.01,109,2,0,8285.97,0,4.61
1483,2025-12-01,179.2,11.2,0,0,5,2,8932.79,2,3.67
874,2025-10-01,188.5,12.5,33843.87,100,4,1,11041.1,4,4.01
18,2026-02-01,150.1,6.1,0,54,3,2,8883.78,12,2.85
1252,2026-04-01,187.9,11.9,0,119,4,0,11572.47,6,3.41
341,2026-04-01,166.6,6.6,0,0,3,2,7673.6,8,3.42
273,2026-08-01,151.2,15.2,0,93,3,4,13144.9,0,3.58
971,2025-11-01,91.2,0,0,96,3,1,6669.33,6,4.55
1498,2025-09-01,178.4,10.4,0,0,2,1,8422.07,8,2.75
405,2025-10-01,190.6,6.6,0,0,7,0,11886.56,2,4.27
767,2025-09-01,171.4,3.4,0,0,4,1,6520.19,2,3.04
1266,2026-02-01,166.8,6.8,0,90,5,0,9408.55,6,4.02
940,2026-08-01,164.7,4.7,0,0,5,1,7903.39,2,3.95
532,2026-02-01,165.3,5.3,0,0,4,0,11164.61,10,3.35
955,2026-05-01,173.5,5.5,23743.88,71,2,0,6550.09,2,3.5
1142,2026-06-01,100.8,0,0,67,2,1,5874.3,4,3.16
1043,2025-09-01,170.2,10.2,0,0,6,2,6981.43,0,4.65
434,2025-11-01,175.5,15.5,0,0,7,0,10861.61,8,4.81
441,2026-05-01,182.1,14.1,0,0,4,0,7802.52,4,3.42
1307,2026-07-01,188,4,0,0,6,0,13989.72,8,
668,2025-09-01,152.7,8.7,17127.16,49,2,4,7936.7,6,3.25
433,2025-10-01,191.3,7.3,22713.6,81,2,0,11176.43,6,3.01
323,2025-11-01,153.4,17.4,24326.95,72,2,3,8094.69,0,3.24
628,2026-07-01,180.3,4.3,0,88,5,1,18169.01,4,2.89
1463,2026-01-01,179.6,3.6,23088.37,74,3,0,7914.97,0,4.49
913,2025-11-01,172.8,12.8,23366.55,90,2,0,5683.44,6,3.29
533,2025-10-01,105.6,0,0,0,3,1,4849.5,4,3.51
1356,2026-08-01,176.9,8.9,0,120,5,0,15318.62,6,4.35
810,2026-02-01,96,0,0,0,2,0,7919.83,10,4.19
881,2025-12-01,105.6,0,0,95,2,1,8041.83,8,3.79
1316,2025-11-01,167.9,15.9,0,0,4,1,6787.66,8,3.1
805,2025-11-01,170,10,25491.09,81,2,0,12559.84,4,3.11
1116,2025-09-01,181.8,5.8,0,0,3,0,7206.94,8,2.5
797,2026-03-01,173.7,13.7,0,84,3,2,13009.57,12,2.66
1434,2026-03-01,178.2,10.2,0,0,3,1,9758.51,6,3.31
931,2026-04-01,180.3,12.3,0,119,4,1,14353.51,6,3.54
1421,2026-01-01,182.2,6.2,0,64,3,0,16578.55,4,2.89
214,2026-08-01,157.9,5.9,23168.51,52,1,2,9264.55,4,3.24
364,2026-05-01,180.7,12.7,0,100,3,0,18009.3,2,2.7
824,2026-04-01,173.7,5.7,0,0,3,1,8747.89,4,3.36
711,2026-01-01,178.2,10.2,0,79,5,1,13254.76,8,3.48
756,2026-04-01,184.5,8.5,0,0,5,0,9277.33,6,3.48
199,2025-11-01,178.6,18.6,0,147,5,0,15391.25,8,3.66
1451,2026-05-01,179,11,0,119,3,0,12512.57,8,3.42
1131,2026-02-01,145.2,1.2,0,0,3,2,6656.41,10,4.44
940,2026-05-01,147,11,0,0,4,4,8317.44,6,3.91
735,2025-09-01,184.1,8.1,24912.45,99,3,0,6886.6,4,4.13
875,2026-05-01,96,0,0,0,2,1,6974.33,2,3.66
1093,2026-01-01,167.5,7.5,0,73,4,2,10941.89,8,3.08
303,2026-08-01,169.7,9.7,21945.94,68,2,1,9245.85,2,3.41
562,2025-09-01,96,0,0,0,1,2,5408.67,6,3.23
1097,2026-05-01,177.4,9.4,26788.02,80,2,0,5839.27,4,3.47
488,2025-12-01,189.3,13.3,0,0,5,1,13275.41,8,3.82
612,2026-06-01,105.6,0,19241.79,49,2,0,5378.17,0,3.98
456,2026-08-01,169.1,9.1,0,0,4,1,13226.55,4,3.9
672,2026-06-01,185.3,9.3,33547.29,87,2,0,9859.39,4,3.44
1285,2025-11-01,179.8,19.8,0,0,7,0,10920.26,8,4.22
1432,2026-06-01,192.4,16.4,0,110,3,0,14744.13,0,2.96
614,2025-09-01,183.4,7.4,0,0,4,0,8794.81,6,3.3
219,2025-10-01,183.5,7.5,0,0,4,1,8174.02,0,3.68
118,2025-12-01,185.5,17.5,0,0,5,2,8393.44,8,3.77
611,2026-08-01,166.7,6.7,0,0,5,1,9390.11,0,3.78
679,2026-06-01,171.3,11.3,0,102,3,2,15960.01,2,3.13
302,2026-03-01,181.3,13.3,0,0,5,1,13354.76,12,3.22
252,2026-06-01,190.6,14.6,0,0,5,0,7454.72,6,3.31
246,2026-06-01,166.4,6.4,0,0,3,2,15804.91,4,
74,2026-07-01,191.7,7.7,0,120,6,0,22881.09,6,3.45
465,2026-03-01,100.8,0,9890.22,34,1,1,5256.17,10,3.11
417,2026-06-01,189.2,13.2,0,0,6,0,6638.22,2,3.85
475,2026-04-01,172.8,4.8,0,0,5,1,7740.54,4,4.28
487,2026-03-01,175.5,7.5,0,0,5,1,10837.35,8,3.44
738,2026-06-01,160.4,8.4,19943.65,62,2,3,6401.65,6,3.45
1007,2026-07-01,176.8,8.8,21440.53,66,3,2,10076.57,2,3.87
109,2026-08-01,161.8,9.8,0,0,3,2,6661.44,4,2.92
1229,2025-10-01,185.9,9.9,0,0,4,1,8554.2,8,3.25
99,2026-05-01,100.8,0,17341.74,46,2,0,6923.5,2,4.23
933,2025-09-01,174.4,6.4,17271.08,61,1,1,10461.5,8,2.92
1429,2026-07-01,193.6,9.6,0,125,6,0,10846.11,6,4.07
83,2025-09-01,152.6,8.6,0,0,2,4,19432.55,0,2.74
386,2026-05-01,176.3,8.3,0,0,4,0,9720.04,6,3.73
1197,2026-04-01,96,0,0,0,2,2,4239.5,6,4.08
1450,2026-02-01,149.1,5.1,0,0,4,2,9275.4,10,3.36
752,2026-02-01,154.7,2.7,0,0,3,1,6929.21,10,3.13
192,2025-12-01,204.5,20.5,37341.68,114,2,0,9839.56,2,3.04
1079,2025-10-01,192.2,8.2,29598.93,82,2,0,6195.33,0,3.3
386,2025-10-01,194,10,0,0,6,0,9853.46,0,3.83
1079,2026-04-01,184.2,8.2,19726.92,63,2,0,6195.33,6,3.13
953,2025-10-01,191.7,15.7,0,94,3,1,10785.8,6,2.56
1458,2026-03-01,175.1,7.1,0,0,4,1,15291.31,4,3.91
4,2026-04-01,175.8,7.8,0,0,8,1,8682.33,2,4.77
1093,2025-11-01,173.8,21.8,0,121,3,1,12213.42,2,3.12
808,2025-11-01,96,0,0,0,2,0,4188.67,4,3.22
510,2026-06-01,178,10,31973.6,90,3,1,7036.6,2,3.79
516,2026-01-01,176,0,0,0,3,0,5551,2,2.27
350,2026-05-01,165.3,13.3,0,0,5,2,8321.22,,4.24
1270,2025-10-01,194.5,10.5,0,139,6,0,15171.76,6,4.11
163,2026-08-01,177.4,9.4,0,93,5,0,14533.65,6,3.51
1105,2026-04-01,105.6,0,0,69,4,0,6577.83,0,3.81
308,2026-02-01,132,4,0,0,4,4,11559.93,12,3.69
1118,2026-05-01,164.1,4.1,0,0,3,1,9264.1,0,4
626,2025-11-01,169.8,17.8,35697.37,113,2,1,9785.09,8,4.14
435,2025-09-01,192.1,16.1,0,98,4,0,17247.32,6,3.26
537,2025-10-01,110.4,0,0,53,3,0,8937.72,8,2.76
1495,2025-12-01,204.6,20.6,0,0,5,0,12757.71,4,4.18
1405,2025-09-01,183.2,7.2,0,0,6,0,8154.1,6,3.92
50,2025-09-01,183.2,7.2,0,0,3,0,7776.09,8,2.73
389,2026-01-01,165.9,5.9,0,71,3,2,16744.58,6,3.43
767,2026-01-01,160.8,0.8,0,0,3,2,6377.68,8,2.8
673,2025-11-01,96,0,16275.16,48,1,0,5225.67,8,3.96
2,2025-09-01,181.2,5.2,0,0,6,0,4674.63,8,3.64
160,2026-04-01,170.9,10.9,0,142,6,2,9356.5,8,4.19
518,2026-01-01,180.7,4.7,19881.26,63,2,0,5810.42,6,3.84
182,2025-12-01,175.4,15.4,0,0,5,3,7869.23,4,3.15
413,2026-03-01,183.8,7.8,26778.33,59,1,0,9040.48,4,3.2
438,2026-08-01,176,8,0,114,5,0,9598.66,2,3.66
1047,2026-01-01,181.9,5.9,0,0,5,0,11497.87,0,4.01
1057,2026-06-01,171.4,11.4,0,0,4,2,8500.1,0,
1393,2026-02-01,164.4,12.4,20763.03,59,2,1,10165.64,10,3.88
604,2025-12-01,207,23,0,225,6,0,14823.31,4,3.84
633,2026-01-01,177.3,1.3,20623.54,64,2,0,8255.68,8,3.8
561,2025-09-01,167.2,15.2,0,0,4,3,9145.66,6,
1302,2025-10-01,191.8,15.8,0,127,3,1,13983.68,4,3.62
482,2026-03-01,169,9,0,90,4,2,14224.12,6,3.16
921,2026-08-01,174.7,6.7,0,0,4,0,9820.35,6,3.2
1367,2026-03-01,181.2,5.2,0,0,5,0,11250.99,6,3.07
185,2025-10-01,195.9,11.9,0,0,6,0,8892.41,0,3.59
425,2026-06-01,181.9,5.9,0,0,3,0,9307.29,8,2.96
1419,2025-09-01,174.7,6.7,21889.47,71,2,1,6217.05,8,3.94
417,2026-01-01,178.2,2.2,0,0,4,0,6071.09,8,3.11
894,2026-07-01,179.4,11.4,0,97,4,2,9550.05,6,3.4
458,2025-09-01,188.4,12.4,0,144,7,0,8720.05,6,4.15
1267,2025-12-01,201,25,0,227,7,1,16583.06,6,3.96
722,2025-10-01,200,16,0,120,4,0,19850.03,6,3.32
1121,2026-01-01,173,5,0,0,5,1,8336.76,8,3.43
1411,2026-01-01,178.8,2.8,21164.83,83,3,0,7924.3,2,4.74
1416,2025-11-01,172.5,12.5,27808.03,90,3,0,9069.47,8,3.9
43,2026-04-01,186,10,0,0,4,0,6848.81,4,3.48
110,2026-04-01,180.2,12.2,27074.96,70,2,1,7980.42,4,3.71
372,2026-04-01,162.6,2.6,0,0,5,2,10073.16,2,4.16
257,2026-02-01,154.4,2.4,0,0,2,1,7586.19,10,2.81
1423,2026-05-01,182.3,14.3,0,133,4,0,11333.39,6,4.32
291,2026-05-01,177.4,9.4,0,0,6,0,7761.54,0,3.76
814,2026-04-01,176.2,8.2,27823.68,86,3,1,6050.93,2,3.95
292,2025-12-01,169.1,17.1,0,0,6,4,7399.5,8,4.28
562,2026-01-01,105.6,0,0,0,2,0,5408.67,8,3.59
195,2026-08-01,172.3,4.3,16353.26,66,2,0,8119.64,0,3.01
179,2026-08-01,157.4,5.4,0,0,3,2,8619.83,,3.82
1453,2026-05-01,170.6,10.6,25388.62,73,2,1,7902.68,0,3.26
842,2025-11-01,166.8,6.8,26078.25,78,2,0,8568.89,6,3.01
1491,2026-01-01,177.8,1.8,0,0,3,0,9550.65,0,3.45
12,2025-12-01,185.3,17.3,0,0,5,2,12156.28,4,4.39
1255,2026-01-01,105.6,0,11549.56,27,1,0,3832.83,8,3.57
1320,2026-03-01,178.9,10.9,23338.08,76,2,1,10102.1,4,3.17
1439,2026-08-01,181.9,13.9,0,0,3,0,8724.43,4,
1258,2026-05-01,173.4,5.4,0,0,3,0,9641.44,0,3.08
1221,2026-02-01,165.9,5.9,0,74,5,0,16092.74,10,3.48
331,2026-06-01,185,9,18109.27,58,2,0,7747.65,8,2.79
1133,2025-12-01,200.6,16.6,0,0,8,0,13964.2,4,4.33
88,2026-02-01,169.6,9.6,0,0,3,0,14215.57,8,3.86
1359,2026-06-01,186.9,10.9,28712.06,87,2,0,7832.46,8,3.84
357,2026-01-01,180.1,4.1,0,0,5,0,6811.22,6,2.93
828,2026-05-01,180,12,27778.24,71,2,0,8203.6,0,3.37
552,2025-11-01,176.2,16.2,0,0,3,0,10096.59,8,3.58
579,2026-02-01,147.5,3.5,0,0,2,2,10589.82,4,2.76
1357,2026-05-01,171,11,0,0,4,1,9052.31,4,3.9
455,2025-11-01,168.6,16.6,27424.35,78,1,1,13045.66,8,3.31
564,2025-12-01,205.9,21.9,42406.9,106,2,0,8723.14,4,3.37
727,2026-02-01,173.9,13.9,0,133,6,0,11970.47,8,4.62
939,2026-03-01,188.7,12.7,0,0,3,0,15718.64,4,3.26
1429,2026-03-01,184.9,16.9,0,134,3,1,11478.74,10,3.59
259,2026-08-01,157.3,5.3,0,0,3,2,9176.25,6,3.07
763,2025-09-01,172.5,12.5,0,101,4,2,13745.04,6,3.26
866,2026-02-01,16.3,0.3,0,0,0,0,1403.96,3.3,2.68
415,2025-09-01,105.6,0,4745.62,15,0,0,4483.5,16,3.82
585,2026-03-01,185.3,9.3,0,0,4,0,12094.36,8,3.56
1176,2025-11-01,165.1,13.1,0,0,2,1,8478.09,8,3.02
113,2026-04-01,180.2,4.2,25405.03,60,2,0,9103.26,4,2.97
364,2026-04-01,190.7,14.7,0,88,4,0,18290.13,2,2.64
574,2026-08-01,175.3,7.3,0,0,5,0,8531.96,8,3.87
1474,2025-09-01,185.7,9.7,0,0,5,0,7747.12,0,3.4
576,2026-04-01,178.8,2.8,0,0,7,0,9340.47,4,4.35
755,2026-02-01,154.1,2.1,13573.76,49,2,1,9813.15,12,3.39
193,2025-11-01,177.6,17.6,0,138,5,0,13308.39,,3.99
125,2026-02-01,140.6,4.6,11313.54,37,2,3,7442.25,4,2.98
74,2026-08-01,183.2,15.2,0,104,4,0,24273.39,4,3.25
858,2026-01-01,105.6,0,0,54,2,0,10675,6,3.73
1287,2026-07-01,186.7,10.7,0,104,6,1,13040.86,2,3.71
727,2025-12-01,207.5,23.5,0,243,8,0,12858.16,0,4.34
986,2025-10-01,192.9,8.9,0,111,4,0,12362.21,4,3.1
1365,2026-04-01,151.3,7.3,20184.86,55,2,4,9749.65,8,3.35
742,2026-07-01,190,6,0,0,5,0,5689.5,8,3.82
1127,2026-04-01,170.1,10.1,0,0,4,2,14239.19,8,2.74
879,2026-04-01,169.9,9.9,0,110,4,2,14028.89,4,3.25
267,2025-12-01,197.2,13.2,37313.68,88,2,0,9322.95,0,2.97
674,2025-10-01,193.9,9.9,0,0,7,0,10662.4,8,4.22
604,2025-09-01,188.3,12.3,0,141,4,0,13678.58,0,3.72
676,2026-05-01,176.2,8.2,0,0,5,0,8416.51,8,3.57
772,2026-03-01,178.5,10.5,0,107,4,1,15970.27,4,3.02
148,2025-12-01,202.9,18.9,0,183,5,0,10658.38,8,3.09
388,2026-02-01,161,9,0,0,3,1,11342.04,10,4.09
1042,2026-04-01,183.2,7.2,18076.58,67,2,0,12279.75,6,2.86
846,2026-02-01,172.4,12.4,0,112,5,0,13936.94,8,3.96
1056,2026-07-01,184,0,0,0,3,0,9577,2,2.99
1236,2025-09-01,185,9,0,85,5,0,11385.87,2,2.95
682,2026-05-01,151.2,7.2,0,0,4,3,8402.5,2,3.94
861,2026-07-01,189.1,5.1,0,0,5,0,8067.68,8,
306,2025-10-01,186.9,10.9,0,103,5,1,11136.78,4,2.95
472,2026-07-01,175.5,7.5,20506.21,59,2,2,8531.3,6,3.19
352,2026-08-01,171.7,3.7,0,0,4,0,7890.13,2,2.79
836,2025-12-01,196.4,12.4,0,0,4,0,8443.22,8,2.75
434,2026-08-01,168,0,0,0,4,0,9577,2,4.67
721,2026-05-01,154.9,2.9,0,0,3,2,12860.51,2,2.69
889,2026-04-01,185.1,9.1,0,0,6,0,10386.03,0,4.17
1075,2025-09-01,105.6,0,8258.82,29,1,0,3914.17,2,2.44
822,2026-06-01,188.1,12.1,0,116,3,0,17127.63,2,3.47
1325,2026-04-01,184.2,8.2,23206.54,79,3,0,8699.6,0,3.85
928,2026-05-01,163.6,11.6,0,0,4,2,9050.48,8,2.62
579,2025-10-01,193.2,9.2,0,0,4,0,11096.83,4,3.12
931,2025-12-01,203.5,19.5,0,186,6,0,15161.8,0,3.72
1120,2025-12-01,174.5,14.5,41062.5,113,2,3,11717.01,8,4.16
90,2026-04-01,173.9,13.9,21923.33,55,2,2,11662.95,0,3.02
713,2026-08-01,175.7,7.7,25697.68,73,3,0,10377.82,2,3.61
274,2026-03-01,183.3,7.3,0,0,3,0,10160.39,8,3.55
1361,2026-05-01,100.8,0,0,0,2,0,5286.67,4,3.75
1023,2026-07-01,187.1,3.1,0,0,5,0,8831.74,0,3.67
1111,2026-03-01,157.4,5.4,0,0,2,3,9056.14,12,2.87
1357,2026-02-01,155.2,3.2,0,0,4,1,8494.39,10,4.01
1177,2026-08-01,178.3,10.3,14776.67,61,2,0,8005.68,0,2.63
1362,2025-10-01,191.2,7.2,0,0,5,0,8089.3,2,3.74
735,2026-06-01,175.4,7.4,34500.3,92,3,1,6847.62,4,4.21
20,2026-03-01,186.1,10.1,0,0,5,0,11939.69,12,4.3
201,2026-07-01,185.6,9.6,0,153,8,1,16627.04,0,
1224,2026-04-01,170.6,2.6,0,0,3,1,13846.69,6,2.96
892,2026-08-01,166.2,6.2,19370.67,43,2,1,11869.06,4,2.79
578,2025-12-01,208.1,24.1,0,192,4,0,14955.25,4,3.97
923,2026-05-01,154.7,10.7,18866.45,55,1,3,7953.37,8,3.16
1441,2025-09-01,179.2,3.2,28610.35,67,2,0,6833.13,0,3.76
893,2026-03-01,167.7,7.7,0,98,4,2,10159.69,10,3.41
410,2026-06-01,187.8,19.8,0,140,5,1,12932.83,,3.42
1011,2025-11-01,174.4,14.4,0,148,6,0,15355.31,8,3.81
1404,2025-12-01,203.4,19.4,34744.81,134,2,0,7756.7,0,3.52
988,2026-06-01,190.3,14.3,18502.37,53,2,0,10499.38,6,2.57
469,2025-11-01,173.3,13.3,25959.95,80,2,0,10667.94,6,3.59
808,2025-10-01,96,0,0,0,2,3,4188.67,6,3.08
496,2025-10-01,110.4,0,0,75,3,0,7604.67,2,3.66
131,2025-10-01,196,12,0,0,4,0,6980.36,8,2.39
1338,2026-06-01,182.8,6.8,0,0,6,0,7773.7,0,4.36
1422,2026-04-01,183.5,7.5,0,0,7,0,7989.97,0,4.35
1066,2026-05-01,154.4,10.4,0,117,3,3,18173.93,0,3.46
1160,2025-12-01,192.1,16.1,42133.46,103,3,1,7274.22,8,3.75
325,2026-07-01,191.6,7.6,20695.25,77,2,0,9751.79,,3.46
518,2026-05-01,175.4,7.4,22432.68,80,3,0,5940.88,4,3.74
251,2026-01-01,171.8,3.8,17872.16,67,2,1,9135.86,0,3.9
1391,2026-01-01,174.8,6.8,0,0,3,1,9182.49,8,3.28
1062,2025-09-01,173.8,5.8,0,0,7,1,9716.03,0,4.67
910,2025-12-01,200,16,0,0,4,0,8541.88,4,3.49
47,2025-09-01,173.6,5.6,0,0,4,1,8527.49,0,2.82
341,2026-05-01,166.9,6.9,0,0,6,1,7692.45,0,3.67
1170,2025-11-01,169.3,17.3,0,0,5,1,8871.75,2,3.57
226,2026-02-01,167.7,7.7,0,0,4,0,9987.43,6,3.32
678,2025-10-01,110.4,0,16935.97,58,2,0,6771,6,3.83
300,2026-01-01,178.3,2.3,0,0,4,0,12660.58,8,2.59
1239,2026-08-01,169.4,1.4,0,0,5,0,7645.35,4,3.81
241,2026-05-01,179,11,0,0,7,0,11412.82,8,4.17
609,2025-10-01,194.6,10.6,35627.06,101,3,0,7514.2,4,4.12
848,2026-03-01,100.8,0,11926.1,31,1,1,5063,10,3.11
639,2025-12-01,203.4,19.4,0,0,4,0,10341.81,2,3.87
15,2026-03-01,183.3,7.3,0,128,5,0,4539.75,12,4.39
558,2026-06-01,168.9,8.9,0,0,4,2,10150.37,2,2.9
836,2026-08-01,166.8,6.8,0,0,5,1,8073.7,8,3.07
624,2026-03-01,182.8,6.8,0,0,4,0,7115.62,10,2.52
203,2025-12-01,200.7,16.7,28012.12,111,1,0,8785.14,8,2.95
894,2025-12-01,195.4,19.4,0,150,5,1,10151.84,8,3.14
315,2026-07-01,189.5,5.5,0,0,5,0,8371.34,6,3.87
800,2026-03-01,168.6,8.6,0,0,6,2,11917.32,8,4.19
1224,2026-05-01,161.6,1.6,0,0,4,1,13729.5,4,3.03
1433,2026-08-01,165.2,5.2,16910.19,61,1,1,7256.31,8,
1319,2025-09-01,91.2,0,0,0,2,3,4961.33,0,3.02
1341,2025-09-01,183.3,7.3,27419.82,84,3,0,12106,0,
443,2026-08-01,174.2,6.2,29678.49,90,3,0,11815.5,8,4.32
625,2026-01-01,166.2,6.2,0,0,5,2,9244.58,2,3.72
621,2026-04-01,167.6,7.6,0,74,3,2,11908.02,4,2.89
850,2025-09-01,184.4,8.4,0,77,4,0,12999.6,6,2.65
735,2025-11-01,173.9,13.9,33686.23,93,2,0,7209.62,8,4.35
1439,2026-03-01,176.8,8.8,0,0,4,1,8380.73,6,2.73
502,2026-04-01,163.6,3.6,0,0,3,2,10745.48,6,3.84
114,2026-01-01,179.5,3.5,0,0,5,0,8767.24,2,3.57
819,2025-12-01,110.4,0,0,0,2,0,4463.17,0,3.5
219,2026-02-01,163,3,0,0,3,0,7875.11,10,3.42
1098,2026-05-01,100.8,0,0,0,4,0,4107.33,2,4.03
250,2026-07-01,176.7,8.7,24892.98,80,3,2,9751.43,4,3.92
1015,2026-07-01,165.4,5.4,0,81,2,3,9769.14,8,2.85
411,2026-08-01,172.1,4.1,0,0,4,0,8895.64,0,3.2
644,2026-06-01,170.3,10.3,0,100,3,2,8713.08,0,3
365,2025-12-01,192.1,16.1,0,0,4,1,7447.97,4,2.75
1058,2026-04-01,172.8,12.8,,85,2,2,9423.03,0,3.93
1416,2026-02-01,165.9,5.9,19261.24,67,3,0,8602.03,4,3.86
964,2026-01-01,174.6,6.6,12360.74,37,1,1,11026.77,6,2.34
60,2026-07-01,179.7,3.7,15829.13,55,2,1,4511.64,6,2.98
1285,2026-03-01,171.6,3.6,0,0,6,1,9613.28,4,4.25
290,2026-04-01,100.8,0,0,0,3,1,6069.5,4,4.31
774,2025-09-01,180.4,4.4,26406.74,95,2,0,7218.79,4,4.26
832,2026-04-01,181.7,5.7,25502.93,70,2,0,8779.89,2,3.23
885,2026-01-01,166.8,6.8,0,0,3,2,9699.21,2,2.91
995,2025-11-01,178,18,0,168,7,0,10481.29,4,4.05
467,2026-08-01,171.4,11.4,0,0,3,1,7539.51,0,3.45
722,2026-07-01,194.9,10.9,0,108,6,0,19080.5,0,3.37
474,2026-06-01,170.7,10.7,0,132,4,2,10841.47,0,3.61
1288,2026-04-01,171.1,11.1,0,0,6,2,11510.98,4,4.06
836,2025-09-01,156.3,4.3,0,0,2,3,7908.74,6,2.9
1312,2025-09-01,105.6,0,16185.81,48,1,0,3954.83,4,4.26
1341,2025-10-01,192.3,8.3,35126.79,87,3,0,12204.54,4,3.79
280,2026-05-01,167.6,7.6,25056.18,75,2,1,7844.77,8,3.64
1373,2025-10-01,193.5,9.5,0,0,5,0,11431.58,6,3.85
694,2025-11-01,96,0,0,77,2,0,5581.5,4,3.58
1313,2026-04-01,162.1,10.1,0,0,5,3,8534.67,0,3.19
942,2025-11-01,166.9,14.9,33928.31,85,2,1,13864.92,0,3.68
1268,2026-06-01,189.2,13.2,0,123,3,0,11146.76,6,2.99
796,2026-01-01,180.3,4.3,0,0,3,0,11293.68,0,3.21
1183,2026-04-01,105.6,0,15979.1,34,1,0,5113.83,2,3.25
144,2026-04-01,105.6,0,0,0,2,0,4432.67,2,2.49
387,2025-12-01,188.2,12.2,0,0,5,1,12858.6,4,3.39
523,2025-12-01,189.2,21.2,0,114,3,2,19876.63,8,2.63
18,2026-06-01,180.2,12.2,0,98,2,1,9329.23,8,3.06
1230,2026-01-01,160,0,0,0,4,2,5693.33,2,3.2
1026,2026-08-01,168.8,8.8,0,0,5,1,10065.63,2,3.29
876,2026-02-01,165.1,5.1,21462.05,51,2,0,9373.37,12,3.8
1424,2026-06-01,189.3,13.3,0,175,7,0,14873.9,4,4.69
528,2026-02-01,91.2,0,0,0,2,1,4910.5,14,4.12
234,2025-11-01,96,0,0,68,2,0,5337.5,2,3.51
1156,2025-09-01,162.3,2.3,17703.24,55,2,2,9249.17,0,3.16
403,2026-02-01,170.3,10.3,0,0,4,0,8348.94,8,3.95
1155,2026-05-01,177.5,9.5,0,95,3,0,9143.06,2,2.92
490,2026-07-01,175.8,7.8,0,0,3,2,9702.51,6,3.55
535,2025-10-01,193.8,9.8,0,0,5,0,12594.98,6,4.13
795,2025-09-01,181.1,5.1,21254.15,64,2,0,8003.99,0,2.78
1055,2025-11-01,96,0,18208.04,59,1,0,4087,0,3.64
765,2025-09-01,180.9,12.9,24853.87,69,2,1,8849.17,8,3.53
709,2026-05-01,175.3,7.3,15709.34,62,1,0,9857.74,2,2.54
727,2026-01-01,186,10,0,102,7,0,11609.84,,4.35
635,2026-04-01,184,8,19337.11,62,2,0,8527.12,8,3.13
1278,2026-08-01,152.9,8.9,0,0,3,3,8792.61,8,2.47
448,2026-03-01,178,10,0,0,3,1,8958.69,6,2.33
1458,2026-06-01,183.3,7.3,0,0,5,0,15316.25,4,4.02
566,2026-02-01,166.9,6.9,0,117,6,0,16591.55,12,4.43
981,2026-02-01,155.8,3.8,20852.84,57,2,1,8075.26,6,4.2
783,2026-05-01,168.7,8.7,0,0,5,1,12593.78,0,3.68
550,2026-05-01,100.8,0,0,62,2,0,8468.83,6,3.49
90,2026-03-01,176.5,8.5,18499.17,64,1,1,11176.45,6,2.86
13,2026-04-01,177.5,9.5,0,0,6,1,12212.76,6,3.75
1283,2026-01-01,178.8,2.8,0,112,6,0,10215.17,2,4.15
1121,2025-12-01,203.4,19.4,0,0,6,0,9332.57,2,3.16
1321,2026-01-01,178.9,2.9,0,0,4,0,10515.61,,4.3
1009,2025-10-01,190.6,14.6,0,0,3,1,9870.92,6,2.88
1445,2025-11-01,172.4,12.4,25012.8,80,2,0,11730.45,6,3.39
184,2025-12-01,206.6,22.6,0,189,7,0,20031.49,8,3.78
1115,2026-06-01,182.1,14.1,0,0,6,1,6730.25,8,3.85
777,2026-07-01,174.2,6.2,0,0,6,2,9373.13,4,3.52
517,2026-08-01,160,0,0,0,4,1,13247.17,0,2.32
1049,2026-05-01,168.2,8.2,0,0,4,1,8601.61,4,3.28
1381,2025-11-01,158.9,14.9,0,0,2,2,8539.32,4,2.31
239,2025-11-01,178,18,0,166,7,0,19435.03,8,4.23
1448,2025-09-01,91.2,0,0,44,2,3,6476.17,4,3.28
1159,2026-07-01,187,3,0,0,6,0,10701.8,2,3.46
754,2026-01-01,160,0,0,0,3,2,8438.33,2,3.23
1141,2026-02-01,162.5,2.5,0,0,5,0,9025.97,10,3.41
79,2026-01-01,159.9,7.9,0,94,5,3,20018.14,2,4.52
1473,2026-01-01,176.1,0.1,0,0,5,0,11142.13,2,3.57
1011,2026-08-01,177.4,9.4,0,136,7,0,14764.52,4,4.24
654,2025-12-01,205.1,21.1,0,216,7,0,8997.59,6,4.2
888,2025-10-01,197.6,13.6,0,137,4,0,15090.34,10,3.57
408,2025-12-01,202.8,18.8,0,0,5,0,9444.74,8,3.91
354,2025-12-01,208.1,24.1,0,171,5,0,12016.69,8,3.01
164,2025-12-01,191.1,15.1,0,0,3,1,9759.4,6,3.62
1066,2026-03-01,179.7,3.7,0,117,5,0,17207.2,10,3.32
160,2025-10-01,199.9,15.9,0,161,5,0,9726.45,4,3.97
782,2026-05-01,177.2,9.2,27102.74,87,2,0,7090.55,8,3.93
1370,2026-07-01,158,6,0,94,3,4,9838.99,6,3.8
916,2025-12-01,201.6,17.6,0,0,6,0,7462.54,0,2.85
478,2026-07-01,182.1,6.1,24985.36,60,3,1,8327.21,0,
153,2026-01-01,177.7,1.7,0,0,4,0,6602.39,0,3.72
789,2025-12-01,203.7,19.7,0,0,7,0,9912.61,0,3.88
722,2026-01-01,181.5,5.5,0,69,5,0,18265.71,6,3.21
812,2026-06-01,157.2,13.2,0,107,3,4,13808.85,4,3.51
1035,2026-01-01,177.2,1.2,0,0,3,0,6656.41,0,3.11
906,2026-05-01,170.9,2.9,0,0,3,0,8139.43,6,3.54
1383,2025-09-01,100.8,0,12492.38,39,1,1,4493.67,0,3.67
301,2025-12-01,205,21,0,0,4,0,9779.61,4,3.2
45,2025-09-01,183.3,7.3,0,0,4,0,9728.03,8,2.58
1381,2026-08-01,178.2,10.2,0,0,2,0,8231.67,8,2.49
71,2025-12-01,197,13,0,0,3,0,14567.82,6,3.03
507,2026-02-01,161.9,1.9,15734.12,57,2,0,7337.02,12,3.46
687,2025-12-01,190.7,14.7,36982.19,94,1,1,11826.7,0,2.76
76,2026-03-01,179.7,3.7,0,0,4,0,11635.84,10,4.6
231,2026-02-01,164.7,12.7,18281.46,42,2,1,9444.73,12,2.97
1179,2025-12-01,182.2,22.2,38672.33,100,3,3,11356.29,4,3.61
1172,2025-09-01,183,7,0,0,4,0,7752.64,2,4.04
191,2026-07-01,176,0,0,0,3,1,6364.33,8,
1078,2026-06-01,164.4,12.4,18014.21,65,1,3,8949.81,8,3.07
645,2026-04-01,184.8,8.8,31596.63,91,3,0,10645.49,4,4.21
863,2026-02-01,155.8,3.8,21988.15,72,3,1,7802.24,12,4.41
1370,2025-12-01,200,24,0,203,5,1,11295.95,4,3.57
1255,2025-09-01,105.6,0,14640.7,40,1,0,3832.83,2,3.75
744,2026-01-01,181.5,5.5,0,0,4,0,5719.35,2,3.74
127,2025-09-01,175.3,7.3,0,0,2,1,7241.98,2,2.57
530,2026-06-01,189.2,13.2,33487.48,89,2,0,11622.54,0,3.99
617,2025-11-01,158.3,14.3,0,0,3,2,10590.78,8,3.68
395,2026-08-01,91.2,0,0,48,2,2,7259,6,3.15
410,2025-11-01,170.5,18.5,0,139,4,1,12808.62,6,3.4
312,2026-03-01,176.1,8.1,0,0,6,1,12478.57,8,3.71
1419,2026-01-01,151.6,7.6,16985.39,55,1,4,6262.82,2,3.75
1467,2026-06-01,182.1,6.1,0,0,7,0,8220.17,0,4.23
1430,2025-12-01,196.9,20.9,0,155,3,1,10804.92,8,2.95
999,2026-04-01,161.6,9.6,0,81,3,3,11055.33,2,3.19
275,2025-12-01,180.5,20.5,0,194,6,3,17883.59,0,
121,2025-10-01,196,12,0,0,6,0,13141.47,0,3.82
1277,2026-01-01,152.3,0.3,0,0,3,3,8246.19,4,3.79
590,2025-11-01,169,17,0,0,5,1,6589.22,2,3.7
239,2025-09-01,179.9,11.9,0,120,6,1,18547.36,6,
556,2026-03-01,105.6,0,0,58,2,0,7238.67,8,3
236,2025-12-01,200.4,16.4,0,0,4,0,10367.33,8,4.08
556,2026-04-01,105.6,0,0,56,1,0,7238.67,6,2.88
339,2026-01-01,170.1,2.1,17884.67,46,1,1,10517.05,2,3.22
71,2025-09-01,182.4,6.4,0,0,4,0,13819.91,8,3.16
917,2026-02-01,153.7,1.7,0,0,4,1,9367.14,4,3.03
823,2025-11-01,155.3,11.3,0,0,6,2,10145.21,2,4.93
826,2026-03-01,190.6,14.6,0,119,4,0,14817.83,10,3.94
1055,2025-12-01,110.4,0,17115.28,54,1,0,4087,2,3.33
1471,2026-04-01,167,7,,81,2,2,7828.12,8,3.74
1410,2026-03-01,181.3,5.3,23542.84,87,3,0,6975.22,10,3.79
1183,2025-10-01,110.4,0,14934.74,42,1,0,5113.83,0,3.16
1365,2026-07-01,187.6,3.6,24028.96,79,3,0,9456.02,0,3.49
1260,2025-12-01,198.4,14.4,0,0,3,0,9981.52,8,3.14
58,2026-06-01,188.9,12.9,0,0,5,0,5763.83,4,5
916,2026-01-01,176,0,0,0,4,0,6476.17,2,2.97
622,2025-11-01,166.9,14.9,36170.83,108,3,1,9354.23,0,4.04
434,2026-02-01,160.2,8.2,0,0,6,1,10256.6,8,4.39
1403,2025-10-01,196.2,12.2,23569.2,62,2,0,8621.1,6,2.93
1362,2026-05-01,177.7,9.7,0,0,4,0,8254.04,0,3.58
313,2025-12-01,168.9,16.9,0,0,3,4,7749.61,4,3.29
537,2026-01-01,100.8,0,0,37,2,1,8937.72,8,2.56
210,2025-12-01,204.1,20.1,0,0,6,0,11266.72,0,3.12
472,2025-10-01,199,15,26635,70,2,0,9051.27,2,2.91
555,2026-04-01,91.2,0,11051.52,41,1,3,3863.33,2,3.76
1088,2025-10-01,196,12,0,80,2,0,11794.78,4,2.1
883,2026-06-01,183.9,15.9,37184.97,105,2,1,8593.21,4,4.46
545,2026-03-01,171.8,11.8,0,0,5,2,12964,6,3.9
1220,2025-12-01,189.7,21.7,0,157,6,2,15372.56,0,3.64
724,2025-11-01,152.4,16.4,29616.97,107,1,3,9519.83,6,4.22
940,2025-12-01,204.2,20.2,0,0,7,0,8922.08,2,3.94
305,2026-07-01,190.5,6.5,0,0,4,0,9922.41,8,3.54
866,2026-01-01,176.4,0.4,0,0,3,0,13731.7,2,2.91
748,2025-09-01,96,0,0,56,3,2,5683.17,4,3.07
969,2025-10-01,184.8,8.8,26717.52,83,2,1,10503.26,8,3.15
356,2026-06-01,183,7,31230.14,90,3,0,9272.98,2,3.58
70,2025-10-01,183.5,7.5,29467.18,88,3,1,14973.08,8,3.46
584,2026-08-01,177.3,9.3,0,0,4,0,12050.42,4,4.12
1104,2026-06-01,164.7,12.7,0,124,3,3,10663.4,4,3.4
1289,2026-07-01,192.2,8.2,0,88,3,0,10522.2,2,2.91
892,2025-10-01,192.4,8.4,21299.96,59,2,0,12083.52,6,2.59
820,2026-02-01,167.1,7.1,14367.48,49,2,0,6925.91,10,2.92
73,2026-06-01,189.4,13.4,0,0,5,0,15055.62,4,2.9
918,2026-05-01,140.6,4.6,16487.11,54,2,4,9757.38,6,2.98
223,2026-07-01,189.6,5.6,0,93,5,0,9657.38,4,2.99
1276,2026-04-01,185.6,9.6,0,0,6,0,6815.98,6,3.96
768,2026-02-01,158.3,6.3,0,0,3,1,8673.24,10,3.38
457,2026-01-01,168,0,0,0,4,1,6547.33,4,3.39
755,2026-08-01,174.8,6.8,23732.77,63,3,0,10205.16,4,3.38
112,2026-02-01,163.2,3.2,0,0,3,0,9100.39,4,3.42
226,2025-11-01,145.1,17.1,0,0,4,4,10749.12,0,3.01
957,2026-01-01,160.9,0.9,15708.39,45,2,2,7069.64,0,3.47
1478,2026-02-01,158.8,6.8,13143.03,53,2,1,8181.35,12,3.22
99,2026-06-01,105.6,0,16342.62,60,1,0,6923.5,6,4.3
530,2025-10-01,175.7,7.7,28028.03,82,3,2,11126.07,2,3.37
709,2026-06-01,182.4,6.4,21208.03,66,2,0,9785.53,0,2.41
1470,2026-03-01,105.6,0,0,70,2,0,8021.5,6,4.15
1498,2025-11-01,167.8,7.8,0,0,3,0,8248.22,,3.09
21,2026-02-01,159.4,7.4,25534.31,65,3,1,5949.75,4,4.69
307,2026-03-01,157.7,5.7,20995.45,56,2,3,7734.41,4,3.21
379,2025-12-01,196.8,12.8,26976.7,80,1,0,8006.61,8,2.84
1087,2026-01-01,182.9,6.9,0,74,5,0,13391.75,8,3.32
944,2026-05-01,177.4,9.4,0,0,3,0,12224.98,0,3.74
1042,2026-03-01,166.6,6.6,21088.22,65,1,2,12219.73,8,2.99
50,2026-04-01,152,8,0,0,2,4,7826.77,2,2.25
1488,2025-10-01,169.1,17.1,0,88,3,4,11029.23,8,2.82
508,2026-07-01,192.1,8.1,21559.6,53,3,0,11009.86,4,3.08
441,2026-08-01,155.1,11.1,0,0,4,3,7621.99,4,3.51
1235,2026-05-01,176.5,8.5,0,0,4,0,10783.53,0,
1498,2026-03-01,171.2,3.2,0,0,3,1,7940.64,8,2.94
246,2025-11-01,161.9,9.9,0,0,4,1,16258.5,8,3.86
80,2026-07-01,188.8,4.8,28805.82,75,3,0,13797.43,6,4.09
607,2026-05-01,157.8,5.8,0,0,3,2,8712.4,4,3.85
1280,2025-10-01,188.9,4.9,0,0,3,0,9336.64,2,2.77
1069,2026-01-01,184,8,0,0,4,0,7087.57,4,3.01
1095,2026-07-01,188.2,4.2,29916.88,95,4,0,6648.33,2,4.6
552,2025-09-01,182.6,6.6,0,0,4,0,9360.93,8,4
1283,2025-12-01,188.2,20.2,0,210,6,2,11716.94,2,4.37
1407,2026-05-01,161.8,9.8,0,109,5,2,14304.46,0,3.47
415,2026-07-01,110.4,0,14195.39,46,1,0,4483.5,8,4
835,2025-09-01,187.1,11.1,0,0,4,0,12123.86,0,2.67
184,2026-02-01,73.7,1.7,0,35,2,0,7786.09,12,3.72
1295,2026-08-01,178.9,10.9,0,123,5,0,13317.41,2,3.72
685,2026-05-01,168.2,8.2,0,0,3,1,8209.63,2,2.4
1432,2026-08-01,157.8,5.8,0,81,3,2,13559.73,0,2.59
1219,2026-04-01,183.7,15.7,0,95,3,1,17737.67,6,2.58
1124,2025-09-01,179.1,3.1,24157.52,65,2,0,9447.66,0,3.66
1003,2025-12-01,197.6,21.6,0,172,6,1,11222.36,8,3.08
1338,2026-08-01,166.8,6.8,0,0,5,1,7773.7,0,4.22
1340,2025-10-01,195.5,11.5,21015.03,59,1,0,5635.04,8,2.53
972,2025-12-01,196.5,12.5,0,0,7,0,11581.89,2,3.88
590,2026-02-01,164.1,4.1,0,0,5,0,5947.97,4,3.57
1342,2025-10-01,194.1,10.1,29262.5,80,2,0,9982.91,8,3.12
1287,2026-01-01,183.1,7.1,0,98,4,0,12669.02,8,3.82
456,2026-03-01,181.3,5.3,0,0,5,0,12823.36,12,3.85
111,2025-11-01,171.8,19.8,0,142,4,1,16433.99,2,3.69
494,2026-05-01,172.5,4.5,23459.14,52,2,0,8999.32,2,2.79
562,2026-06-01,96,0,0,0,2,2,5408.67,6,3.77
311,2026-05-01,166.9,14.9,0,0,3,2,9067.29,0,2.9
165,2026-02-01,158.5,6.5,20504.86,49,2,1,8343.85,10,3.83
377,2026-05-01,159.8,7.8,30084.86,76,3,2,7206.34,0,4.27
592,2026-07-01,193.1,9.1,0,115,5,0,10708.75,6,4.15
453,2026-02-01,170.4,10.4,0,89,4,0,15325.94,12,3.35
1049,2026-02-01,166,6,0,0,3,0,8448.7,6,3.18
621,2026-02-01,144.5,0.5,0,58,4,2,11221.51,10,3.25
867,2026-06-01,193.9,17.9,0,150,6,0,12716.07,6,3.78
548,2025-11-01,176.2,16.2,0,105,3,0,21329.2,6,2.49
30,2026-07-01,188.3,4.3,29769.14,86,2,0,7486.94,4,4.41
881,2026-08-01,100.8,0,0,74,3,0,8041.83,6,
455,2026-04-01,157.7,5.7,21704.02,53,2,3,11969.67,2,3.21
754,2025-09-01,171.7,11.7,0,0,4,2,9292.71,4,3.51
849,2026-02-01,166.1,6.1,0,103,5,0,10243.11,10,3.93
1178,2026-01-01,176,0,0,0,6,0,5947.5,0,3.38
1428,2026-06-01,190.6,14.6,0,104,5,0,13615.46,2,3.24
401,2025-09-01,165.4,5.4,0,0,4,2,10152.24,4,2.93
1159,2025-10-01,195.1,11.1,0,0,4,0,11432.98,6,2.86
867,2026-07-01,185.1,9.1,0,131,5,1,11877.58,2,3.95
1260,2026-02-01,162.5,2.5,0,0,3,0,9067.52,4,3.54
1389,2026-02-01,91.2,0,0,37,2,0,8711.82,8,3.22
811,2026-05-01,107.1,3.1,11510.1,43,1,0,5784.99,8,3.21
688,2026-05-01,183.2,15.2,21923.81,83,2,0,7385.55,8,3.49
1356,2026-05-01,181.3,13.3,0,126,4,0,15860.2,2,4.1
926,2026-02-01,154.8,2.8,0,0,3,1,5488.17,10,3.61
679,2025-12-01,195.4,19.4,0,180,4,1,16979.1,4,3.4
284,2026-05-01,175.4,7.4,33139.31,92,3,0,6025.47,8,4.32
528,2026-06-01,100.8,0,0,0,3,1,4910.5,,4.43
1135,2025-10-01,110.4,0,0,0,3,0,6872.67,0,3.17
671,2026-06-01,177.8,9.8,0,124,4,1,12716.3,8,3.84
1423,2026-06-01,179,11,0,139,6,1,11045.38,4,4.48
1323,2025-11-01,91.2,0,0,0,2,1,6100,6,3.32
546,2025-12-01,196.9,20.9,46212.63,139,2,1,9316.24,6,4.16
334,2025-10-01,192.9,8.9,0,0,5,0,13194.38,6,4.06
701,2025-10-01,200.8,16.8,0,154,5,0,12669.48,8,3.87
340,2025-10-01,188.8,12.8,0,0,2,1,6719.23,10,3.67
1053,2026-08-01,175.7,7.7,0,0,5,0,11896,0,4.78
848,2026-07-01,110.4,0,11501.06,37,2,0,5063,4,3.16
406,2026-01-01,170.8,2.8,0,0,4,1,8927.88,8,3.38
1016,2025-11-01,173.2,13.2,0,0,4,0,13990.1,8,3.82
532,2026-08-01,174.7,6.7,0,0,4,0,11293.94,6,3.52
384,2026-07-01,202,18,0,113,7,0,10281.53,0,3.85
380,2025-09-01,177,9,23459.74,62,2,1,7166.85,0,3.37
734,2026-04-01,186.3,10.3,0,0,6,0,8160.7,0,3.33
1402,2026-03-01,178.5,10.5,17824.09,70,2,1,8561.84,12,3.07
384,2025-09-01,188.2,12.2,0,139,5,0,9835.03,4,3.7
1006,2026-08-01,168.6,8.6,16766.98,53,2,1,6477.52,8,3.27
569,2026-05-01,181.5,13.5,0,100,5,0,10079.99,6,3.31
1462,2026-03-01,171.7,3.7,19625.79,62,2,1,8740,12,3.05
916,2026-03-01,183.9,7.9,0,0,4,0,6918.91,8,2.72
573,2026-08-01,180.8,12.8,0,112,4,0,13370.7,4,4.01
1128,2026-04-01,183,7,0,0,4,0,7493.86,4,3.69
437,2026-05-01,176.3,8.3,0,0,4,0,9829.01,6,3.52
1046,2026-04-01,170.9,10.9,0,113,6,2,9876.3,2,4.01
376,2025-12-01,189.8,13.8,0,0,3,1,10151.67,4,3.44
1327,2026-03-01,189.2,13.2,0,106,4,0,10897.55,12,3.28
910,2025-11-01,160.4,16.4,0,0,4,2,8567.85,6,3.18
1271,2025-12-01,193.4,17.4,36370.77,125,3,1,9311.24,4,3.82
1299,2025-11-01,176.8,16.8,0,133,4,0,11854.73,6,3.91
483,2026-08-01,100.8,0,0,0,2,0,5581.5,6,3.52
1074,2026-01-01,185.7,9.7,0,98,4,0,11317.62,2,3.89
446,2025-12-01,204.9,20.9,0,0,5,0,9940.52,8,3.42
1057,2026-03-01,172.4,4.4,0,0,6,1,8031.43,8,3.89
972,2026-01-01,163.2,3.2,0,0,3,2,10740.75,2,3.91
812,2026-03-01,183,15,0,133,4,1,14001.9,6,3.63
1092,2026-03-01,187.3,11.3,0,0,4,0,9419.76,8,3.99
900,2026-01-01,181,5,0,125,8,0,12430.9,2,4.66
489,2026-06-01,188,12,32053.46,112,2,0,7507.81,0,4.24
1312,2025-11-01,96,0,19201.34,60,2,0,3954.83,6,4.39
939,2026-07-01,180.2,4.2,0,0,5,1,14676.91,2,3.31
151,2026-01-01,105.6,0,0,0,3,0,3395.67,4,3.8
1468,2025-09-01,183.4,7.4,0,0,3,0,7658.95,4,3.53
884,2026-02-01,162.3,10.3,0,95,4,1,13077.06,4,3.82
219,2025-09-01,170.4,10.4,0,0,4,2,8366.66,0,3.28
1074,2026-03-01,189.5,13.5,0,126,5,0,11660.98,4,4.07
1053,2026-01-01,179.9,3.9,0,0,4,0,11529.24,2,4.66
181,2026-06-01,185.8,9.8,24597.53,84,2,0,12352.34,2,3.14
1455,2026-03-01,24,0,0,11,0,2,2516.71,4.8,3.46
624,2026-02-01,160.5,0.5,0,0,4,0,6749.24,4,2.69
1481,2026-02-01,164.7,4.7,0,99,5,0,12854.91,4,3.66
893,2026-07-01,194.2,10.2,0,119,6,0,10365.76,4,3.88
46,2026-03-01,183.9,7.9,24938.55,68,2,0,6625.65,4,
1486,2025-09-01,186.4,10.4,0,0,3,0,8654.78,8,2.91
505,2026-01-01,176,0,0,0,4,0,8031.67,0,3.56
732,2026-02-01,160,0,0,0,3,0,7091.67,12,3.47
1241,2026-01-01,162.6,2.6,13485.96,44,2,2,7890.12,4,3.25
470,2026-03-01,174.5,6.5,0,0,5,1,11092.91,12,4.59
235,2025-10-01,194.7,10.7,0,0,4,0,11863.41,6,3.53
394,2026-02-01,155.1,3.1,0,0,4,1,8059.22,12,3.74
903,2026-04-01,179.8,3.8,0,0,5,0,8022.76,8,3.54
525,2026-06-01,191.9,15.9,0,107,6,0,11195.46,8,3.36
167,2026-02-01,156.1,4.1,0,0,4,1,8053.45,12,3.88
1047,2026-02-01,160.2,0.2,0,0,6,0,10958.27,6,4.29
617,2026-04-01,186,10,0,0,5,0,10240.08,8,3.98
1195,2026-08-01,160.8,8.8,0,0,4,2,12975.9,,3.67
61,2026-07-01,189.8,5.8,0,0,5,0,14467.27,4,3.7
591,2026-08-01,167.5,7.5,0,0,5,1,8260.64,6,3.61
831,2026-01-01,176,0,0,0,4,0,10085.33,4,2.85
487,2026-04-01,186.8,10.8,0,0,6,0,11127.98,8,3.5
752,2026-07-01,187.1,3.1,0,0,4,0,6952.65,2,3.43
96,2026-02-01,96,0,0,49,3,0,5805.17,4,3.84
1170,2026-02-01,155.4,3.4,0,0,5,1,7943.54,6,3.57
1360,2026-02-01,167.5,7.5,0,93,5,0,10815.7,12,3.83
1399,2026-01-01,172.4,4.4,0,0,3,1,9139.58,8,3.72
1328,2025-10-01,110.4,0,0,0,2,0,4056.5,4,3.42
1263,2026-01-01,105.6,0,11484.47,34,1,0,5286.67,4,3.44
1129,2025-11-01,174.2,22.2,0,147,4,1,13901.46,2,3.23
150,2026-05-01,172.9,4.9,25957.21,84,3,0,8859.74,2,4.1
666,2026-08-01,161.6,9.6,0,94,4,2,11363.64,8,
63,2026-01-01,176,0,0,0,4,0,28060,8,3.29
203,2026-01-01,179.8,3.8,15261.97,37,1,0,7928.25,4,2.76
1134,2025-09-01,165,5,21184.28,46,2,2,7181.17,4,2.78
694,2026-01-01,105.6,0,0,48,2,0,5581.5,8,3.57
1269,2025-10-01,190,14,0,139,5,1,14054.22,0,4.18
266,2026-01-01,169.8,1.8,0,0,3,1,10975.51,6,2.73
338,2026-02-01,137.6,1.6,12536.23,35,2,3,9091.16,12,2.99
1122,2026-08-01,150.5,6.5,0,0,4,3,9739.86,2,
1289,2026-05-01,163.3,11.3,0,78,3,2,10785.77,8,2.75
656,2026-08-01,180.1,12.1,0,109,5,0,11994.96,2,
334,2026-01-01,176,0,0,0,6,0,12250.83,6,4.28
538,2026-04-01,183,7,0,0,5,0,9574.89,2,3.2
1075,2025-10-01,96,0,10383.13,26,1,3,3914.17,0,2.28
229,2026-07-01,180.2,4.2,0,0,6,1,9313.99,0,
1250,2025-09-01,189.8,13.8,0,106,5,0,12075.03,8,3.51
358,2026-05-01,169.8,9.8,25626.51,63,2,1,10058.34,8,3.31
49,2025-11-01,162.8,10.8,22096.16,58,1,1,8004.14,8,2.68
125,2025-10-01,194.2,10.2,21563.01,80,3,0,7789.11,8,3.16
1246,2026-08-01,177.2,9.2,17987.17,51,2,0,8802.82,6,2.94
292,2026-01-01,179.5,3.5,0,0,5,0,6640.9,0,5
487,2025-10-01,176,0,0,0,5,1,10176.83,8,3.4
737,2026-02-01,164.5,4.5,0,0,3,0,8513.44,10,4.11
1392,2026-03-01,173.6,5.6,25719.82,82,2,1,6907.26,4,3.72
535,2026-08-01,165.5,5.5,0,0,5,1,12162.94,6,4.52
908,2026-03-01,177.9,1.9,0,0,4,0,7347.35,4,3.36
483,2025-10-01,110.4,0,0,0,2,0,5581.5,0,3.38
216,2026-02-01,168.3,8.3,0,0,6,0,9480.31,12,3.91
726,2026-05-01,167.8,7.8,0,0,3,1,6815.63,6,3.13
901,2026-07-01,187,11,0,83,3,1,9809.45,0,2.98
1485,2025-12-01,105.6,0,30350.95,76,2,1,5073.17,4,4.6
295,2026-04-01,166.2,14.2,0,94,4,3,13870.43,8,3.6
1035,2026-07-01,166,6,0,0,4,3,6930.07,4,
978,2025-10-01,184.7,8.7,24226.75,81,2,1,8220.94,6,3.17
136,2026-01-01,179.1,3.1,0,0,3,0,10376.77,8,2.67
1221,2026-05-01,183,15,0,127,4,0,17298.49,6,3.49
1400,2026-01-01,176.1,0.1,0,0,5,0,10928.45,4,2.79
156,2025-12-01,195.1,19.1,0,0,6,1,17095.36,6,3.24
1373,2025-11-01,172.3,12.3,0,0,5,0,11687.53,4,3.6
439,2025-09-01,105.6,0,0,0,3,0,4961.33,0,3.85
24,2026-03-01,180.4,4.4,0,0,8,0,6121.19,6,4.54
150,2025-11-01,156.2,12.2,29792.15,91,2,2,9396.67,8,4.4
970,2026-01-01,180.9,4.9,0,89,4,0,11943.69,8,3.22
512,2026-05-01,96,0,0,0,4,1,5063,2,4.17
518,2025-10-01,195.5,11.5,35301.02,110,3,0,6138.98,0,3.82
844,2026-07-01,193.7,9.7,0,0,5,0,9455.23,0,4.01
455,2026-02-01,165.2,5.2,20144.46,45,2,0,11920.32,6,3.2
1022,2025-11-01,167.7,15.7,0,0,3,1,9861.96,8,3.56
681,2026-04-01,189.5,13.5,0,0,5,0,10355.22,6,3.21
895,2025-11-01,96,0,0,0,3,0,3517.67,0,3.54
313,2026-04-01,184.9,8.9,0,0,4,0,7281.55,6,3.45
331,2025-11-01,179.6,19.6,25945.22,77,1,0,8407,6,2.74
606,2026-04-01,105.6,0,0,0,3,0,6028.83,6,4.8
1355,2026-06-01,173,5,27383.98,72,2,1,10882.34,4,3.24
414,2025-10-01,192.5,8.5,0,0,5,0,6020.87,4,2.55
301,2026-05-01,168,8,0,0,3,1,8848.6,6,3.12
1481,2026-08-01,171.9,3.9,0,122,5,0,12769.4,2,3.66
96,2025-09-01,100.8,0,0,74,3,1,5805.17,8,3.91
374,2026-01-01,176.5,0.5,0,0,5,0,8689.27,0,3.7
939,2026-02-01,166.3,6.3,0,0,4,0,14934.28,8,3.34
142,2026-02-01,154.2,2.2,14351.81,52,2,1,6112.53,4,3.22
527,2026-05-01,177.8,9.8,0,123,4,0,12185.15,8,3.75
517,2026-04-01,184.5,8.5,0,0,3,0,14221.6,6,2.29
777,2026-04-01,184.5,8.5,0,0,4,0,9550.19,8,3.95
196,2026-01-01,105.6,0,10838.72,34,1,0,5032.5,2,3.73
109,2026-07-01,187.4,11.4,0,0,4,1,6746.47,6,2.99
1478,2026-04-01,183.5,7.5,,84,3,0,8228.16,0,3.46
838,2026-04-01,96,0,0,59,3,2,8113,8,3.52
148,2026-08-01,174.8,6.8,0,86,5,0,9699.21,8,3.32
268,2025-10-01,195.4,11.4,30823.69,96,2,0,11594.09,8,4.15
572,2026-06-01,168.2,8.2,0,0,3,2,9396.44,0,3.53
667,2026-02-01,162.1,2.1,0,0,5,0,8726.25,6,3.72
740,2026-06-01,194.3,18.3,0,140,6,0,12118.24,4,3.22
1102,2026-03-01,190.6,14.6,0,0,5,0,8118.89,12,4.12
574,2026-06-01,173.8,13.8,0,0,5,2,8983.37,4,3.87
404,2026-08-01,177,9,30238.67,78,3,0,8245.82,8,4.24
983,2025-12-01,200.1,16.1,0,193,6,0,17339.99,6,3.78
1115,2026-04-01,185.3,9.3,0,0,5,0,6481.08,0,3.67
116,2025-11-01,96,0,0,0,3,0,4524.17,4,2.99
243,2026-01-01,163.2,3.2,0,0,5,2,9695.93,8,3.38
456,2025-09-01,179.7,3.7,0,0,5,0,12653.59,0,3.4
1340,2026-03-01,187,11,16066.24,45,2,0,5612.86,6,2.07
189,2026-04-01,181,5,31510.54,91,2,0,8389.8,4,4.06
17,2026-02-01,155.2,3.2,0,0,5,1,5224.1,8,4.31
1020,2026-05-01,152.7,8.7,0,0,5,3,16321.62,8,3.38
246,2025-12-01,199.7,15.7,0,0,4,0,17010.15,0,4.19
1012,2026-03-01,182.6,6.6,0,0,3,0,9500.65,6,3.53
657,2025-10-01,193.2,9.2,0,0,6,0,8275.97,2,3.3
358,2026-04-01,158.5,6.5,20488.5,63,2,3,9793.55,2,2.99
87,2026-01-01,172.9,4.9,0,0,3,1,13363.79,6,2.47
1052,2026-01-01,179.1,3.1,0,0,3,0,8393.28,0,3.6
413,2026-07-01,190.7,6.7,24132.08,68,3,0,8959.86,4,3.3
495,2025-12-01,201.7,17.7,0,0,4,0,11782.55,0,2.64
421,2026-08-01,176,8,0,108,6,0,7912.31,4,4.13
1211,2026-03-01,172.5,4.5,0,0,4,1,9865.45,6,3.55
15,2026-06-01,173.9,13.9,0,165,7,2,4783.63,2,4.42
133,2025-12-01,201.1,25.1,0,194,4,1,16384.48,0,3.22
223,2026-06-01,192.8,16.8,0,105,6,0,10550.14,4,3.17
1164,2026-03-01,173.6,5.6,0,0,5,1,6949.9,12,4.02
456,2025-11-01,147.3,11.3,0,0,5,3,13459.98,8,3.55
53,2026-02-01,159.4,7.4,0,89,4,1,9411.42,8,3.61
1490,2025-11-01,171.7,11.7,0,125,3,0,13278.51,2,3.28
835,2026-07-01,187.2,3.2,0,0,5,0,11367.65,2,
1304,2025-11-01,179.5,19.5,0,150,5,0,10931.71,6,3.61
1043,2025-11-01,157.6,13.6,0,0,5,2,7170.18,4,4.72
1408,2026-03-01,188.1,12.1,0,114,3,0,18475.38,6,3.19
203,2025-10-01,178,2,20447.27,56,2,1,7808.68,0,2.69
1094,2025-09-01,105.6,0,15395.33,46,1,0,5256.17,4,3.58
1062,2026-07-01,182.7,6.7,0,0,6,1,9788.09,0,4.54
327,2026-03-01,180.5,4.5,0,0,6,0,8714.13,10,3.6
1262,2025-11-01,155.6,11.6,0,0,5,2,6097.96,6,3.53
225,2026-06-01,179.2,11.2,0,0,6,1,10059.15,0,3.63
399,2026-03-01,176.8,8.8,21804.08,76,3,1,8424.49,6,3.62
1413,2026-01-01,176.3,0.3,15149.06,50,2,0,12527.27,0,2.94
262,2025-11-01,178.2,18.2,0,0,5,0,15969.06,6,3.48
798,2026-08-01,96,0,0,54,3,1,5225.67,2,
1098,2026-08-01,91.2,0,0,0,2,2,4107.33,4,3.85
1177,2026-05-01,177.1,9.1,19104.63,52,2,0,7929.35,2,2.48
1390,2026-03-01,177,9,0,0,4,1,10059.9,8,3.48
32,2026-08-01,171.8,11.8,0,82,2,1,9524.11,4,2.78
704,2026-01-01,105.6,0,0,40,3,0,5408.67,,2.96
61,2025-12-01,192.1,16.1,0,0,6,1,15695.18,4,3.31
820,2025-09-01,183.4,7.4,22595.04,75,2,0,6942.85,4,3.18
34,2026-06-01,176.4,8.4,0,0,4,1,7852.11,6,4.47
886,2025-12-01,200.6,16.6,0,0,4,0,7367.04,6,3.6
546,2026-08-01,165.6,5.6,24678.46,66,3,1,8271.66,8,4.18
916,2026-04-01,175.3,7.3,0,0,4,1,6885.29,8,2.73
1299,2026-01-01,179.3,3.3,0,82,4,0,10645.57,6,3.77
1082,2026-03-01,191.6,15.6,0,89,3,0,12739.24,10,2.75
430,2026-05-01,173.9,5.9,0,0,7,0,9777.46,4,4.42
1338,2026-05-01,171.6,3.6,0,0,7,0,7570.39,2,4.38
368,2026-02-01,168.9,8.9,0,86,5,0,12526.45,4,3.4
1336,2026-07-01,110.4,0,0,0,2,0,4636,2,
1144,2026-07-01,153.2,1.2,0,0,2,4,13754.53,6,3.01
30,2025-12-01,184.5,16.5,47182.74,139,3,2,8249.03,4,4.47
402,2025-10-01,182.8,14.8,31301.08,115,2,2,9668.18,8,4.43
1191,2026-06-01,185.8,9.8,0,127,3,0,17955.01,0,3.22
733,2026-06-01,190.1,14.1,0,112,3,0,15228.61,4,2.83
1181,2026-05-01,175.8,7.8,0,0,7,0,8052.86,8,4.51
281,2026-07-01,178.3,2.3,0,0,3,1,8938.1,8,2.91
1020,2026-08-01,174,6,0,0,5,0,15966.97,0,3.53
490,2025-10-01,191,7,0,0,4,0,9639.58,0,3.29
1227,2026-07-01,191.9,7.9,0,0,3,0,7624.92,6,2.72
467,2026-03-01,176.4,8.4,0,0,5,1,7361.35,6,3.52
1138,2026-04-01,175.1,7.1,0,0,3,1,15517.93,0,3
1035,2026-04-01,187.8,11.8,0,0,3,0,7260.74,4,3.25
237,2025-12-01,193,17,0,0,3,1,9889.66,4,2.92
925,2026-06-01,188.6,12.6,33990.12,87,3,0,8456.42,6,3.94
539,2025-10-01,185.1,9.1,30164.62,80,2,1,11866.61,8,3.78
882,2026-05-01,57.6,0,0,48,2,1,3839.13,2,4.22
1159,2026-08-01,172.3,4.3,0,0,3,0,10819.15,6,3.15
453,2026-03-01,179.8,11.8,0,111,5,1,15496.29,6,3.39
1350,2025-11-01,166.7,14.7,0,0,4,1,10348.37,,3.75
363,2026-01-01,179.8,3.8,0,0,4,0,10637.51,8,4.36
190,2025-12-01,105.6,0,0,0,2,1,6608.33,8,4.24
1218,2025-12-01,196.7,12.7,36210.21,93,2,0,7312.05,4,3.23
1006,2026-01-01,182.9,6.9,17065.44,51,2,0,6388.82,0,3.3
610,2026-05-01,172.3,4.3,0,0,5,0,8214.54,4,3.35
213,2025-10-01,189.4,13.4,0,69,4,1,10869.09,2,
239,2026-03-01,191.6,15.6,0,136,5,0,19085.78,12,4.15
484,2026-04-01,187,11,0,146,6,0,10633.4,2,4.62
1098,2026-01-01,105.6,0,0,0,3,0,4107.33,2,3.87
1286,2026-05-01,178.1,10.1,0,0,5,0,9385.93,4,3.6
1112,2026-07-01,179.1,3.1,0,87,5,1,13529.47,8,3.48
676,2026-03-01,179.6,3.6,0,0,4,0,8103.67,6,3.24
1102,2026-07-01,180.7,4.7,0,0,4,1,7501.34,6,4.11
360,2026-06-01,189.1,13.1,0,0,3,0,11126.79,6,3.5
63,2026-02-01,157.8,5.8,0,0,3,1,29468.4,4,3.28
1340,2026-05-01,168.1,8.1,14584.9,45,1,1,5484.24,4,2.28
562,2025-11-01,96,0,0,0,2,0,5408.67,8,3.61
200,2025-11-01,177.1,17.1,31747.31,79,3,0,6734.25,8,
753,2026-08-01,164.9,4.9,22853.66,50,1,1,8658.38,2,3.16
1476,2025-10-01,196.2,12.2,0,146,5,0,13398.12,4,3.4
480,2026-08-01,176.8,8.8,0,0,5,0,14781.15,6,3.39
26,2026-04-01,185.2,9.2,0,147,6,0,10756.57,8,4.13
298,2026-01-01,170.3,2.3,17079.24,49,1,1,9062.53,0,3.48
248,2026-01-01,177.9,1.9,18009.07,46,2,0,9476.12,2,2.83
457,2025-12-01,200.8,16.8,0,0,7,0,7499.21,4,3.52
655,2026-02-01,166.7,6.7,0,0,5,0,13283.83,8,4.1
817,2025-12-01,203.4,19.4,32068.26,109,2,0,11042.35,2,3.06
1212,2026-07-01,167.9,7.9,23054.63,56,2,3,8026.81,6,3.77
315,2026-04-01,186.2,10.2,0,0,4,0,8696.36,2,3.49
692,2025-09-01,185.8,9.8,0,0,6,0,11205.34,4,4.05
872,2026-03-01,187.3,11.3,0,0,4,0,9564.85,4,3.19
435,2025-10-01,201,17,0,112,4,0,17365.22,2,3.2
841,2026-08-01,181.1,13.1,23337.04,80,3,0,8081.92,6,3.72
404,2026-03-01,181.4,5.4,35214.09,83,3,0,8007.49,10,4.14
1230,2026-06-01,184.9,8.9,0,0,4,0,6131.83,,3.03
38,2025-09-01,162.8,2.8,23452.66,77,2,2,6872.59,4,3.89
477,2026-01-01,105.6,0,8459.02,32,1,0,4188.67,4,3.09
1239,2025-11-01,159.7,15.7,0,0,5,2,8580.14,8,3.78
1369,2026-02-01,164.3,4.3,20834.94,72,3,0,7033.5,8,4.1
124,2025-12-01,184.3,16.3,0,0,4,2,7369.33,6,4.42
654,2026-01-01,170.1,2.1,0,109,4,1,7746.6,8,4.33
1,2025-11-01,169,9,0,0,5,0,4931.32,2,3.5
508,2025-09-01,181,5,19426.33,48,2,0,10733.85,8,2.69
1013,2026-04-01,171.5,11.5,20370.08,60,1,2,8741.54,4,3.31
992,2026-01-01,105.6,0,13738.76,39,1,0,5134.17,6,4.18
258,2025-11-01,173.7,21.7,0,147,5,1,13537.03,8,3.46
1210,2026-06-01,100.8,0,12988.16,50,1,1,5276.5,8,3.79
105,2026-01-01,178.2,2.2,26721.16,70,3,0,9603.93,2,4.76
114,2025-12-01,190.5,14.5,0,0,3,1,9577.28,2,3.67
503,2026-04-01,190.1,14.1,33448.65,95,3,0,11772.23,6,4.17
22,2026-06-01,179.5,11.5,0,0,5,1,10507.74,8,3.66
318,2026-04-01,173.1,5.1,23967.32,56,2,1,8492.29,4,3.17
1211,2025-09-01,161.9,1.9,0,0,3,2,9651.8,0,3.48
468,2026-08-01,167.1,7.1,0,0,4,1,8913.64,0,3.33
1126,2026-06-01,188.1,20.1,0,107,3,1,13152.46,6,3.15
1027,2026-05-01,177.2,9.2,27523.94,83,2,0,7551.55,0,3.43
277,2026-01-01,184.3,8.3,0,0,3,0,10853.32,2,3.57
215,2026-03-01,187.9,11.9,28797.54,98,2,0,10832.37,4,3.95
1262,2025-09-01,178.8,2.8,0,0,3,0,5675.95,8,3.38
1106,2026-01-01,177,1,14395.55,50,3,0,5927.19,2,3.21
1064,2026-02-01,163.2,3.2,0,0,3,0,9988.48,10,3.33
947,2026-05-01,176,8,0,0,3,0,7207.15,6,
23,2025-12-01,194.9,10.9,0,0,4,0,6786.65,0,3.87
1435,2025-10-01,187.4,11.4,0,0,3,1,7673.55,2,2.62
464,2026-06-01,184.1,8.1,0,0,4,0,6233.31,0,3.54
1010,2026-02-01,91.2,0,0,0,2,1,6354.17,8,3.79
328,2026-02-01,169.7,9.7,0,95,3,0,12254.33,6,3.72
156,2026-03-01,181.2,5.2,0,0,3,0,15330.67,8,3.23
16,2026-05-01,179.8,11.8,0,0,6,0,10420.5,6,4.47
258,2026-02-01,153.3,9.3,0,61,4,2,12314.06,12,3.31
1258,2025-10-01,173,13,0,0,3,3,10247.24,8,3.24
610,2025-11-01,161.8,9.8,0,0,4,1,8591.5,8,2.81
1290,2026-02-01,165.7,5.7,0,0,3,0,8054.46,10,3.02
1174,2026-01-01,168,0,0,0,6,1,12250.83,0,4.57
107,2026-01-01,162.6,2.6,15731.19,44,3,2,7235.21,6,3.6
119,2025-11-01,158.4,14.4,0,0,3,2,10458.92,4,4.12
417,2025-09-01,157.6,5.6,0,0,4,3,6246.38,8,3.32
833,2026-07-01,193,9,0,0,6,0,8503.79,8,4.14
649,2025-09-01,181.6,5.6,0,0,4,0,9476.17,6,3.51
721,2026-06-01,166.9,6.9,0,0,3,2,13294.79,4,2.42
233,2026-08-01,179.1,11.1,0,0,3,0,9594.34,6,
1139,2025-09-01,180.8,4.8,21891.85,56,2,0,6917.55,8,3.19
313,2026-02-01,147.9,3.9,0,0,4,2,6989.01,6,3.28
1070,2025-12-01,210.5,26.5,0,218,8,0,10385.97,2,4.21
154,2026-07-01,178.6,2.6,14571.24,53,2,1,6684.25,0,2.54
1156,2026-01-01,180.8,4.8,15949.17,53,2,0,9445.37,2,
679,2026-02-01,164.8,4.8,0,74,3,0,15142.23,4,3.44
311,2026-07-01,188.2,4.2,0,0,3,0,8323.59,8,2.83
963,2026-04-01,187.6,11.6,0,141,4,0,11187.24,8,3.92
1095,2025-10-01,198.4,14.4,41605.58,104,3,0,7214.6,4,4.84
1013,2026-07-01,191.8,7.8,23343.96,69,2,0,8486.98,0,
1241,2026-04-01,171.8,3.8,24770.5,61,3,1,7970.25,2,3.43
1438,2026-07-01,170.8,2.8,0,0,4,2,8403.3,8,3.76
665,2026-06-01,162.7,10.7,0,0,3,3,10197.2,0,3.86
1364,2026-06-01,173.2,13.2,0,0,3,2,8235.47,6,3.26
1327,2026-06-01,192.4,16.4,0,118,5,0,11168.39,4,3.15
1458,2026-07-01,25.3,1.3,0,0,1,0,2041.13,4,
176,2026-08-01,179.2,11.2,0,0,5,0,9077.77,0,
161,2025-09-01,177.3,9.3,21670.48,69,1,1,8205.71,8,3.08
901,2025-10-01,190.7,14.7,0,95,4,1,10096.25,8,3.04
481,2026-02-01,96,0,0,0,2,0,4595.33,4,3.12
423,2026-06-01,191.6,15.6,0,154,4,0,12058.43,4,3.7
463,2026-06-01,183,15,0,158,7,1,14966.75,6,4.56
663,2025-12-01,205.4,21.4,0,0,4,0,17905.49,6,3.63
1279,2025-12-01,180.2,20.2,0,0,3,3,9578.99,2,2.96
1314,2026-06-01,173.4,5.4,0,0,3,1,7885.55,4,3.85
1257,2026-01-01,169.8,1.8,0,0,2,1,7867.67,2,1.91
171,2026-03-01,182.3,6.3,23964.11,76,3,0,8458.83,8,4.14
652,2026-02-01,138.7,2.7,0,0,4,3,10414.62,8,2.96
981,2026-07-01,168.2,8.2,24590.67,66,2,3,8372.96,8,4.05
528,2026-05-01,100.8,0,0,0,3,0,4910.5,2,4.36
269,2026-01-01,176.9,8.9,0,89,5,1,15439.07,8,3.35
1479,2025-09-01,161.7,1.7,0,0,3,2,10120.23,4,2.59
281,2025-12-01,176,16,0,0,3,3,9977.1,2,2.38
1323,2026-06-01,105.6,0,0,0,3,0,6100,6,3.46
543,2025-10-01,186.5,10.5,0,0,4,1,6909.36,8,3.75
1349,2025-09-01,192.3,16.3,0,109,4,0,11275.93,8,3.66
913,2026-02-01,169.3,9.3,17274.92,53,1,0,5528.46,10,3.42
758,2026-08-01,155.8,3.8,20703.75,52,2,2,6937.54,4,3.48
424,2026-03-01,182.2,6.2,0,0,5,0,7102.15,10,3.72
1078,2026-01-01,179,3,17400.26,53,3,0,8292.33,4,3.43
1380,2026-04-01,154.6,10.6,0,114,4,4,12952.84,2,4.19
1430,2026-08-01,161.2,9.2,0,89,3,2,9878.48,8,3.05
40,2026-01-01,176,0,0,64,3,0,8641.67,6,2.53
1234,2026-03-01,179.2,3.2,22899.9,80,2,0,9769.07,10,3.69
1428,2026-01-01,179.9,3.9,0,86,4,0,12496.14,8,3.17
1079,2026-05-01,173.2,13.2,22540.75,77,2,1,6445.64,4,3.24
1473,2025-09-01,187.3,11.3,0,0,4,0,12221.13,2,3.57
745,2025-11-01,149.3,13.3,0,0,5,3,11846.97,,3.67
1174,2025-11-01,174.8,14.8,0,0,5,0,13819.88,8,4.4
176,2026-07-01,155.2,3.2,0,0,2,4,8504.84,0,2.72
345,2026-03-01,175.5,7.5,0,0,4,1,10101.15,,3.27
319,2025-09-01,184.6,8.6,0,0,4,0,9350.35,8,3.26
1202,2026-07-01,196.3,12.3,0,105,5,0,10438.91,4,3.46
829,2025-10-01,196.7,12.7,0,170,6,0,15797.63,8,4.01
262,2026-01-01,180.1,4.1,0,0,4,0,14285.67,4,
151,2025-12-01,110.4,0,0,0,3,0,3395.67,0,3.8
1010,2026-01-01,100.8,0,0,0,3,1,6354.17,8,3.44
1467,2025-09-01,182.6,6.6,0,0,7,0,8253.96,4,4.02
960,2026-04-01,175.9,7.9,0,146,4,1,11556.86,4,4.32
1110,2026-07-01,184.4,8.4,36439.1,78,4,1,10742.12,2,4.62
963,2026-02-01,141.7,5.7,0,93,4,3,10668.16,6,4.13
1292,2026-08-01,177.1,9.1,0,0,6,0,10375.06,8,4.23
1414,2026-03-01,177.9,9.9,22936.12,63,2,1,9050.89,10,3.18
1030,2025-11-01,171.5,19.5,0,127,4,1,10967.36,6,
425,2026-05-01,165,5,0,0,4,1,9238.32,8,2.68
325,2025-12-01,196.1,20.1,40158.71,115,3,1,10741.57,2,3.64
709,2025-12-01,192.6,16.6,24126.75,70,2,1,10603.96,4,2.11
414,2026-01-01,178.8,2.8,0,0,3,0,5744.23,8,2.58
793,2025-09-01,177.7,9.7,0,85,4,1,12948.59,8,2.87
667,2026-01-01,168,0,0,0,3,1,8570.5,8,3.68
382,2025-10-01,191.1,15.1,0,143,3,1,11104.34,4,3.92
214,2025-09-01,168,8,20249.74,62,2,2,9424.73,2,3.3
1052,2026-07-01,188.2,4.2,0,0,5,0,8471.09,0,3.03
560,2026-05-01,178.6,10.6,0,0,4,0,9900.54,2,3.23
1001,2025-10-01,188.5,12.5,26961.74,94,3,1,7535.58,6,4.13
681,2026-08-01,157.2,5.2,0,0,3,2,9689.24,,3.51
755,2025-10-01,189.6,13.6,26121.39,91,3,1,10772.32,6,3.64
493,2026-07-01,183.5,7.5,19320.78,74,2,1,7156.33,6,3.55
1263,2025-11-01,96,0,16869.07,49,1,0,5286.67,4,3.45
1005,2025-11-01,166,14,0,0,4,1,9107.32,2,3.06
947,2026-04-01,172.9,12.9,0,0,5,2,7492.97,4,3.59
1088,2025-12-01,205.7,21.7,0,107,2,0,12691.72,2,2.27
685,2026-08-01,150.8,6.8,0,0,3,3,8116.76,2,2.36
833,2025-12-01,197,13,0,0,5,0,8776.88,4,3.91
883,2025-10-01,194.2,10.2,33304.56,102,3,0,8220.6,6,4.37
942,2026-08-01,173.9,5.9,24047.06,65,3,0,12908.39,6,3.88
75,2026-05-01,148.6,4.6,13349,44,2,3,11131.66,6,
905,2026-08-01,165.9,5.9,0,0,4,1,7950.2,8,
1312,2026-04-01,96,0,13847.61,51,2,2,3954.83,2,4.24
114,2026-02-01,165.3,5.3,0,0,4,0,8899.79,6,3.36
769,2026-04-01,179.4,3.4,25024.94,81,3,0,8529.63,4,3.84
785,2026-05-01,174,14,34219.81,104,3,1,15011.69,0,4.58
1210,2026-04-01,105.6,0,17644.45,53,1,0,5276.5,0,3.99
769,2026-06-01,178.2,2.2,23188.49,89,2,0,8443.58,0,3.54
675,2026-07-01,175.4,7.4,0,147,6,2,15166.45,8,
500,2026-01-01,176,0,0,0,3,0,9810.83,8,2.38
124,2026-08-01,177.2,9.2,0,0,6,0,6972.52,2,4.67
679,2025-11-01,164.9,12.9,0,128,5,1,16161.31,8,3.52
1063,2026-03-01,185.4,9.4,0,106,3,0,10916.73,6,3.56
1425,2026-06-01,183.8,7.8,0,0,3,0,8595.51,2,3.27
75,2026-08-01,166.4,6.4,16260.11,52,2,1,11298.42,6,2.66
937,2026-04-01,183.1,7.1,0,0,4,0,7672.64,4,4.31
529,2025-12-01,197,13,0,0,6,0,6774.94,6,3.9
167,2026-01-01,176,0,0,0,6,0,7777.5,8,3.89
1383,2025-12-01,105.6,0,21478.15,68,2,1,4493.67,8,3.74
1209,2025-09-01,176.1,8.1,0,0,2,1,7240.98,8,2.49
845,2026-02-01,163.3,3.3,21298.28,58,3,0,8689.77,4,4.26
633,2026-05-01,163.3,11.3,27280.42,69,3,2,8962.16,2,3.67
37,2026-04-01,182.2,6.2,41860.18,104,3,0,6962.9,0,5
500,2026-08-01,150.8,6.8,0,0,3,3,10388.16,8,2.27
1342,2025-09-01,184.4,8.4,22901.88,66,2,0,9847.85,4,3.1
1006,2026-02-01,167.1,7.1,16913.94,59,1,0,6399.26,12,3.35
199,2026-03-01,181.7,13.7,0,110,3,1,14829.09,4,3.41
725,2026-03-01,166.7,6.7,0,0,4,2,10110.77,10,3.23
472,2025-12-01,202,18,38474.12,107,2,0,9259.25,0,3.2
566,2026-01-01,187.8,11.8,0,92,7,0,17255.45,8,4.09
1061,2026-08-01,100.8,0,0,0,3,0,4137.83,8,4.82
952,2026-08-01,165.5,13.5,0,113,4,2,20630.96,4,
1029,2026-02-01,165.1,5.1,17019.03,63,2,0,10063.37,6,3.92
213,2026-02-01,167.1,7.1,0,55,3,0,10338.09,6,2.36
435,2026-08-01,166,14,0,96,4,2,16972.21,2,3.28
742,2026-05-01,175.6,7.6,0,0,6,0,5764.39,2,3.87
796,2025-09-01,169.5,1.5,0,0,3,1,11029.84,4,3.11
257,2025-12-01,186.2,18.2,0,0,4,2,8602.35,6,2.77
918,2026-07-01,192.6,8.6,27059.31,72,3,0,10082.21,0,3.72
1265,2026-06-01,174,14,0,0,2,2,9369.48,8,2.88
1265,2026-07-01,163.3,3.3,0,0,3,3,8595.66,2,2.86
703,2025-09-01,105.6,0,10873.62,26,1,0,3812.5,6,2.61
22,2026-01-01,144.9,0.9,0,0,4,4,9631.1,0,3.41
105,2026-07-01,176.7,0.7,28691.75,83,3,1,9481.59,6,
572,2026-02-01,163.4,3.4,0,0,4,0,9031.99,6,3.62
1488,2026-06-01,181.2,13.2,0,119,3,1,10704.97,8,3.19
713,2025-09-01,174.1,6.1,19299.84,61,2,1,10243.11,4,3.32
1268,2026-07-01,197.5,13.5,0,97,4,0,11172.74,6,3.04
724,2026-08-01,178.9,10.9,33714.19,97,3,0,9123.04,2,4.56
162,2025-11-01,174.1,14.1,0,0,6,0,12080.22,8,3.9
1293,2025-12-01,196.2,20.2,36388.72,98,3,1,13054.66,2,3.43
1207,2026-01-01,180.7,4.7,18454.38,51,2,0,7247.42,2,3.51
1071,2025-09-01,186.1,10.1,21957.98,58,3,0,7849.24,2,2.93
343,2026-06-01,183.8,15.8,0,122,5,1,15302.08,0,3.85
1426,2026-06-01,186.5,10.5,0,0,4,0,9437.99,8,3.48
496,2026-03-01,96,0,0,67,3,2,7604.67,4,3.91
699,2026-08-01,171.1,3.1,25245.79,85,2,0,11211.92,8,5
587,2025-11-01,172.1,12.1,27297.54,96,3,0,13657.18,4,3.35
200,2025-09-01,176.6,8.6,19141.46,71,3,1,6302.74,6,3.47
1266,2026-05-01,187.2,19.2,0,155,7,0,10362.05,2,4.08
1476,2026-05-01,155.7,11.7,0,96,3,3,13345.68,4,3.48
181,2025-09-01,174,6,17060.85,55,2,1,11977.9,6,
42,2026-01-01,170.7,2.7,0,61,4,1,10300.17,4,
868,2025-10-01,197.8,13.8,31849.81,89,3,0,8103.13,6,3.95
421,2025-12-01,205,21,0,193,7,0,8744.81,0,3.75
562,2026-04-01,100.8,0,0,0,2,1,5408.67,6,3.48
1251,2026-07-01,188,4,0,0,3,0,9414.14,0,3.02
464,2026-01-01,179.9,3.9,0,0,4,0,6021.59,0,3.44
1050,2026-06-01,189.9,13.9,0,140,5,0,14020.6,8,3.73
1026,2025-09-01,184,8,0,0,3,0,10000.87,2,2.98
965,2026-07-01,110.4,0,15409.6,51,2,0,6242.33,2,4.74
255,2025-11-01,170,10,0,0,4,0,7246.49,8,4.01
1107,2026-01-01,176,0,0,0,6,0,8438.33,0,3.4
119,2026-01-01,179.8,3.8,0,0,4,0,9605.83,8,4.3
507,2026-01-01,170.9,2.9,14293.66,42,1,1,7399.49,4,3.17
785,2026-08-01,154.9,2.9,26121.25,69,2,2,13725.52,4,4.43
1052,2025-10-01,170,10,0,0,4,3,8881.37,8,2.74
763,2026-08-01,167.1,7.1,0,103,3,1,13165.42,8,3.78
1035,2026-05-01,143.2,7.2,0,0,3,4,6998.48,4,2.84
525,2026-02-01,161.3,1.3,0,77,3,0,9952.05,12,3.03
911,2026-05-01,168.9,8.9,0,0,6,1,8299.87,2,3.95
764,2026-08-01,169.5,9.5,0,99,5,1,13456.04,8,3.62
713,2025-11-01,167.7,15.7,28523.55,80,2,1,11051.4,4,3.28
190,2026-03-01,105.6,0,0,0,4,0,6608.33,8,4.62
884,2026-01-01,179.8,3.8,0,93,5,0,12401.67,4,3.54
262,2026-07-01,154.2,2.2,0,0,4,4,14058.82,8,3.26
84,2026-02-01,167.7,7.7,0,96,4,0,20506.23,4,4.17
527,2026-04-01,182.6,14.6,0,117,6,1,12651.73,2,3.51
570,2026-05-01,167.8,7.8,27301.36,92,3,1,9496.3,6,4
70,2025-12-01,194.1,18.1,39167.3,119,2,1,16262.86,2,3.41
716,2025-09-01,187.5,11.5,0,0,3,0,8853.33,8,3.46
1399,2025-11-01,171.2,19.2,0,0,5,1,10267.21,6,3.67
364,2026-03-01,192.3,16.3,0,102,4,0,18514.8,8,2.86
1388,2026-06-01,100.8,0,0,0,3,1,5713.67,0,3.59
983,2026-08-01,174,6,0,112,4,0,16009.74,4,
699,2026-07-01,180.1,4.1,31274.74,89,4,1,11306.41,2,
1488,2026-04-01,188.6,12.6,0,98,3,0,10655.09,6,3.03
839,2026-07-01,184,8,0,107,6,1,11979.31,8,
1455,2025-10-01,100.8,0,0,71,2,2,7909.67,6,3.38
23,2026-07-01,191.3,7.3,0,0,6,0,6593.45,0,3.77
1497,2026-07-01,188,4,22666.59,74,3,0,8225.54,2,3.5
338,2025-09-01,178.8,10.8,19190.63,53,2,1,9805.07,8,3.03
515,2026-06-01,91.2,0,16104.94,45,2,3,5368,0,3.99
1459,2025-12-01,189.1,13.1,0,0,3,1,8613.92,4,3.18
13,2025-09-01,161.6,9.6,0,0,5,3,12222.52,6,3.74
61,2025-09-01,182.5,6.5,0,0,5,0,14550.72,0,3.7
1378,2026-04-01,176.1,8.1,0,0,4,1,9084.22,4,3.2
679,2026-04-01,188.3,12.3,0,107,5,0,16085.83,8,3.62
243,2025-11-01,177.3,17.3,0,0,5,0,10847.15,4,3.58
1012,2026-06-01,179.3,11.3,0,0,5,1,9866.19,8,3.35
195,2026-04-01,184.1,8.1,,72,2,0,8377.07,6,3.04
881,2026-01-01,105.6,0,0,67,4,0,8041.83,4,4.14
438,2026-07-01,190.8,6.8,0,108,6,0,9505.44,6,3.68
489,2026-03-01,187.8,11.8,26796.39,83,2,0,7496.04,10,4.06
89,2026-05-01,181.8,13.8,0,129,5,0,20792.72,2,3.29
336,2026-07-01,178.4,2.4,0,112,4,1,12725.59,,3.4
139,2026-05-01,171.3,3.3,0,0,4,0,10028.27,2,3.47
1317,2026-05-01,148.2,4.2,0,0,3,3,7006.56,8,3.11
1493,2026-06-01,181,5,0,0,6,0,8750.42,0,
1235,2026-02-01,155.3,3.3,0,0,3,1,10331.52,12,
369,2026-03-01,180.9,12.9,0,104,5,1,11256.41,8,3.25
545,2025-09-01,185,9,0,0,4,0,12678.98,,3.89
1299,2025-09-01,184.8,8.8,0,115,5,0,11138.19,4,3.87
1270,2026-01-01,170.7,10.7,0,86,4,2,15195.83,4,3.97
210,2026-08-01,172.6,4.6,0,0,5,0,9979.38,6,3.07
918,2025-11-01,173.8,13.8,26360.19,89,3,0,10504.48,6,3.54
1158,2026-03-01,187.4,11.4,0,123,5,0,14263.64,12,3.68
44,2026-03-01,185.8,9.8,0,0,3,0,11800.9,10,2.53
133,2026-04-01,185.6,9.6,0,109,4,0,14578.94,2,3.18
110,2025-12-01,202,18,41492.18,143,3,0,8342.73,8,3.89
1033,2026-04-01,185.2,9.2,0,0,4,0,10021.17,8,3.22
494,2025-11-01,162.5,10.5,26649.12,64,1,1,9449.08,8,2.99
1089,2026-05-01,174.8,14.8,0,143,5,1,11055.91,2,3.78
1062,2026-04-01,179.1,3.1,0,0,6,0,9499.86,6,4.55
338,2025-11-01,175.7,15.7,28505.49,68,2,0,10185.3,4,
863,2026-08-01,166.7,6.7,24950.94,84,3,1,7991.81,4,4.48
1202,2026-06-01,191,15,0,128,6,0,10659.36,8,3.34
196,2025-12-01,96,0,17322.38,54,1,3,5032.5,6,3.46
1302,2026-01-01,176.1,0.1,0,86,5,0,12312.31,4,3.72
1076,2026-06-01,184.6,8.6,19163.13,61,2,0,9568.81,6,2.93
138,2025-11-01,184.6,24.6,0,131,5,0,14797.19,6,3.44
1401,2025-09-01,176.4,0.4,0,0,5,0,7467.76,8,3.6
529,2025-10-01,184.5,8.5,0,0,4,1,6537.79,0,4.13
1150,2026-03-01,180.1,4.1,18045.31,58,2,0,7253.37,4,2.78
608,2026-01-01,176,0,22226.18,68,2,0,12027.17,2,4.42
1237,2026-04-01,178.8,2.8,24070.22,64,2,0,8111.74,0,3.55
1335,2026-07-01,187.7,3.7,0,0,4,0,10114.48,0,4.41
795,2025-11-01,172.8,12.8,27057.77,70,2,0,8514.79,6,2.95
1491,2025-12-01,191.4,15.4,0,0,3,1,10657.45,4,3.37
1493,2026-04-01,182.6,6.6,0,0,5,0,8866.56,0,4.1
909,2026-05-01,179.8,11.8,0,141,7,0,13490.63,0,4.26
609,2026-07-01,193.1,9.1,20444.7,69,3,0,7424.86,8,3.73
443,2025-10-01,197.1,13.1,35637.06,98,3,0,12485.09,2,4.45
1200,2026-04-01,182.3,6.3,0,0,4,0,11396.37,2,3.82
1083,2025-10-01,193.4,9.4,0,0,3,0,8630.04,4,2.58
978,2026-04-01,174.5,6.5,20116.53,66,2,1,8075.38,8,3.23
705,2025-11-01,156.9,12.9,24808.28,94,2,2,7538.18,8,3.91
1035,2026-03-01,190.4,14.4,0,0,3,0,7408.97,4,3.26
1029,2026-04-01,181.5,5.5,28433.83,93,3,0,10096.73,6,3.93
322,2026-08-01,170.3,2.3,19439.05,75,2,0,11053.38,8,3.63
1311,2026-02-01,170,10,0,85,3,0,13808.09,4,3.67
421,2026-02-01,166.5,6.5,0,105,4,0,7816.25,6,3.94
1042,2026-02-01,160.9,0.9,11409.09,37,2,0,11649.53,8,2.74
700,2026-07-01,189.2,5.2,0,0,5,0,10231.07,8,3.98
1365,2025-09-01,172.8,4.8,26528.44,60,1,1,9551.25,4,3.47
915,2025-09-01,164.6,4.6,0,0,4,2,7611.39,8,3.38
1240,2026-05-01,152,0,30259.53,85,3,2,8001.17,0,4.34
1436,2026-04-01,182.1,6.1,0,0,6,0,9418.95,4,4.25
958,2026-05-01,161.6,9.6,0,0,3,2,7421.6,6,3.74
430,2026-03-01,176.3,8.3,0,0,6,1,9970.67,12,4.19
626,2025-09-01,181.8,5.8,26129.19,99,4,0,8904.58,2,4.26
1323,2026-01-01,100.8,0,0,0,3,1,6100,8,3.48
1117,2026-04-01,178.8,10.8,0,101,3,1,12217.43,0,3.29
1220,2026-03-01,176.2,8.2,0,123,4,1,13860.56,8,3.96
46,2026-07-01,154.6,2.6,12395.68,39,1,4,6341.2,8,
577,2025-11-01,157.9,13.9,0,0,3,2,9316.69,8,
1286,2026-07-01,187.7,3.7,0,0,5,0,8907.87,4,3.59
1312,2026-08-01,100.8,0,16687.64,57,2,0,3954.83,2,
193,2026-07-01,182.7,6.7,0,107,6,1,12218.97,2,4.11
1339,2025-10-01,175.8,7.8,0,0,6,2,9811.04,6,4.67
28,2026-01-01,176,0,0,0,8,0,11285,,5
410,2026-04-01,183.5,7.5,0,130,5,0,11757.6,6,3.59
1155,2026-03-01,191.6,15.6,0,84,4,0,9589.05,12,2.83
1259,2025-12-01,204.5,20.5,37104.85,103,2,0,11479.49,4,2.95
403,2025-12-01,195.9,11.9,0,0,6,0,8455.08,2,4.02
642,2025-11-01,177.7,17.7,0,113,4,0,10504.64,4,2.8
738,2026-07-01,189.2,5.2,22597.33,76,2,0,6236.39,4,3.41
752,2025-09-01,190.4,14.4,0,0,6,0,7614.77,0,3.13
792,2026-08-01,155.8,3.8,18756.49,50,2,2,11677.1,6,3.05
907,2025-10-01,105.6,0,13986.96,43,1,1,6415.17,8,3.29
933,2026-04-01,180.6,4.6,20197.75,66,2,0,10307.09,0,3.25
399,2026-07-01,169.7,9.7,20078.56,58,3,3,8485.46,6,3.61
7,2026-07-01,192.6,8.6,0,0,5,0,10049.44,0,3.1
410,2025-10-01,198.9,14.9,0,148,5,0,12464.65,6,3.86
1173,2025-10-01,197.3,13.3,28890.68,111,4,0,7153.53,0,3.96
575,2026-04-01,181.5,5.5,0,0,6,0,10480.15,8,3.89
231,2025-09-01,165.3,5.3,19563.34,54,2,2,8899.79,6,3.12
546,2026-05-01,176.2,8.2,29634.09,81,2,0,8449.17,8,3.88
1017,2026-07-01,191.1,7.1,0,95,6,0,10575.5,2,3.3
1487,2026-06-01,175.4,15.4,0,124,4,2,9943.12,0,3.96
1100,2026-02-01,167.5,7.5,0,90,5,0,16174.82,10,3.64
1416,2025-10-01,193,9,29231.86,85,2,0,8821.59,6,3.87
788,2026-02-01,76.8,0,0,27,2,4,6689.67,8,2.95
255,2025-10-01,194,10,0,0,6,0,7246.49,4,3.94
330,2026-05-01,177,9,20960.89,75,2,0,7688.91,6,3.17
1251,2026-08-01,164.5,4.5,0,0,5,1,9453.51,2,3.12
11,2025-09-01,182.9,6.9,0,0,4,0,9588.62,2,2.82
1121,2025-11-01,169.4,9.4,0,0,6,0,8641.04,0,3.5
89,2025-12-01,191.3,15.3,0,165,5,1,21033.84,8,2.99
1178,2026-08-01,171.6,11.6,0,0,4,1,6544.54,0,3.01
440,2026-01-01,96,0,0,0,2,2,5368,8,2.73
1133,2026-02-01,166.9,6.9,0,0,4,0,12939.25,8,4.54
1458,2026-01-01,153.5,1.5,0,0,4,3,14593.17,0,4.12
998,2026-01-01,171.9,3.9,0,125,4,1,8828.23,6,4.83
341,2026-08-01,151.2,7.2,0,0,3,3,7711.29,8,3.35
1393,2026-07-01,188.6,4.6,25794.23,77,3,0,9545.95,8,3.84
120,2026-01-01,181.5,5.5,21230.99,61,3,0,8413.94,0,3.72
1040,2025-12-01,192.2,16.2,0,0,4,1,11139.87,8,2.64
42,2025-12-01,207,23,0,155,6,0,12068.32,0,2.95
1359,2026-05-01,175.4,7.4,22793.18,74,2,0,7615.68,8,3.52
123,2025-12-01,204.5,20.5,37888.69,112,3,0,7277.93,0,3.05
809,2026-08-01,175.8,7.8,0,0,4,0,6229.57,8,4.18
519,2026-04-01,185.6,9.6,0,133,3,0,12101.4,4,3.63
1483,2026-07-01,182.7,6.7,0,0,5,1,8615.67,2,3.29
524,2025-10-01,203,19,0,122,5,0,12690.66,0,3.13
310,2026-03-01,186,10,0,0,3,0,11654.03,6,3.53
22,2025-12-01,203.8,19.8,0,0,4,0,11194.16,0,3.52
977,2026-08-01,169.7,9.7,19254.89,61,2,1,9532.37,0,2.98
548,2026-07-01,174.3,6.3,0,65,3,2,19726.54,4,2.61
1414,2026-04-01,108.6,4.6,13126.54,40,1,1,5637.01,4,3.21
780,2026-06-01,164,12,0,0,4,3,12052.9,8,4
521,2026-05-01,158.8,6.8,0,0,5,2,10581.93,8,3.69
569,2025-12-01,206.5,22.5,0,209,5,0,10782.94,6,3.47
138,2026-01-01,186.1,10.1,0,78,4,0,13266.33,8,3.02
854,2025-11-01,173.4,13.4,0,0,3,0,9621.08,2,3.57
577,2026-08-01,172.9,4.9,0,0,4,0,8668.98,2,2.53
1036,2025-09-01,178.7,2.7,0,0,4,0,9124.5,2,4.55
985,2026-06-01,185.7,9.7,0,0,4,0,9708.69,2,3.44
542,2026-05-01,179.8,11.8,0,0,3,0,10991.95,6,3.44
1242,2025-11-01,173.9,13.9,0,106,3,0,12915.81,8,3.13
1493,2025-11-01,156.5,12.5,0,0,3,2,9294.8,8,4.2
161,2026-03-01,181.9,13.9,25803.55,64,2,1,8508.03,4,3.24
788,2026-01-01,100.8,0,0,47,1,1,6689.67,2,3.04
157,2026-01-01,91.2,0,8900.21,22,1,3,3975.17,0,3.1
54,2026-06-01,177.6,17.6,0,107,4,2,11715.13,0,3.26
1424,2026-08-01,158.6,6.6,0,128,5,2,14100.51,4,4.43
290,2026-02-01,76.8,0,0,0,2,4,6069.5,8,3.71
1162,2026-03-01,186.6,10.6,0,120,4,0,17248.25,8,3.48
783,2025-12-01,199.7,15.7,0,0,5,0,13303.26,8,3.82
1165,2026-01-01,177.9,1.9,0,0,3,0,8442.74,0,3.46
534,2025-11-01,159.2,15.2,27956.75,66,2,2,10202.71,6,3.27
1021,2025-12-01,198.6,14.6,35422.45,107,2,0,10180.1,8,2.95
678,2026-07-01,105.6,0,17158.42,43,1,1,6771,4,3.87
145,2025-10-01,194.1,10.1,0,123,4,0,11453.26,0,2.98
1274,2026-04-01,178.3,10.3,0,0,3,1,8138.56,4,2.16
1328,2025-12-01,96,0,0,0,2,3,4056.5,8,3.55
375,2025-09-01,186.2,10.2,20948.9,73,3,0,6793.34,4,3.32
363,2026-08-01,155.3,3.3,0,0,4,2,10592.94,6,4.39
154,2026-04-01,181.3,5.3,16293.46,58,2,0,6837,6,2.75
1241,2026-02-01,162.8,2.8,19609.08,50,3,0,7903.48,6,3.55
322,2025-12-01,201.8,17.8,35670.07,105,2,0,12507.08,0,3.22
897,2025-11-01,171.3,11.3,34125.94,96,2,0,10178.69,0,3.82
938,2026-08-01,170.5,2.5,27908.14,69,2,0,9628.4,2,
59,2026-08-01,158.6,6.6,0,0,5,1,7594.78,2,4.26
1401,2025-12-01,203.6,19.6,0,0,6,0,8704.28,2,3.79
1019,2026-08-01,172.6,4.6,27680.27,90,3,0,7928.53,6,4.45
1159,2026-03-01,182.5,6.5,0,0,5,0,11017.74,8,3.35
1407,2026-01-01,159.3,7.3,0,89,3,3,14019.18,4,3.63
1175,2026-04-01,184.3,8.3,26722.83,63,2,0,9175.2,8,3.08
1127,2026-05-01,177.3,9.3,0,0,3,0,14148.54,8,3.04
709,2025-10-01,185.6,9.6,19408.1,67,2,1,10042.29,4,2.49
18,2025-11-01,149.2,13.2,0,96,3,3,9402.25,0,2.81
861,2026-08-01,174.9,6.9,0,0,4,0,8188.04,2,4.51
186,2026-07-01,183.9,7.9,0,96,3,1,10774.82,8,
544,2026-08-01,175.9,7.9,0,0,5,0,9612.62,8,
1180,2025-12-01,205.2,21.2,0,235,7,0,14005.08,8,4.42
1126,2026-05-01,178.6,10.6,0,95,5,0,12231.39,6,3.37
288,2026-08-01,174.9,6.9,0,0,5,0,11721.82,0,4.7
1398,2026-08-01,169.8,1.8,20057.16,68,3,0,8156.78,8,3.6
1124,2026-03-01,170.9,10.9,22797.13,68,1,2,10068.72,6,3.64
942,2025-10-01,175.2,7.2,33007.78,96,3,2,13046.55,8,3.88
1175,2026-01-01,177.4,1.4,15275.01,42,2,0,8664.05,8,2.82
164,2026-08-01,163.4,3.4,0,0,4,1,8885.47,6,3.6
363,2025-11-01,172.8,12.8,0,0,6,0,11439.63,8,4.35
128,2025-10-01,194.1,10.1,0,0,6,0,8092.46,6,4.28
494,2026-03-01,182.3,6.3,25152.84,72,2,0,9134.25,8,3.14
1325,2025-10-01,190,6,31846.98,94,2,0,8544.95,0,3.5
814,2026-06-01,171,11,26648.66,88,2,2,6187.84,2,3.7
428,2025-09-01,182.2,6.2,0,0,4,0,9158.89,4,3.97
228,2026-01-01,174.3,6.3,0,54,3,1,10399.32,0,2.59
1215,2025-12-01,209.7,25.7,40444.88,105,3,0,9382.97,6,3.2
544,2026-07-01,175.6,7.6,0,0,6,2,9589.26,2,3.39
500,2025-10-01,177.1,9.1,0,0,4,2,10583.44,4,2.31
286,2026-05-01,161.9,9.9,0,0,4,2,7086.19,4,3.54
848,2026-08-01,91.2,0,10226.85,31,1,2,5063,8,3.19
1154,2026-01-01,168.8,0.8,16315.84,41,2,1,7400.88,8,3.1
545,2026-06-01,189.5,13.5,0,0,5,0,13137.05,0,4
1390,2025-11-01,176.2,16.2,0,0,4,0,10641.41,6,3.35
698,2025-10-01,184,8,0,0,5,1,8718.15,8,3.96
647,2025-12-01,169.2,17.2,0,0,5,4,9927.95,4,3.22
1344,2025-12-01,192.6,16.6,0,0,6,1,10383.04,2,3.32
113,2025-11-01,172.6,12.6,25852.14,75,1,0,9741.79,2,2.94
520,2026-07-01,189.6,5.6,0,0,6,0,10606.06,6,3.92
91,2025-12-01,188.4,12.4,31588.11,102,2,1,9186.22,8,2.89
330,2025-10-01,194.2,10.2,27916.78,97,3,0,7762.99,0,3.45
268,2025-09-01,174.4,6.4,25401.29,73,3,1,11137.47,4,3.95
1004,2025-09-01,174.6,14.6,0,0,4,2,6790.55,2,3.3
802,2026-03-01,182.3,6.3,33871.62,98,3,0,6850.68,8,4.38
892,2026-04-01,156.4,4.4,17508.99,52,2,3,11693.59,6,2.64
1355,2025-12-01,190.3,14.3,45006.88,112,3,1,11721.84,0,3.39
338,2026-07-01,184.3,0.3,20812.69,64,2,0,8990.28,0,
1417,2026-04-01,186.9,10.9,0,115,3,0,13239.53,2,3.25
249,2025-12-01,110.4,0,0,114,3,0,5754.33,6,
794,2026-04-01,179.4,11.4,0,0,5,1,11426.55,0,3.79
146,2026-08-01,151.2,7.2,0,70,4,3,14839.38,2,2.81
1263,2026-05-01,100.8,0,13241.69,43,1,0,5286.67,2,3.34
237,2026-06-01,187,11,0,0,3,0,9442.02,0,3.06
485,2026-04-01,183.5,7.5,0,0,4,0,8412.74,2,3.37
1005,2025-10-01,192.7,8.7,0,0,6,0,8734.75,0,3.22
76,2025-10-01,193.1,9.1,0,0,6,0,12162.73,0,4.7
1013,2026-05-01,169.8,9.8,20186.39,63,2,1,8624.58,6,3.58
1032,2026-03-01,178.7,2.7,21851.36,73,3,0,7511.84,8,3.68
1434,2025-12-01,202.2,18.2,0,0,3,0,10379.3,2,3.11
1464,2025-09-01,178.4,10.4,0,98,5,1,9585.64,4,3.44
842,2026-08-01,169.7,1.7,18217.2,47,2,0,8211.72,8,2.96
431,2026-01-01,182.4,6.4,0,0,5,0,8615.98,8,3.31
643,2026-06-01,185.9,9.9,0,166,7,0,12461.54,0,4.02
1000,2025-10-01,183.7,7.7,0,0,5,1,8310.86,2,4.35
1235,2025-10-01,181,13,0,0,5,2,11174.69,6,3.56
281,2026-03-01,184.3,8.3,0,0,4,0,9393.13,,2.82
1451,2025-09-01,175.7,7.7,0,91,4,1,12186.3,0,3.19
922,2025-12-01,110.4,0,0,0,2,0,5164.67,2,3.53
531,2026-01-01,183,7,0,87,5,0,12313.65,0,3.66
141,2025-10-01,193.1,17.1,0,131,4,1,11240.65,4,3.13
1283,2025-11-01,180.9,20.9,0,191,6,0,11777.36,2,4.11
729,2026-06-01,182.9,6.9,28716.76,76,3,0,9577.85,6,3.82
1365,2026-06-01,173.5,5.5,23360.18,76,2,1,9606.81,8,3.53
1138,2026-02-01,149.5,5.5,0,0,3,2,15315.51,12,3.11
59,2026-01-01,152.1,0.1,0,0,3,3,7529.84,4,4.3
647,2025-11-01,174.9,14.9,0,0,6,0,9755.94,6,3.71
528,2026-08-01,96,0,0,0,2,1,4910.5,6,4.24
1159,2025-11-01,164.8,12.8,0,0,2,1,11586.43,6,2.95
1064,2025-09-01,174.8,6.8,0,0,3,1,10291.28,6,3.1
1178,2026-07-01,191.2,7.2,0,0,3,0,6318.07,4,3.26
601,2025-11-01,176.1,16.1,0,0,3,0,8617.87,0,3.19
519,2026-02-01,159.5,7.5,0,79,5,1,11898.35,6,3.47
204,2025-10-01,198,14,0,144,5,0,10098.98,2,3.67
775,2026-08-01,163.1,3.1,0,0,5,1,10543.8,8,3.57
433,2026-06-01,170.5,10.5,24702.68,68,2,2,11467.54,2,3
1351,2026-08-01,176.4,8.4,0,127,6,0,12312.54,8,4.21
170,2026-02-01,161.3,1.3,0,0,4,0,7926.68,6,3.75
1249,2025-11-01,176.2,16.2,0,127,3,0,16325.18,6,2.91
1181,2026-04-01,181.3,5.3,0,0,7,0,7889.66,8,4.53
73,2026-08-01,175.9,7.9,0,0,3,0,14413.5,2,3.02
672,2026-04-01,157.9,5.9,19066.81,52,2,3,9590.9,6,3.34
211,2026-03-01,189.1,13.1,0,160,6,0,9602.78,6,4.41
957,2025-09-01,183.9,7.9,23790.37,80,3,0,7494.58,6,3.8
40,2025-11-01,169.5,17.5,0,94,4,1,9950.38,4,2.41
1367,2025-11-01,149.3,13.3,0,0,4,3,12005.68,0,2.81
8,2026-07-01,175,7,0,0,3,2,8949.5,2,3
1066,2026-06-01,178.2,10.2,0,114,5,1,18145.08,4,3.59
111,2026-02-01,150.1,6.1,0,68,4,2,14770.62,12,3.8
516,2026-03-01,174.6,6.6,0,0,2,1,5868.05,10,2.35
242,2026-03-01,180.4,4.4,0,0,4,0,6733.31,4,3.11
330,2026-01-01,176,0,15798.23,54,2,0,7133.33,0,3.15
78,2026-06-01,182.6,6.6,0,0,4,0,15433.18,,
1452,2026-05-01,180.3,12.3,0,148,6,0,9077.81,2,3.88
61,2025-10-01,193.3,9.3,0,0,4,0,14884.52,2,3.27
1399,2026-02-01,161.3,1.3,0,0,4,0,8903.38,8,3.89
71,2026-07-01,186.1,2.1,0,0,5,0,13332.64,0,3.14
1283,2026-04-01,177.2,9.2,0,144,5,1,10767.54,0,4.38
527,2025-12-01,195.8,19.8,0,167,5,1,13157.19,8,3.77
549,2026-05-01,177,9,0,84,3,0,8308.69,4,2.6
472,2026-02-01,164.6,4.6,16003.01,44,2,0,8330.25,10,
1042,2026-05-01,171.1,3.1,20629.98,65,2,0,11869.61,0,3.05
988,2025-09-01,169.6,9.6,17361.69,50,2,2,10119.37,2,2.48
668,2025-12-01,196.5,20.5,38451.23,107,2,1,8690.42,4,3.64
49,2026-02-01,167.6,7.6,16753.99,52,2,0,7801.43,12,2.97
243,2025-10-01,192.4,8.4,0,0,5,0,10120.49,6,3.72
1325,2026-05-01,183.4,15.4,24740.22,85,2,0,9205.73,4,3.33
1280,2026-01-01,180.6,4.6,0,0,5,0,9313.38,4,2.81
942,2026-01-01,145.2,1.2,18026.06,44,1,4,12408.87,0,3.83
244,2025-11-01,175.1,15.1,0,0,5,0,9138.67,2,3.29
1117,2026-03-01,187.2,11.2,0,94,6,0,12256.1,8,3.24
593,2026-02-01,164,4,15758.79,56,2,0,8120.35,6,3.36
739,2026-07-01,191.1,7.1,0,0,4,0,8438.82,8,3.25
933,2026-02-01,157,5,12036.37,41,2,1,10341.41,8,2.89
102,2026-07-01,165.5,5.5,0,0,5,3,13547.51,6,3.67
1130,2025-10-01,196,12,0,0,4,0,11570.33,0,3.16
734,2026-05-01,174.7,6.7,0,0,4,0,7927.27,8,3.33
1238,2026-06-01,179.4,11.4,27040.24,98,3,1,10298.41,8,3.93
1216,2026-07-01,186.6,2.6,0,0,6,0,6694.65,2,3.82
544,2026-06-01,180.8,4.8,0,0,4,0,9371.24,2,3.52
788,2025-12-01,110.4,0,0,96,2,0,6689.67,6,3.36
308,2025-10-01,191.1,7.1,0,0,4,0,11859.67,0,3.61
281,2026-04-01,182.2,6.2,0,0,3,0,9233.87,6,2.79
52,2026-01-01,176,0,0,0,5,0,10166.67,8,3.4
508,2026-08-01,68.5,4.5,6203.67,17,0,2,5300.03,6,2.53
905,2026-02-01,162,2,0,0,4,0,7694.92,4,3.83
351,2026-04-01,178.2,10.2,0,137,5,1,11539.83,6,4.46
1019,2026-04-01,185.5,9.5,35713.81,86,2,0,8251.86,0,4.36
901,2025-11-01,181.8,21.8,0,137,3,0,10646.57,4,3.05
406,2026-04-01,185,9,0,0,5,0,9395.56,4,3.5
513,2026-03-01,187.6,11.6,0,28,2,0,11813.73,14,3.78
92,2026-03-01,163.2,11.2,0,141,5,3,12501.45,4,4.32
83,2026-02-01,160.9,8.9,0,0,2,1,19479.51,12,2.49
950,2025-12-01,200.8,16.8,0,264,8,0,10318.01,4,4.53
148,2026-01-01,147.7,3.7,0,68,2,4,9453.47,0,2.9
1029,2026-05-01,172.7,4.7,30398.27,72,3,0,10030.01,2,3.88
1393,2026-03-01,185.8,9.8,30791.68,68,2,0,9959.08,6,3.68
171,2025-09-01,184.8,8.8,32163.65,95,2,0,8632.37,4,4.4
1022,2026-08-01,168,0,0,0,5,0,8682.33,8,3.95
803,2026-06-01,185.9,9.9,33228.01,87,3,0,9249.57,2,3.38
424,2026-08-01,176.6,8.6,0,0,4,0,7242.15,2,
267,2025-10-01,190.3,14.3,23532.7,72,2,1,9402.6,8,2.97
1080,2026-07-01,188,4,0,0,7,0,12096.38,4,4.48
276,2025-10-01,196.1,12.1,0,117,5,0,16278.1,0,3.17
236,2026-07-01,176.5,8.5,0,0,4,2,9746.65,0,4.37
1004,2026-04-01,159.3,7.3,0,0,3,3,6409.69,0,3.53
180,2025-12-01,200.9,24.9,0,142,4,1,10800.36,2,2.56
621,2026-06-01,190.6,14.6,0,104,5,0,12584.85,2,2.91
35,2026-02-01,160,0,0,0,4,0,11285,10,4.13
983,2026-04-01,178.2,10.2,0,128,5,1,16562.91,8,3.68
1345,2025-12-01,198.2,14.2,0,0,3,0,8904.48,2,3.42
552,2026-03-01,162.9,2.9,0,0,3,2,9077.4,10,4
1286,2026-08-01,166,6,0,0,5,1,9079.67,8,3.86
778,2026-04-01,105.6,0,14358.89,41,1,0,4991.83,8,3.68
367,2026-01-01,147.5,3.5,12795.88,40,2,4,8159.71,0,3.11
401,2025-12-01,198,22,0,0,4,1,11545.54,8,3.03
1088,2026-08-01,172.7,12.7,0,58,2,1,11859.51,6,
1185,2026-02-01,164.7,4.7,19217.59,51,1,0,9077.79,10,3.87
194,2026-05-01,180.2,12.2,0,97,3,0,13690.36,0,2.71
29,2025-09-01,184.7,8.7,0,0,7,0,5466.05,2,5
172,2026-05-01,175.8,7.8,35849.4,101,2,0,8519.54,8,4.22
1110,2025-09-01,183.5,7.5,35303.07,99,2,0,10664.12,2,4.19
344,2025-09-01,169.7,9.7,0,0,5,2,10953.96,6,3.29
931,2026-07-01,168.1,8.1,0,106,4,3,13882,8,3.77
704,2025-11-01,96,0,0,69,1,0,5408.67,6,3.16
8,2026-08-01,163.5,11.5,0,0,4,2,9278.11,0,2.88
1009,2025-11-01,169,9,0,0,5,0,9446.22,6,3.14
969,2026-08-01,165.7,5.7,17912.29,54,2,1,10241.43,0,3.4
1019,2025-11-01,169.2,17.2,38198.01,104,3,1,8759.95,2,4.09
718,2026-02-01,86.4,0,8703.07,29,1,2,6171.17,6,3.42
594,2025-09-01,185.5,9.5,0,0,5,0,10408.35,6,2.72
1112,2025-10-01,172.2,12.2,0,122,4,3,14567.08,6,3.5
1349,2026-06-01,191.7,15.7,0,127,4,0,11224.62,4,3.56
133,2026-03-01,186.3,10.3,0,108,5,0,14660.48,6,3.38
88,2026-07-01,180.3,4.3,0,0,4,1,13613.57,2,4.13
122,2026-04-01,188.8,12.8,,50,1,0,7058.01,4,2.69
1131,2026-04-01,169.6,1.6,0,0,5,1,6679.22,6,4.59
696,2026-08-01,175,7,0,0,5,0,11418.7,0,5
1027,2026-08-01,180.3,12.3,26374.82,78,3,0,7739.2,0,3.84
670,2026-06-01,187.5,11.5,22015.19,68,2,0,9684.93,2,3.25
912,2025-09-01,165.7,5.7,0,0,4,2,8086.46,6,3.82
382,2026-06-01,188,12,0,147,4,0,10840.87,8,3.75
179,2026-06-01,176.3,16.3,0,0,5,2,9396.61,6,4.04
1182,2025-12-01,205.2,21.2,0,0,7,0,9396.88,6,4.08
804,2025-11-01,178.7,18.7,34194.98,95,2,0,8374.84,8,3.25
528,2026-04-01,100.8,0,0,0,2,1,4910.5,6,4.07
1224,2026-03-01,178.8,2.8,0,0,3,0,13870.13,8,2.89
566,2026-04-01,180,12,0,143,6,1,17282.55,8,4.19
296,2026-04-01,34.2,2.2,0,17,1,0,2158.44,2,3.02
1032,2026-05-01,174.1,6.1,27809.84,89,3,0,7727.82,8,3.9
1490,2026-08-01,179.5,11.5,0,95,5,0,13257.64,8,3.35
309,2026-06-01,185.1,9.1,31403.29,89,2,0,8499.65,0,3.23
467,2026-04-01,185.4,9.4,0,0,3,0,7420.74,4,3.68
100,2026-02-01,84.3,4.3,5543.51,15,1,0,4658.79,10,2.31
1358,2026-08-01,169.6,9.6,0,79,3,1,14964.33,2,2.93
1395,2026-03-01,187.3,11.3,0,80,3,0,16138.59,6,2.77
1048,2025-11-01,178.9,18.9,0,154,6,0,13402.83,4,4.35
680,2026-01-01,161.2,1.2,0,0,5,2,9337.47,4,3.96
40,2026-02-01,160.1,8.1,0,64,3,1,9247.41,8,2.56
190,2026-01-01,105.6,0,0,0,2,0,6608.33,6,4.4
757,2025-11-01,176.3,16.3,0,0,4,0,10916.31,0,2.83
1352,2026-07-01,180,12,0,0,3,2,10459.31,2,3.12
410,2026-01-01,180.6,4.6,0,83,4,0,11480.52,4,3.55
421,2025-09-01,182.8,6.8,0,129,5,0,7835.46,4,4.38
302,2025-12-01,199.7,15.7,0,0,6,0,13603.5,0,3.31
381,2026-07-01,174.4,6.4,0,0,3,2,9699.69,4,
1309,2025-10-01,193.7,9.7,0,0,7,0,9587.47,4,3.82
670,2026-08-01,155,3,14617.23,49,2,2,9037.01,6,3.1
1400,2025-11-01,172.4,12.4,0,0,3,0,12090.69,2,2.46
505,2025-12-01,197.5,21.5,0,0,5,1,9526.02,2,3.53
1243,2025-10-01,187.5,11.5,0,0,3,1,13637.7,2,2.61
1170,2025-10-01,167,7,0,0,3,3,8183.94,0,3.24
1016,2025-09-01,175.3,7.3,0,0,4,1,13349.02,10,3.61
124,2026-06-01,173.1,13.1,0,0,4,2,7190.48,0,4.29
1354,2026-08-01,173.9,5.9,0,0,3,0,8420.37,0,3.71
220,2026-06-01,166.7,6.7,33580.88,108,2,2,7991.81,8,4.59
1161,2026-05-01,84.7,4.7,0,45,2,1,6180.8,8,3.27
67,2026-03-01,171.5,11.5,0,0,4,2,14945.58,6,3.22
1039,2025-11-01,169.3,9.3,0,0,5,0,9710.64,8,4.08
1101,2026-05-01,96,0,11036.4,39,1,1,4524.17,4,3.16
880,2026-04-01,183.5,7.5,0,0,4,0,8076.59,6,3.74
1425,2025-12-01,203.6,19.6,0,0,3,0,9417.74,2,3.22
1017,2026-01-01,181.5,13.5,0,67,3,1,11127.32,4,3
137,2025-09-01,182.7,6.7,0,0,2,0,10143.04,2,2.07
1085,2026-02-01,86.4,0,6958.88,20,1,2,5174.83,12,3.08
874,2026-08-01,166.6,6.6,26407.65,86,3,1,10532.39,4,4.15
888,2025-11-01,153.7,17.7,0,111,4,3,15569.37,6,3.17
121,2026-06-01,184.7,8.7,0,0,7,0,12801.49,2,3.9
1048,2026-01-01,181.6,5.6,0,118,5,0,12077.05,2,4.63
13,2025-10-01,197.1,13.1,0,0,6,0,12564.33,2,3.65
616,2026-07-01,190.7,6.7,0,91,5,0,10411.94,2,3.06
639,2026-04-01,168.2,8.2,0,0,5,2,9483.54,4,3.83
1212,2026-01-01,180,4,22383.53,57,3,0,7773.24,4,4.16
538,2026-06-01,171.5,11.5,0,0,2,2,9926.46,4,3.02
934,2026-08-01,170.5,2.5,30317.16,97,3,0,8859.79,8,4.73
852,2025-10-01,188.8,12.8,29000.47,71,2,1,11755.83,8,3.22
939,2025-12-01,197.8,21.8,0,0,5,1,16833.91,,3.18
1442,2025-09-01,176.9,8.9,0,0,5,1,10084.67,2,3.29
284,2026-08-01,176.7,8.7,24457.63,76,3,0,6089.18,0,3.98
273,2026-06-01,189.1,13.1,0,113,4,0,12933.79,4,3.4
337,2026-08-01,96,0,0,0,2,1,5723.83,8,
610,2026-04-01,178,10,0,0,3,1,8605.2,2,3.12
365,2026-01-01,159.6,7.6,0,0,2,3,6967.11,6,2.67
1290,2025-09-01,164.8,4.8,0,0,4,2,7994.68,0,2.93
367,2026-05-01,157.4,5.4,21757.85,56,1,2,8289.93,8,3.15
1460,2025-09-01,181.8,5.8,0,90,3,0,13121.98,8,2.57
1072,2026-08-01,162.6,2.6,0,0,2,1,9202.5,0,3.23
279,2026-04-01,181.2,5.2,0,81,4,0,12855.24,4,2.95
1212,2026-03-01,185.9,9.9,32947.63,84,3,0,8156.84,6,4.15
759,2026-01-01,163,3,0,0,3,2,5549.08,2,2.56
1372,2026-07-01,183,15,0,68,4,2,14484.32,6,2.43
916,2026-05-01,175.9,7.9,0,0,4,0,6918.91,0,2.73
1204,2026-01-01,174.9,6.9,19057.27,60,2,1,6959.83,4,3.7
606,2025-10-01,110.4,0,0,0,4,0,6028.83,0,4.77
534,2025-12-01,185.1,17.1,29117.42,107,2,2,10350.96,6,3.03
1397,2026-01-01,181.7,5.7,0,91,6,0,9181.61,6,3.79
1298,2025-09-01,157,5,0,0,4,3,15570.45,0,4.73
1249,2026-08-01,165.5,5.5,0,75,3,1,14999.4,6,2.81
72,2026-02-01,160,0,0,0,4,0,14660.33,8,3.66
194,2025-12-01,205.5,21.5,0,142,3,0,14686.95,8,
1162,2026-07-01,192,8,0,88,3,0,16892.78,4,3.3
1130,2026-04-01,183.1,7.1,0,0,6,0,11125.86,0,3.42
1244,2025-10-01,105.6,0,0,72,2,1,9861.67,0,3.18
980,2026-05-01,171.3,11.3,18421.52,63,2,1,11127.37,2,2.82
1075,2026-07-01,105.6,0,8844.7,26,1,1,3914.17,6,2.34
558,2025-11-01,175.7,15.7,0,0,3,0,10704.96,2,3.09
1497,2025-12-01,167.2,15.2,33985.66,110,2,4,8996.11,2,3.6
55,2026-03-01,185.6,9.6,0,117,4,0,4955.08,12,3.36
1040,2026-01-01,177.2,1.2,0,0,4,0,9871.63,2,3.01
1026,2025-12-01,204.3,20.3,0,0,6,0,10996.46,2,3.47
151,2026-06-01,105.6,0,0,0,4,0,3395.67,2,3.7
831,2025-09-01,162.3,2.3,0,0,3,2,10286.07,4,2.86
346,2026-03-01,170.9,2.9,0,0,4,1,10630.25,4,3.24
237,2026-05-01,172.5,4.5,0,0,4,0,8957.07,0,2.83
778,2025-12-01,110.4,0,19096.18,69,1,0,4991.83,6,3.41
1048,2026-03-01,187.5,11.5,0,129,4,0,12665.18,8,4.15
653,2026-06-01,152.7,8.7,20526.12,72,2,4,10615.07,0,3.16
203,2026-05-01,176.9,8.9,23329.3,63,2,0,8267.02,0,2.86
295,2026-03-01,192.3,16.3,0,129,3,0,14094.92,8,
563,2025-12-01,191,15,0,219,6,1,12301.91,4,4.06
111,2026-03-01,167.9,15.9,0,126,4,3,15960.47,6,3.69
1329,2025-09-01,178.1,2.1,0,0,3,0,7784.27,2,2.97
767,2026-07-01,171,3,0,0,3,2,6498.27,2,
711,2026-03-01,190.7,14.7,0,116,3,0,13729.06,6,3.81
967,2025-09-01,183.9,7.9,0,128,7,0,13609.73,4,4.23
1462,2025-10-01,195.8,11.8,23899.84,73,3,0,9333.63,2,3.09
976,2026-03-01,188.8,12.8,0,135,4,0,17323.19,10,3.91
605,2025-10-01,197.7,13.7,36657.41,118,3,0,9074.86,8,4.18
251,2026-08-01,166.6,6.6,26135.07,69,2,1,9350.19,0,3.8
1160,2026-01-01,181.3,5.3,19664.11,58,2,0,6677.5,6,3.92
294,2026-04-01,183,7,0,0,4,0,8334.9,0,
171,2026-05-01,162.7,10.7,26334.11,97,2,2,8764.26,4,4.35
1468,2025-10-01,177.1,9.1,0,0,4,2,7764.84,8,3.53
922,2026-06-01,100.8,0,0,0,2,1,5164.67,6,3.51
135,2025-09-01,157.4,5.4,25806.22,70,2,3,9215.77,0,3.74
1081,2026-03-01,182.3,6.3,0,0,4,0,7515.38,4,4.06
1298,2026-01-01,176,0,0,0,8,0,14924.67,2,
801,2025-12-01,110.4,0,15971.08,52,1,0,4554.67,2,2.72
1371,2026-01-01,160.3,8.3,13167.9,48,2,3,10482.82,6,3.17
330,2026-08-01,165.3,5.3,16931.69,56,2,1,7460.51,8,3.12
725,2026-05-01,155.2,3.2,0,0,4,2,9821.31,8,3.37
1292,2025-10-01,192.6,8.6,0,0,7,0,10333.44,0,3.94
347,2025-12-01,203.3,19.3,0,0,4,0,8352.75,6,2.82
1292,2026-06-01,178.2,10.2,0,0,5,1,10466.61,6,4.04
1043,2025-12-01,202.6,18.6,0,0,6,0,7447.76,,4.17
1280,2026-06-01,185.3,9.3,0,0,5,0,9677.69,2,2.71
726,2026-02-01,147.4,3.4,0,0,3,2,6572.52,4,3.28
660,2026-06-01,181.4,5.4,0,0,4,0,8800.74,4,4.2
693,2025-10-01,191.9,7.9,29046.95,77,3,0,7635.79,12,4.37
1179,2025-09-01,184.1,8.1,27048.71,79,2,0,10193.91,2,3.97
1287,2026-02-01,160.5,8.5,0,75,4,1,12813.63,12,3.5
1157,2026-06-01,183,7,0,0,3,0,11957.83,2,2.99
232,2025-09-01,174.9,6.9,0,0,5,1,7024.47,6,3.52
993,2026-06-01,178.9,10.9,0,127,3,1,10892.02,8,3.61
1162,2026-04-01,176.6,8.6,0,104,4,1,16974.81,8,3.66
597,2026-06-01,165.7,5.7,29737.74,87,2,2,6187.53,0,4.4
615,2026-08-01,179,11,0,0,4,0,10622.27,4,3.42
322,2026-07-01,188,4,20520.75,63,2,0,11212.82,0,
1316,2025-10-01,180.6,12.6,0,0,5,2,6617.26,8,3.35
1457,2025-09-01,176.7,8.7,0,0,6,1,7034.18,6,3.9
723,2026-06-01,180.9,4.9,0,0,4,0,8414.63,0,3.51
563,2025-09-01,170.7,10.7,0,109,4,2,11896.73,8,3.73
805,2026-04-01,181.7,5.7,,77,2,0,12129.69,8,3.36
1017,2026-04-01,183.9,7.9,0,101,3,0,10644.48,4,3.07
744,2026-07-01,189.3,5.3,0,0,5,0,5709.9,4,3.94
934,2026-07-01,184,0,27834.65,97,3,0,8672.17,2,5
1258,2025-09-01,174.7,6.7,0,0,5,1,9745.06,4,3.18
344,2026-06-01,182.2,6.2,0,0,6,0,10647.87,2,3.68
108,2026-04-01,182.2,6.2,0,0,4,0,10637.16,2,4.46
605,2026-06-01,189.7,13.7,34242.63,107,3,0,9074.86,6,4.41
498,2026-04-01,105.6,0,0,57,2,0,5418.83,8,3.42
851,2026-07-01,187.7,3.7,0,124,6,0,13597.89,6,4.53
108,2026-05-01,171.5,11.5,0,0,6,1,11100.2,4,4.37
226,2026-08-01,175.1,7.1,0,0,4,0,9938.82,8,
86,2026-08-01,170,2,0,0,3,0,14117.69,4,3.53
757,2026-05-01,157.9,5.9,0,0,3,2,10055.29,4,2.56
1349,2026-07-01,197.1,13.1,0,97,6,0,11002.28,8,3.63
1106,2025-10-01,193.1,9.1,22344.01,74,3,0,6339.09,6,3.19
414,2025-11-01,177.4,17.4,0,0,4,0,6452.82,2,2.8
469,2026-05-01,181.1,13.1,25077.95,74,3,0,10651.38,6,3.57
1382,2026-06-01,105.6,0,0,0,2,0,5774.67,6,2.69
392,2026-03-01,178.5,10.5,0,0,5,1,8484.21,6,3.34
97,2026-05-01,176.6,8.6,27648.05,93,2,0,9153.73,4,3.81
1452,2025-09-01,194.1,18.1,0,139,6,0,9489.61,4,
202,2026-08-01,169.8,9.8,0,0,5,1,8503.27,0,
847,2026-03-01,186.7,10.7,0,131,5,0,11774.54,8,4.18
1143,2026-01-01,186.2,10.2,17466.99,53,3,0,9238.5,4,3.12
476,2025-09-01,157.6,5.6,0,0,3,3,7760.01,16,2.61
440,2025-09-01,100.8,0,0,0,2,1,5368,2,2.72
725,2026-04-01,182.8,6.8,0,0,6,0,10119.04,4,3.37
57,2026-02-01,152,0,0,0,3,1,9760,12,3.64
1196,2026-07-01,192.2,8.2,19478.16,54,2,0,9570.65,0,2.96
1481,2026-07-01,188.4,12.4,0,92,4,1,13678.02,8,3.64
269,2026-02-01,164.6,4.6,0,71,3,0,14905.64,8,3.28
1351,2025-10-01,180.1,12.1,0,152,3,2,12680.06,4,3.85
1031,2025-12-01,198.5,14.5,41904.36,108,2,0,8616.12,4,3.53
356,2026-02-01,159.3,7.3,16240.93,50,1,1,9295.68,4,3.29
344,2025-10-01,194.9,10.9,0,0,6,0,11058.9,6,3.51
1365,2026-05-01,182.5,14.5,32568.6,75,2,0,10321.03,6,
35,2026-05-01,168.1,8.1,0,0,3,1,12076.04,6,4.17
56,2026-08-01,161.7,9.7,23586.74,74,3,2,8485.46,6,4.41
658,2026-05-01,181.1,13.1,25403.32,69,3,0,12258.71,0,3.56
401,2026-02-01,136.3,0.3,0,0,2,3,9724.18,8,2.56
834,2026-08-01,145.6,1.6,0,0,3,3,10204.36,0,2.36
160,2025-12-01,200.6,16.6,0,238,6,0,9778.24,4,4.18
951,2025-11-01,164.4,12.4,28884.96,82,2,1,7902.85,4,3.35
1186,2025-09-01,180.9,4.9,0,0,3,0,9707.56,6,2.68
651,2026-06-01,169.1,9.1,19516.84,65,1,2,12020.15,2,2.7
498,2026-01-01,105.6,0,0,47,2,0,5418.83,4,3.51
510,2026-05-01,176.6,8.6,27864.86,89,3,0,6958.14,0,4.1
247,2025-09-01,152.3,8.3,0,0,2,4,8368.82,8,2.66
473,2025-10-01,190.7,6.7,0,0,3,0,9572.96,2,2.5
647,2026-07-01,187.8,3.8,0,0,6,0,8925.84,4,3.6
1258,2026-02-01,167.8,7.8,0,0,4,0,9832.74,12,3.4
126,2026-08-01,171.5,11.5,0,150,5,1,10910.16,0,4.87
374,2026-08-01,174,6,0,0,5,0,9101.06,2,4.02
11,2026-04-01,178.7,2.7,0,0,5,0,9259.75,2,3.11
242,2026-07-01,188.8,12.8,0,0,3,1,7204.82,2,2.98
1234,2026-01-01,179.8,3.8,18260.24,56,2,0,9818.43,4,3.66
210,2025-11-01,169.7,9.7,0,0,5,0,10402.96,2,3
257,2026-03-01,187.9,11.9,0,0,4,0,8197.17,12,3.04
1158,2026-07-01,192.5,8.5,0,122,4,0,13937.82,2,3.5
627,2026-05-01,172.4,12.4,0,133,5,1,17617.29,0,3.9
497,2025-09-01,105.6,0,0,0,3,0,5276.5,0,3
402,2026-03-01,184.7,8.7,31783.71,104,4,0,9215.76,6,4.62
390,2026-06-01,181,5,0,0,3,0,10468.69,6,3.26
868,2025-09-01,185.5,9.5,28680.97,96,2,0,7833.77,8,4.04
1044,2026-06-01,183,7,0,0,4,0,9132.8,8,4.61
724,2026-02-01,154.5,2.5,18857.45,54,2,1,8517.03,12,4.33
1267,2025-09-01,186.3,18.3,0,145,6,1,15792.57,8,4.05
1359,2025-12-01,200.8,16.8,37719.7,146,3,0,8197.9,4,3.77
802,2026-02-01,136,0,16186.22,55,2,3,6496.5,8,4.26
322,2025-09-01,184,8,20430.27,77,2,0,11587.97,8,3.31
113,2026-06-01,187.5,11.5,25561.87,79,1,0,9658.18,2,2.94
613,2025-11-01,175.3,15.3,0,0,3,0,8473.4,0,3.55
855,2025-09-01,192.3,16.3,0,120,4,0,16252.66,2,3.23
115,2026-07-01,186.5,2.5,23078.85,81,3,0,10251.59,8,3.93
698,2026-05-01,172.5,12.5,0,0,6,1,9035.67,0,4.05
1213,2026-03-01,185.4,9.4,0,0,6,0,10213.13,10,3.89
1254,2026-01-01,177.4,1.4,0,0,4,0,7902.6,6,3.52
603,2026-02-01,81.6,0,8453.95,32,1,3,4808.83,6,
132,2026-03-01,181.2,5.2,26365.73,88,3,0,7468.79,12,3.85
946,2026-08-01,171.5,3.5,0,0,6,0,8972.1,6,3.9
1478,2025-11-01,146.4,10.4,26623.39,76,1,3,8422.07,4,3.39
1024,2026-07-01,172.1,4.1,0,0,5,2,11011.65,0,3.25
1227,2026-02-01,152.6,0.6,0,0,3,1,7174.06,4,
550,2026-08-01,91.2,0,0,42,1,2,8468.83,8,3.11
535,2026-04-01,186.5,10.5,0,0,5,0,12665.31,0,4.24
351,2026-05-01,177.1,9.1,0,160,4,0,11438.89,2,4.37
256,2025-12-01,110.4,0,0,0,2,0,6791.33,4,3.79
32,2025-09-01,176.1,8.1,0,94,4,1,9247.41,4,2.68
1353,2026-04-01,173.2,5.2,0,0,5,1,9211.15,,3.04
1339,2026-01-01,177.4,1.4,0,0,4,0,9302.02,4,4.68
723,2026-07-01,188.1,4.1,0,0,4,0,8358.75,2,3.43
522,2025-10-01,194.1,10.1,27735.07,90,2,0,8762.66,0,3.54
465,2026-05-01,96,0,14159.26,39,1,1,5256.17,2,3.3
388,2025-10-01,162.6,10.6,0,0,5,4,11487.74,0,3.83
1201,2025-10-01,172.8,4.8,0,142,6,2,12473.81,4,3.85
715,2026-07-01,182.1,6.1,0,0,4,1,12019.86,2,4.7
226,2026-01-01,176,0,0,0,4,0,9363.5,2,3.02
990,2026-02-01,160.3,0.3,0,0,2,0,8888.35,8,
1451,2025-11-01,166.4,14.4,0,110,3,1,12848.73,4,
782,2026-01-01,176,0,21168.92,63,2,0,6567.67,0,3.74
844,2025-09-01,177.8,1.8,0,0,4,0,8858.88,8,4.19
920,2025-09-01,184.1,8.1,0,0,6,0,10694.36,2,3.78
1425,2026-07-01,185.9,1.9,0,0,4,0,8184.39,8,3.38
313,2026-01-01,160,0,0,0,3,2,6760.83,4,2.97
1276,2026-03-01,175.7,7.7,0,0,6,1,6712.51,4,3.6
210,2026-07-01,189.2,5.2,0,0,5,0,10029.21,2,
244,2025-12-01,200.2,16.2,0,0,4,0,9215.6,2,3.32
821,2026-04-01,184.7,8.7,0,0,6,0,10188.72,8,4.41
1465,2026-07-01,184.7,8.7,16498.49,40,1,1,10101.26,2,
604,2026-01-01,177.2,1.2,0,86,6,0,12491.05,4,3.79
949,2026-05-01,162.2,10.2,0,0,6,2,6173.75,,3.99
519,2025-11-01,174.8,14.8,0,144,5,0,12604.19,6,3.3
568,2026-03-01,188.3,12.3,24522.25,72,2,0,8155.4,4,3.09
1223,2026-03-01,187.1,11.1,0,0,5,0,9248.9,12,
671,2025-11-01,166.6,14.6,0,169,5,1,13203.22,6,3.98
629,2026-02-01,166.8,6.8,0,48,2,0,10086.74,10,2.05
1431,2026-03-01,182.8,6.8,0,0,7,0,8310.53,4,4.26
561,2026-03-01,176.2,8.2,0,0,5,1,8656.05,8,4.06
792,2026-02-01,145.7,1.7,12464.88,34,1,2,11471.65,12,2.89
1384,2026-03-01,180.7,12.7,30354.71,82,2,1,10595.7,4,3.44
386,2025-09-01,182.2,6.2,0,0,5,0,9555.24,4,3.94
1186,2026-08-01,165.2,5.2,0,0,2,1,9731.74,4,
1260,2026-08-01,170.2,10.2,0,0,4,1,9658.93,4,2.97
748,2026-08-01,100.8,0,0,63,2,0,5683.17,6,3.5
922,2026-05-01,91.2,0,0,0,1,2,5164.67,4,3.37
382,2026-05-01,179.2,11.2,0,128,4,0,10772.88,2,3.82
1488,2026-07-01,181.3,5.3,0,82,3,1,10048.15,8,2.99
1461,2026-08-01,173.1,5.1,0,96,3,0,14032.67,0,2.8
598,2025-11-01,169.9,9.9,30970.6,76,2,0,12130.41,6,3.36
1367,2025-12-01,205.6,21.6,0,0,3,0,12779.01,6,3.13
886,2026-04-01,174.4,6.4,0,0,6,1,6798.44,2,3.57
398,2026-02-01,165.6,5.6,19887.65,54,2,0,8516.83,8,3.83
402,2025-11-01,171.2,11.2,31563.02,106,3,0,9401.18,6,4.45
260,2026-01-01,179,3,0,0,3,0,10117.69,8,3.17
1329,2026-08-01,170.2,10.2,0,0,4,1,8320.18,2,2.86
1139,2026-07-01,174.6,6.6,21936.79,61,2,2,7021.01,6,3.39
87,2025-11-01,175.4,15.4,0,0,5,0,14528.7,2,3
335,2026-03-01,181.6,5.6,0,113,4,0,9081.77,4,3.04
115,2025-09-01,189.2,13.2,30115.94,90,2,0,11180.75,0,3.63
1090,2026-01-01,180.3,4.3,0,0,4,0,10871.88,,3.29
661,2026-01-01,178,2,0,0,6,0,8305.13,2,3.76
102,2026-01-01,176.9,0.9,0,0,3,0,13032.72,4,3.8
1115,2026-03-01,186,10,0,0,5,0,6517.42,6,3.79
1311,2026-03-01,189.6,13.6,0,134,6,0,14204.01,10,3.87
542,2025-09-01,170.7,2.7,0,0,5,1,10206.53,0,3.38
1043,2026-06-01,179.1,3.1,0,0,4,0,6587.27,4,4.36
327,2025-11-01,171.3,11.3,0,0,5,0,9207.7,2,3.39
734,2026-08-01,165.1,5.1,0,0,5,1,7823.53,2,
719,2025-11-01,165,13,23611.14,85,1,1,7679.77,6,3.42
297,2025-09-01,184.5,8.5,0,64,3,0,15040.19,4,2.14
445,2025-10-01,110.4,0,0,0,3,0,5784.83,0,3.14
1411,2025-10-01,176.1,8.1,34255.1,110,2,2,8279.16,2,4.37
575,2026-07-01,191,7,0,0,5,0,10610.01,4,3.94
118,2025-09-01,183.4,7.4,0,0,5,0,7756.31,4,3.8
286,2025-09-01,181.6,5.6,0,0,5,0,6843.31,0,3.72
201,2026-08-01,175.1,7.1,0,123,5,0,16294.91,2,
540,2026-02-01,96,0,0,46,3,0,5296.83,8,3.59
270,2025-12-01,199.1,15.1,0,0,6,0,9000.72,2,3.73
277,2025-10-01,189,13,0,0,6,1,11265.17,4,3.4
230,2025-09-01,188.2,12.2,0,0,2,0,8807.76,10,3.56
783,2025-09-01,161.9,1.9,0,0,5,2,11904.57,6,3.36
328,2026-03-01,178.5,10.5,0,108,3,1,12332.6,6,3.52
605,2026-02-01,160,0,17458.07,69,2,0,8113,12,4.21
565,2026-08-01,170.1,2.1,0,0,3,0,8477.82,6,
198,2026-04-01,65,1,0,0,2,0,2581.34,0,4.38
259,2026-05-01,154,10,0,0,4,3,9533.11,4,3.35
680,2026-02-01,157.1,5.1,0,0,3,1,9649.37,8,4.05
1443,2026-02-01,169,9,0,102,4,0,11155.75,6,4.16
1280,2026-08-01,177.1,9.1,0,0,3,0,9662.18,0,2.97
775,2026-05-01,177.6,9.6,0,0,6,0,11121.39,4,3.57
154,2025-10-01,198.2,14.2,22406.19,80,2,0,7340.48,2,2.82
802,2025-12-01,201.3,17.3,41410,123,3,0,7469.1,6,3.82
51,2025-11-01,153.1,9.1,0,0,5,2,6032.01,2,3.71
32,2026-05-01,163.9,11.9,0,91,4,2,9531.59,2,2.6
35,2026-08-01,172.5,4.5,0,0,5,0,11724.46,0,4.22
352,2026-02-01,163.4,3.4,0,0,4,0,7870.28,6,2.91
1314,2025-09-01,179.8,3.8,0,0,3,0,7781.24,0,3.64
1326,2026-01-01,180.5,4.5,17127.99,47,1,0,7414.93,0,3.31
606,2026-08-01,100.8,0,0,0,3,0,6028.83,0,4.91
1293,2026-05-01,167.4,7.4,22309.57,71,2,1,11823.77,2,3.16
1258,2026-06-01,181.9,5.9,0,0,5,0,9681.29,0,3.48
1493,2025-09-01,184.3,8.3,0,0,5,0,8989.95,2,3.83
398,2025-12-01,188.4,20.4,35515.16,119,2,2,9557.22,2,3.47
1402,2026-07-01,185.3,1.3,18728.43,63,2,0,7936.96,8,
263,2026-01-01,178.4,2.4,18985.93,70,3,0,10118.38,0,3.81
571,2025-11-01,151,15,0,87,4,3,10866.11,4,2.83
413,2025-11-01,168.1,16.1,31402.39,96,3,1,9648.77,2,3.41
1419,2025-12-01,206.9,22.9,57516.03,134,4,0,7040.86,0,4.43
187,2026-03-01,100.8,0,0,0,3,1,5723.83,6,3.67
504,2026-04-01,186.8,10.8,0,0,4,0,8073.39,2,3.21
853,2025-09-01,180.5,4.5,0,0,5,0,7340.99,0,4.16
270,2025-10-01,191.5,7.5,0,0,5,0,8477.17,6,3.3
51,2026-05-01,177.1,9.1,0,0,5,0,6032.01,8,4.07
1281,2025-09-01,180.4,12.4,0,0,4,1,9985.52,4,3.11
1480,2025-12-01,182.1,22.1,0,0,5,3,11081.6,8,3.98
731,2026-02-01,153.8,1.8,17424.32,45,2,1,8889.85,4,3.29
1180,2026-06-01,188.8,12.8,0,175,8,0,13144.84,4,4.39
1252,2026-01-01,179.9,3.9,0,61,4,0,10846.1,8,2.95
288,2026-05-01,164.8,4.8,0,0,4,1,11520.8,2,4.77
1473,2026-08-01,174.9,6.9,0,0,6,0,11797.24,,3.79
919,2025-09-01,183.6,7.6,0,0,4,0,10336.9,8,3.36
371,2026-02-01,158.1,6.1,17388.18,60,2,1,6220.23,4,3.52
1017,2025-10-01,191.4,15.4,0,125,5,1,11291.14,6,3.27
672,2026-01-01,180.2,4.2,18033.24,54,1,0,9456.66,6,3.29
581,2025-12-01,194.7,18.7,0,0,5,1,13867.18,8,3.33
1457,2025-12-01,202.2,18.2,0,0,6,0,7571.98,4,
243,2025-09-01,177,9,0,0,4,1,10169.48,2,3.72
495,2026-06-01,187.7,11.7,0,0,5,0,11252.02,2,3.02
136,2025-10-01,186.9,10.9,0,0,4,1,11058.9,4,2.68
953,2026-07-01,188.6,12.6,0,93,5,1,10531.06,8,2.93
513,2026-08-01,177.5,9.5,0,132,4,0,11618.62,4,3.86
374,2025-12-01,200,24,0,0,4,1,10448.75,6,3.65
779,2025-09-01,183.2,15.2,0,107,4,1,12424.29,0,3.33
814,2026-03-01,181.6,5.6,23450.78,87,2,0,5923.81,10,3.88
573,2026-04-01,186.9,10.9,0,146,4,0,13172.78,4,3.93
371,2026-07-01,172.2,4.2,19628.16,74,3,2,6123.08,0,3.9
1340,2026-04-01,184.7,8.7,15288.92,58,1,0,5510.85,2,2.4
1169,2026-02-01,161.1,1.1,14175.15,49,2,0,8292.86,8,3.23
97,2026-03-01,184.1,8.1,24718.94,78,3,0,9116.86,4,3.65
749,2025-12-01,204.2,20.2,57604.57,179,4,0,9137.07,2,4.5
339,2025-09-01,180,12,21399.68,57,2,1,11401.99,,2.89
982,2026-04-01,180.4,4.4,23453.2,64,3,0,8812.41,0,3.5
762,2026-07-01,179.7,3.7,0,0,3,1,9831.19,2,2.4
292,2026-06-01,169.4,9.4,0,0,6,2,6970,4,
697,2025-12-01,196.3,20.3,26200.18,84,2,1,9072.08,0,2.55
307,2026-08-01,166.3,6.3,23285.31,70,3,1,7772.69,2,3.82
410,2026-07-01,190,6,0,124,3,0,11614.28,,3.78
889,2026-05-01,179.9,11.9,0,0,4,0,10619.32,0,4.06
666,2025-09-01,178.3,10.3,0,127,5,1,11427.2,2,4.07
1119,2026-05-01,153.9,9.9,22236.67,75,2,3,12836.82,6,3.78
606,2026-03-01,100.8,0,0,0,3,1,6028.83,10,4.82
275,2026-02-01,164.3,12.3,0,116,4,1,16805.75,6,4.34
762,2025-12-01,201.9,17.9,0,0,3,0,11001.81,0,2.47
430,2025-12-01,205.7,21.7,0,0,6,0,11049.4,4,4.34
548,2026-04-01,189.7,13.7,0,90,4,0,20924.49,8,2.91
360,2025-10-01,190.6,6.6,0,0,5,0,10564.63,4,3.16
41,2026-03-01,191.1,15.1,0,0,6,0,7356.91,8,4.23
530,2026-02-01,152,0,18627.45,56,2,1,10431,4,3.48
1112,2026-04-01,180,12,0,111,4,1,14544.28,2,3.31
584,2025-09-01,152.7,8.7,0,0,5,4,11992.51,0,3.7
1386,2026-02-01,146.6,2.6,11799.18,49,2,2,7463.91,12,3.19
648,2026-04-01,105.6,0,0,0,3,0,4361.5,0,3.76
890,2025-09-01,184.3,8.3,0,0,6,0,9894.39,4,3.58
1060,2026-06-01,181.8,13.8,0,0,5,1,9741.97,6,3.24
1221,2026-01-01,180.6,4.6,0,95,6,0,15920.5,6,3.39
561,2025-10-01,194.3,10.3,0,0,7,0,8802.93,0,4.03
635,2026-02-01,166.4,6.4,16089.03,47,2,0,8416.69,4,2.72
1397,2026-02-01,157.5,5.5,0,94,5,1,9166.47,10,3.75
1409,2025-12-01,191.2,15.2,0,0,4,1,8800.54,2,3.27
66,2025-09-01,188.2,12.2,0,0,4,0,13285.72,6,2.3
482,2026-07-01,194.6,10.6,0,105,5,0,14406.84,8,3.02
1141,2026-08-01,167.1,7.1,0,0,4,1,9377.67,4,3.58
707,2025-09-01,178.9,2.9,0,0,4,0,9369.21,6,
670,2026-05-01,176.6,8.6,19705.68,67,2,0,9463.88,2,3.03
715,2025-12-01,205,21,0,0,9,0,13492.02,0,
486,2026-05-01,173,5,0,0,5,0,10002,6,3.43
595,2026-02-01,167.2,7.2,0,81,3,0,11048.53,12,3.54
755,2026-05-01,176,8,19929.07,80,2,0,10305.25,4,3.33
1162,2026-01-01,176,0,0,92,3,0,15799,0,3.32
508,2026-06-01,173.4,5.4,23431.28,67,2,1,10769.46,0,3
751,2026-03-01,184.6,8.6,0,90,5,0,12288.71,4,3.12
915,2025-10-01,187,3,0,0,4,0,7510.04,8,3.26
227,2026-02-01,164.2,4.2,0,0,3,0,10167.42,10,3.73
730,2026-05-01,169.6,9.6,0,0,3,1,14160.51,6,3.9
774,2026-05-01,173,5,34245.63,87,2,0,7254.89,0,4.44
209,2026-01-01,168,0,0,0,4,1,9505.83,6,3.4
992,2025-11-01,96,0,16477.45,66,1,0,5134.17,4,4.26
1065,2026-02-01,165.4,5.4,19978.11,58,2,0,8279.29,12,3.57
562,2025-12-01,110.4,0,0,0,2,0,5408.67,4,3.59
451,2025-11-01,157.6,13.6,0,0,4,2,7283.81,8,3.36
25,2025-12-01,199.5,15.5,0,0,7,0,10031.42,2,3.58
1347,2026-01-01,177.7,1.7,0,0,3,0,13658.69,8,3.05
875,2025-12-01,110.4,0,0,0,3,0,6974.33,0,3.47
62,2026-04-01,179.2,3.2,0,0,4,0,23895.05,6,4.41
84,2026-04-01,187.2,11.2,0,124,5,0,21088.53,,3.95
300,2025-09-01,186.4,10.4,0,0,4,0,13530.72,2,2.49
1375,2025-10-01,191.2,7.2,0,0,5,0,11750.54,8,
464,2025-11-01,177.4,17.4,0,0,6,0,6702.11,6,3.78
792,2026-03-01,175,7,23696.18,70,2,1,11990.18,4,3.25
1023,2025-09-01,175,7,0,0,5,1,9122.02,0,3.67
1137,2026-08-01,165.2,5.2,21360.88,67,2,1,7426.29,2,3.96
1131,2026-01-01,168.2,0.2,0,0,5,1,6599.4,8,4.58
733,2026-01-01,173.9,5.9,0,77,2,1,14265.48,0,2.79
999,2026-02-01,172.4,12.4,0,87,5,0,11302.66,6,3.6
1194,2026-03-01,185.2,9.2,0,100,4,0,11283.42,4,3.29
439,2025-12-01,110.4,0,0,0,2,0,4961.33,6,3.84
776,2025-10-01,110.4,0,0,0,2,0,7543.67,8,3.53
465,2025-09-01,100.8,0,11228.79,36,1,1,5256.17,0,3.27
126,2025-11-01,176.4,16.4,0,215,6,0,11330.92,0,4.76
947,2026-08-01,171.6,3.6,0,0,3,0,6950.49,8,3.17
233,2026-06-01,169.8,9.8,0,0,4,2,9495.86,8,3.14
1388,2026-01-01,100.8,0,0,0,2,1,5713.67,0,3.59
1078,2025-09-01,178.5,2.5,22324.47,75,1,0,8257.36,8,3.34
201,2026-05-01,175.8,15.8,0,137,5,1,17450.71,4,4.73
563,2026-03-01,161.9,9.9,0,112,3,3,11821.35,12,3.96
1132,2026-04-01,175.8,7.8,23637.13,74,3,1,10114.92,4,3.86
425,2026-01-01,169.5,1.5,0,0,3,1,8970.11,8,2.8
420,2026-08-01,169,1,0,0,5,0,8829.25,0,4.12
229,2025-10-01,195.1,11.1,0,0,4,0,9850.64,8,3.66
562,2025-10-01,110.4,0,0,0,2,0,5408.67,4,3.63
1387,2026-06-01,190.4,14.4,0,0,6,0,8700.96,0,4.25
67,2026-01-01,176,0,0,0,4,0,13592.83,6,3.49
481,2025-11-01,91.2,0,0,0,2,1,4595.33,0,3.07
1201,2025-11-01,179.1,19.1,0,196,4,0,13955.88,6,4.29
1364,2026-07-01,191.8,7.8,0,0,3,0,7890.07,6,3.06
426,2026-01-01,175.2,7.2,18892.26,51,3,1,8326.9,2,3.46
671,2026-03-01,184.6,8.6,0,117,6,0,12594.57,4,3.99
1269,2026-06-01,190.2,14.2,0,173,6,0,14075.92,6,4.33
1326,2026-08-01,166.4,6.4,17721.63,69,3,1,7532.28,0,3.41
1200,2025-12-01,207.7,23.7,0,0,6,0,13023.67,6,3.83
481,2026-08-01,96,0,0,0,2,1,4595.33,4,3.33
908,2026-05-01,174.6,6.6,0,0,4,0,7641.36,4,3.53
46,2025-09-01,185.2,9.2,23401.56,64,2,0,6695.41,4,3.04
473,2026-08-01,172.1,4.1,0,0,2,0,9369.38,2,2.39
9,2025-10-01,190.9,6.9,28449.26,85,3,0,10989.21,0,3.54
1401,2026-04-01,165.3,5.3,0,0,5,2,7783.33,6,3.7
522,2026-04-01,49.9,1.9,,18,1,0,2330.22,4,3.47
1099,2026-02-01,162.4,2.4,0,0,4,0,8665.48,4,3.27
1099,2025-09-01,182.3,6.3,0,0,4,0,8951.99,2,3.16
1442,2025-10-01,194.4,10.4,0,0,5,0,10206.22,2,3.44
1230,2026-07-01,188,4,0,0,4,0,5890.41,8,3.07
473,2026-07-01,174.8,6.8,0,0,4,2,9580.79,4,
474,2025-11-01,167.6,15.6,0,139,4,1,11262.23,0,3.42
335,2026-08-01,172.6,12.6,0,90,4,1,9606.49,2,3.1
1072,2025-09-01,179.2,3.2,0,0,5,0,9249.23,8,3.32
1114,2026-06-01,184.6,16.6,25350.93,63,2,1,11289.96,8,3.18
1448,2026-05-01,91.2,0,0,54,2,2,6476.17,6,2.95
300,2026-02-01,148.9,4.9,0,0,3,2,12939.88,4,2.74
1488,2025-12-01,205.9,21.9,0,175,4,0,11428.31,4,3.29
358,2026-01-01,177.3,1.3,21236.14,55,2,0,9376.31,0,3.29
673,2026-02-01,86.4,0,8252.18,31,1,2,5225.67,10,3.83
655,2026-06-01,172.3,12.3,0,0,5,2,13892.31,6,3.96
77,2026-02-01,136.6,0.6,0,0,4,3,14010.87,12,4.27
568,2026-02-01,154.7,2.7,15906.79,39,2,1,7543.06,8,3.09
218,2025-11-01,175.8,15.8,0,132,3,0,16075.46,6,3.33
1116,2026-06-01,190.4,14.4,0,0,5,0,7717.67,8,2.88
658,2026-04-01,188.9,12.9,28807.76,76,2,0,12239.65,0,3.7
992,2026-08-01,91.2,0,13009.51,49,2,2,5134.17,2,4.43
863,2025-12-01,174.8,14.8,41896.53,135,2,3,8521.31,,4.45
224,2026-03-01,192.1,16.1,0,114,3,0,13482.79,6,3.63
573,2025-12-01,198.3,22.3,0,197,3,1,14360.31,4,3.43
567,2026-01-01,179.7,3.7,0,0,6,0,7543.89,8,3.35
1083,2025-11-01,177.6,17.6,0,0,4,0,9196.38,8,2.56
856,2025-11-01,142.9,14.9,0,0,4,4,9836.29,0,3.64
166,2025-11-01,150,14,22960.04,68,2,3,6576.88,6,3.27
128,2025-11-01,173.7,13.7,0,0,4,0,8324.31,4,4.38
705,2025-09-01,176.8,8.8,22006.84,68,2,1,7297.58,4,3.65
1372,2026-04-01,171.9,11.9,0,73,3,2,14140.4,6,2.54
1484,2025-09-01,160.9,0.9,20843.08,71,1,2,8749.96,0,3.61
924,2025-12-01,200.5,16.5,0,0,7,0,13860.69,4,4.41
1316,2026-03-01,184.7,8.7,0,0,4,0,6415.89,6,3.41
657,2026-08-01,177.5,9.5,0,0,4,0,8295.87,8,3.88
190,2025-11-01,91.2,0,0,0,3,1,6608.33,4,4.59
861,2025-10-01,196.2,12.2,0,0,5,0,8542.42,8,4.57
1330,2026-08-01,176.4,8.4,30361.53,81,3,0,7972.07,2,4.18
842,2026-01-01,176.4,0.4,13567.8,52,2,0,8120.68,0,3.09
366,2025-12-01,201.9,17.9,38728.67,120,2,0,9440.18,2,3.23
556,2025-12-01,110.4,0,0,86,3,0,7238.67,4,3.04
1310,2026-08-01,158.5,6.5,0,0,3,2,8182.77,6,3.16
1395,2026-04-01,182.7,14.7,0,78,3,1,16571.14,2,2.75
357,2026-07-01,190.8,6.8,0,0,4,0,6964.91,,
1382,2025-11-01,96,0,0,0,1,0,5774.67,4,2.49
575,2026-08-01,171.8,3.8,0,0,4,0,10332.98,8,3.48
818,2026-02-01,96,0,9421.94,26,1,0,5622.17,4,3.35
194,2026-06-01,184.4,8.4,0,109,5,0,13283.15,0,3.1
159,2025-12-01,200.1,16.1,0,0,4,0,10309.01,2,3.59
173,2026-07-01,189.3,5.3,23525.24,71,2,0,8719.03,4,
209,2025-10-01,188.2,4.2,0,0,5,0,9851.33,0,3.15
1309,2025-09-01,182.6,6.6,0,0,3,0,9350.19,6,3.45
1209,2025-10-01,197.8,13.8,0,0,4,0,7574.76,0,2.29
1485,2026-06-01,105.6,0,22999.15,71,1,0,5073.17,0,4.84
1190,2026-03-01,182.7,6.7,0,0,5,0,12079.14,6,3.42
1225,2026-02-01,165.7,5.7,0,0,3,0,8342.5,4,3.64
879,2026-06-01,191.3,15.3,0,162,5,0,14632.73,0,3.7
463,2026-07-01,190,6,0,131,8,0,13935,0,4.3
770,2025-10-01,194.7,10.7,26230.15,86,3,0,8664.29,4,3.85
1369,2026-08-01,154.7,10.7,20531.51,62,1,3,7409.08,2,3.96
70,2025-11-01,169.7,17.7,32766.82,89,2,1,16214.19,0,3.49
80,2026-06-01,187.4,11.4,33585.78,110,4,0,14554.05,2,3.96
708,2026-07-01,178.4,2.4,0,0,5,1,6257.83,0,4.84
1432,2025-09-01,186.2,10.2,0,101,3,0,14051.37,6,2.77
7,2026-04-01,183,7,0,0,3,0,9919.93,0,3.07
658,2025-11-01,163.3,11.3,35297.26,94,2,1,12087.2,4,3.54
569,2026-04-01,167.4,7.4,0,88,3,2,9603.54,6,3.2
714,2026-07-01,178,10,32965.62,84,3,2,12327.87,0,4.74
1203,2026-08-01,96,0,0,0,1,1,4890.17,8,3.23
76,2026-01-01,168,0,0,0,4,1,11274.83,6,4.71
1398,2026-06-01,173.8,5.8,21697.78,69,2,1,8434.79,4,3.12
510,2026-08-01,169.6,1.6,20530.8,63,2,0,6565.84,8,3.9
796,2025-11-01,172.3,12.3,0,0,3,0,12047.5,2,3.43
801,2025-09-01,100.8,0,10788.43,37,1,1,4554.67,0,2.94
1099,2026-04-01,173.9,5.9,0,0,5,1,8922.6,6,3.29
331,2025-10-01,185,9,12605.93,44,1,1,7747.65,12,2.21
733,2026-02-01,152.2,8.2,0,70,3,2,14535.63,12,3.25
1324,2026-07-01,171.6,3.6,0,89,4,2,12045.42,8,3
127,2026-05-01,174.2,6.2,0,0,2,0,7177.14,8,2.65
134,2025-12-01,190.3,22.3,0,156,4,2,13523.43,4,3.17
636,2026-03-01,177,9,19489.39,73,1,1,7079.19,8,3.26
562,2026-05-01,100.8,0,0,0,3,0,5408.67,0,3.97
684,2026-04-01,174.3,6.3,29904.74,82,3,1,10924.64,4,
679,2025-10-01,175,15,0,125,3,3,16425.52,2,3.25
765,2026-01-01,176,0,19076.75,54,3,0,7960.5,0,3.75
276,2026-05-01,182.7,14.7,0,121,4,0,16609.64,8,3.59
1011,2026-07-01,191.6,7.6,0,121,6,0,14551.84,0,3.74
1067,2026-03-01,181.9,5.9,0,0,4,0,7138.08,10,3.1
1285,2026-04-01,178.5,2.5,0,0,5,0,9524.53,2,4.27
221,2026-01-01,177.9,1.9,0,0,4,0,8246.4,0,2.73
689,2026-02-01,160,0,0,0,3,0,7086.17,6,3.65
452,2026-02-01,149.9,5.9,0,0,6,2,11294.84,10,4.22
100,2025-10-01,183.4,7.4,22856.85,60,1,1,9227.52,6,2.45
991,2026-04-01,182.8,6.8,0,0,4,0,10786.47,0,3.3
97,2026-06-01,162.4,10.4,24725.83,83,2,3,9286.44,4,3.76
1359,2026-07-01,192.8,8.8,23638.48,83,3,0,7702.39,2,3.67
1401,2026-08-01,166.1,6.1,0,0,5,1,7834.85,4,3.85
1475,2025-12-01,206.7,22.7,50869.21,152,2,0,9183.69,0,3.92
162,2025-12-01,190.4,14.4,0,0,4,1,12108.17,8,3.55
291,2025-11-01,174.3,14.3,0,0,6,0,8065.9,0,3.47
1033,2026-08-01,157.6,13.6,0,0,5,3,10374.61,8,3.32
1266,2026-04-01,186.5,10.5,0,147,5,0,9693.07,2,4.33
163,2025-10-01,191,15,0,128,6,1,15184.99,0,3.26
104,2026-08-01,161.5,9.5,15055.07,40,1,2,10397.35,0,
835,2026-06-01,186,10,0,0,4,0,12018.56,2,2.94
228,2025-10-01,199.6,15.6,0,135,5,0,11192.99,6,3.13
735,2026-04-01,188.6,12.6,31898.01,97,2,0,7137.22,8,4.46
1009,2025-09-01,183.4,7.4,0,0,4,0,9324.88,2,3.21
1289,2025-09-01,191.9,15.9,0,75,2,0,11176.88,8,2.69
1358,2026-03-01,184.3,8.3,0,92,3,0,14808.9,4,2.84
492,2026-02-01,160,0,11166.27,31,1,0,7991,10,2.37
1376,2025-12-01,199.6,15.6,0,0,3,0,9785.21,4,2.63
290,2025-10-01,100.8,0,0,0,4,2,6069.5,4,4.19
1419,2025-10-01,183.4,7.4,27526.7,100,2,1,6252.64,8,
625,2025-11-01,169.4,9.4,0,0,3,0,9487.55,2,3.92
1428,2025-11-01,178.9,18.9,0,103,4,0,14065.28,4,2.64
65,2025-09-01,183,7,29904.43,87,2,0,21295.5,0,3.84
780,2025-12-01,201.7,17.7,0,0,4,0,12591.5,6,4.07
1149,2026-05-01,167.1,7.1,13426.68,50,2,1,7381.27,0,2.22
681,2026-05-01,168.6,8.6,0,0,3,1,9962.05,8,3.52
683,2026-06-01,172.9,4.9,0,0,3,1,9824.14,2,3.64
1081,2025-12-01,199.9,15.9,0,0,5,0,8107.46,2,3.75
201,2026-02-01,170.9,10.9,0,123,5,0,16799.74,4,4.65
129,2025-11-01,81.6,0,0,0,2,3,5093.5,0,3.81
671,2025-09-01,169.3,9.3,0,115,4,2,12665.58,0,3.54
480,2026-06-01,188.1,12.1,0,0,5,0,15173.4,6,3.01
194,2026-07-01,195.9,11.9,0,87,4,0,13658.21,6,3.08
1196,2026-01-01,180.2,4.2,14200.49,51,2,0,9261.31,6,2.83
1095,2026-01-01,176,0,24220.77,83,3,0,6415.17,2,4.75
986,2026-05-01,154.9,10.9,0,102,3,3,12560.87,0,3.21
934,2025-12-01,203,19,59675.84,182,3,0,10098.07,4,4.71
1194,2026-05-01,181,13,0,123,4,0,11627.11,6,3.56
951,2025-12-01,195.1,19.1,28136.21,86,3,1,8316.66,6,3.09
61,2026-05-01,158,6,0,0,4,2,14491.12,0,3.58
147,2025-09-01,189.3,13.3,0,0,6,0,10781.31,0,3.67
173,2026-04-01,168,0,,60,2,1,8336.67,4,2.94
1391,2026-06-01,173.4,13.4,0,0,4,2,9677.8,0,3.52
991,2025-11-01,172.3,12.3,0,0,3,0,11271.33,6,3.33
749,2026-08-01,179.8,11.8,27736.08,64,3,0,8571.7,4,3.78
474,2025-09-01,182.1,14.1,0,116,5,1,11133.42,2,3.21
1337,2026-08-01,173.7,5.7,23768.17,67,2,0,10924.19,2,3.88
423,2026-02-01,170.6,10.6,0,93,4,0,11598.73,12,3.59
1070,2026-08-01,170.4,10.4,0,112,5,1,9208.86,6,4.33
1361,2026-07-01,110.4,0,0,0,3,0,5286.67,2,4.11
409,2025-09-01,178.7,10.7,20386.02,67,1,1,8286.61,2,3.18
1446,2026-04-01,183.5,7.5,21840.12,71,2,0,13338.28,8,3.02
200,2026-02-01,140.6,4.6,13605.96,45,2,3,6099.69,6,3.27
405,2026-08-01,168.4,8.4,0,0,6,1,12061.71,4,4.31
1126,2025-10-01,173.9,13.9,0,121,4,3,12551.34,4,3.15
1481,2026-06-01,175.9,15.9,0,122,4,2,14052.16,6,3.46
637,2026-02-01,139.1,3.1,0,0,2,3,6999.54,8,3.44
617,2026-08-01,155.8,3.8,0,0,5,2,9734.42,0,3.79
1485,2025-11-01,86.4,0,21512.83,55,1,2,5073.17,4,4.39
153,2025-11-01,155.1,11.1,0,0,4,2,7131.68,8,
518,2026-04-01,184.6,8.6,,89,2,0,5998.86,6,3.72
192,2026-08-01,173.8,5.8,21664.23,73,2,0,8776.46,2,3.84
1008,2026-08-01,170.6,2.6,0,0,3,0,12661.62,0,2.48
777,2026-05-01,172.3,4.3,0,0,5,0,9226.86,8,3.7
1150,2025-10-01,190.2,6.2,26730.73,62,2,0,7380.67,8,3.09
378,2026-05-01,177.2,9.2,0,0,5,0,8210.12,2,3.44
966,2026-01-01,176,0,19592.94,59,2,0,8102.83,2,
892,2026-05-01,169.8,9.8,22701.42,58,1,1,12220,8,2.73
531,2026-02-01,172.9,12.9,0,106,4,0,12906.45,6,3.87
402,2026-07-01,187.5,3.5,24585.68,91,2,0,8830.09,2,4.33
1021,2025-11-01,167,15,22189.8,62,2,1,10211.39,4,2.87
725,2025-12-01,206.7,22.7,0,0,5,0,11434,2,3.4
689,2026-05-01,172.4,4.4,0,0,6,0,7355.99,8,3.84
34,2026-05-01,168.8,8.8,0,0,4,1,7877.45,8,4.18
844,2026-08-01,171,3,0,0,5,0,8949.46,0,3.74
1008,2025-11-01,151.2,15.2,0,0,2,3,14011.84,6,2.13
926,2025-12-01,199.5,15.5,0,0,5,0,6077.07,0,3.61
588,2025-10-01,180.6,4.6,0,0,5,1,10951.95,6,3.31
1179,2026-07-01,184.5,8.5,29978.81,81,3,1,10226.89,8,3.89
169,2026-06-01,192.5,16.5,0,133,4,0,14883.11,6,3.91
1076,2026-01-01,180.2,4.2,16518.27,43,1,0,9229.7,0,2.88
334,2026-03-01,185.9,9.9,0,0,7,0,13300.4,4,4.55
448,2025-10-01,188.4,12.4,0,0,4,1,9129.94,0,2.35
957,2026-07-01,179.6,3.6,23000.8,83,2,1,7233.54,2,3.97
1187,2026-06-01,172.7,12.7,23586.94,91,2,2,7815.57,0,3.79
1217,2026-06-01,174.5,14.5,0,109,4,2,15973.57,4,3.13
805,2026-08-01,167.4,7.4,18887.05,65,1,1,12299.75,0,3.17
502,2025-10-01,192.1,8.1,0,0,5,0,11151.29,0,3.98
185,2026-07-01,178.1,2.1,0,0,3,1,8208.68,8,3.87
140,2025-09-01,182.7,6.7,0,0,5,0,8594.15,2,2.99
1086,2025-10-01,196.8,12.8,0,0,6,0,7419.38,6,3.36
1272,2025-12-01,192.1,16.1,0,0,4,1,8988.53,2,3.82
239,2026-01-01,162.6,10.6,0,84,3,3,18358.18,4,4.06
837,2025-11-01,96,0,0,0,2,0,5246,2,3.6
620,2025-11-01,143.5,15.5,0,0,4,4,10215.91,4,3.52
648,2025-11-01,96,0,0,0,3,0,4361.5,8,3.52
774,2026-04-01,184.4,8.4,26271.83,93,3,0,7459.5,6,4.5
521,2026-06-01,177.7,9.7,0,0,6,1,10832.74,0,3.8
5,2025-12-01,204.5,20.5,0,0,4,0,9217.11,6,3.44
726,2026-01-01,176,0,0,0,4,0,6384.67,2,3.15
207,2026-06-01,185.3,9.3,19183.71,59,2,0,10106.1,8,
732,2026-03-01,183.5,7.5,0,0,5,0,7551.94,4,3.33
1020,2026-01-01,155.7,3.7,0,0,5,3,15664.85,4,3.45
175,2026-05-01,144.1,0.1,0,0,4,3,9758.27,6,3.26
187,2025-10-01,100.8,0,0,0,2,2,5723.83,4,3.56
489,2026-08-01,172.3,4.3,22227.17,69,3,0,7054.59,0,3.81
1291,2026-08-01,172.7,4.7,19662.76,68,1,0,8644,8,3.18
961,2026-04-01,172.8,4.8,0,0,7,1,10250.13,4,4.27
667,2026-08-01,175.1,7.1,0,0,4,0,9097.09,4,3.66
182,2025-11-01,165.9,13.9,0,0,3,1,7779.1,0,3.28
1046,2025-11-01,173.3,21.3,0,169,4,1,10688.55,8,3.88
1456,2025-11-01,150,14,0,0,3,3,11295.81,4,3.19
174,2025-12-01,196.8,12.8,32013.33,115,3,0,9056.84,6,3.1
1031,2025-10-01,179.8,11.8,25371.65,88,2,2,8437.24,0,3.37
128,2026-03-01,188,12,0,0,5,0,8214.82,4,4.43
639,2026-01-01,180,4,0,0,7,0,9161.69,4,3.95
835,2026-04-01,184.6,8.6,0,0,3,0,11884.55,6,2.95
464,2026-08-01,175,7,0,0,4,0,6177.86,8,3.47
826,2025-10-01,200.7,16.7,0,155,5,0,15056.91,6,3.84
791,2025-09-01,179.7,3.7,0,0,4,0,6217.92,4,2.81
747,2026-01-01,179.8,3.8,0,0,3,0,8201.28,8,3.48
852,2025-12-01,199,15,32132.8,100,2,0,11957.32,4,2.86
841,2026-01-01,155.2,3.2,14817.23,41,2,3,7460.02,6,3.15
1431,2025-12-01,186.3,18.3,0,0,6,2,9091.62,0,4.06
1077,2026-01-01,165.1,5.1,16690.55,40,2,2,11698.14,4,3.07
976,2026-05-01,182.1,14.1,0,137,6,0,17498.64,0,3.85
1425,2025-11-01,175.3,15.3,0,0,5,0,9118.12,0,3.22
1387,2025-11-01,168.7,8.7,0,0,4,0,8319.33,0,4.06
218,2026-05-01,174.7,14.7,0,97,4,1,15940.84,0,3.36
1101,2025-09-01,105.6,0,10229.54,37,1,0,4524.17,6,2.88
885,2025-09-01,175.4,7.4,0,0,5,1,9746.77,2,3.08
567,2026-07-01,170.3,2.3,0,0,5,2,7455.33,8,3.41
302,2026-02-01,161.3,9.3,0,0,5,1,12940.2,10,3.44
520,2025-12-01,188,20,0,0,5,2,11866.65,0,3.98
364,2025-12-01,192.9,16.9,0,108,2,1,18599.05,2,2.46
284,2025-10-01,191.5,7.5,28253.65,89,3,0,6030.37,8,4.02
170,2025-09-01,183.9,7.9,0,0,5,0,8374.38,2,3.5
356,2025-12-01,175.6,15.6,38745.73,91,2,3,9923.68,2,3.3
934,2026-03-01,189.1,13.1,29831.37,105,4,0,9655.29,8,4.76
55,2025-12-01,200.5,24.5,0,126,3,1,5544.99,2,2.74
1012,2026-07-01,184,0,0,0,5,0,8987.33,8,3.52
424,2026-05-01,174.3,6.3,0,0,4,0,7107.99,4,3.86
950,2025-11-01,178.7,18.7,0,201,8,0,10466.12,4,4.85
673,2026-01-01,100.8,0,10347.65,40,1,1,5225.67,,3.99
430,2026-08-01,173,5,0,0,4,0,9705.01,2,4.4
836,2026-06-01,184.5,16.5,0,0,3,1,8713.76,4,2.66
836,2025-10-01,178.1,2.1,0,0,3,1,7763.57,4,2.88
1080,2025-11-01,172.9,12.9,0,0,6,0,12996.86,4,4.08
707,2026-07-01,189,5,0,0,7,0,9535.31,4,4.12
420,2026-02-01,159,7,0,0,5,1,9283.76,8,4.53
1008,2026-01-01,171,3,0,0,2,1,12704.48,4,2.21
1453,2025-12-01,194.2,18.2,31647.52,123,3,1,8378.76,0,3.22
1386,2026-07-01,188.8,4.8,22433.4,58,2,0,7602.88,2,3.35
1251,2025-10-01,186,10,0,0,5,1,9886.59,2,3.18
509,2025-10-01,110.4,0,0,0,2,0,3914.17,0,3.23
1257,2026-07-01,183,7,0,0,3,1,8216.29,2,
1193,2026-02-01,96,0,11072.16,30,1,0,4097.17,10,4.03
508,2025-10-01,194.7,10.7,19977.64,59,2,0,11241.36,8,2.67
1216,2025-10-01,179.8,3.8,0,0,3,1,6762.64,2,3.42
1230,2025-12-01,204.2,20.2,0,0,4,0,6688.57,6,3.01
863,2026-05-01,147.3,11.3,26878.28,65,3,4,8292.51,6,4.25
375,2025-12-01,203.6,19.6,40547.61,106,2,0,7301.13,8,3.53
800,2026-05-01,174.3,6.3,0,0,6,0,11696.55,4,4.28
139,2026-06-01,183.7,7.7,0,0,4,0,10399.51,0,3.29
418,2025-12-01,202.1,18.1,0,0,7,0,10547.93,4,3.44
76,2025-11-01,171.1,19.1,0,0,5,1,13138.43,4,4.51
1418,2025-10-01,105.6,0,0,63,2,1,8346.83,6,2.82
393,2026-05-01,164.9,4.9,23997.42,64,1,1,8955.12,8,2.97
41,2026-07-01,190.3,6.3,0,0,7,0,6861.41,6,4.49
847,2026-02-01,158.7,6.7,0,91,4,1,11401.51,,4.28
1360,2026-04-01,184,8,0,137,4,0,10859.64,8,4.05
392,2025-09-01,176.9,8.9,0,0,4,1,8376.52,0,3.17
1176,2026-01-01,178.2,2.2,0,0,5,0,7759.81,2,3.43
355,2025-11-01,164.9,12.9,0,0,4,1,10440.1,6,3.69
1232,2026-01-01,178.4,2.4,0,0,3,0,8800.39,2,2.72
122,2026-02-01,163.7,3.7,12681.01,37,2,0,6557.62,4,2.74
1152,2026-08-01,152.6,8.6,0,114,5,3,12124.86,8,4.11
668,2026-02-01,162.8,2.8,19709,57,1,0,7559.85,6,3.54
567,2025-10-01,176.3,8.3,0,0,3,2,7834.88,0,3.49
427,2025-11-01,175.3,15.3,0,0,4,0,8128.02,8,3.49
592,2026-06-01,181.2,13.2,0,147,4,1,11060.97,2,4.3
107,2025-10-01,176.6,8.6,30260.24,80,3,2,7602.62,4,3.77
1374,2026-01-01,161.9,1.9,0,73,4,2,9228.11,6,3.11
1017,2025-12-01,202.7,18.7,0,177,4,0,11575.67,2,3.29
548,2026-02-01,163.1,3.1,0,64,3,0,19208.51,4,2.72
806,2026-04-01,177.2,9.2,0,0,5,1,9680.91,6,3.49
1494,2026-05-01,180.5,12.5,19256.74,63,1,0,9294.8,6,2.57
740,2026-07-01,178.1,10.1,0,83,6,2,11375.88,4,3.36
380,2026-02-01,164.6,4.6,17629.2,60,2,0,6913.68,4,3.78
1249,2026-02-01,167.6,7.6,0,78,3,0,15259.6,4,3.3
697,2026-05-01,172.6,4.6,18825.69,57,2,0,8023.68,4,2.94
954,2026-05-01,175.2,7.2,0,0,6,0,9482.51,0,3.7
436,2025-09-01,182.1,6.1,0,0,5,0,8145.25,2,4.06
287,2025-12-01,110.4,0,0,66,1,0,5652.67,2,2.25
1478,2025-09-01,159.1,7.1,20489.59,59,2,3,8201.41,8,3.34
1459,2025-11-01,175.2,15.2,0,0,5,0,8754.52,6,
668,2026-06-01,187.2,11.2,29075.96,78,3,0,8096.39,4,3.77
1284,2026-04-01,184.4,8.4,0,139,5,0,11232.88,6,3.8
579,2026-08-01,169,1,0,0,4,0,10367.45,2,
219,2026-01-01,168,0,0,0,3,1,7675.83,8,3.61
834,2026-05-01,172.3,12.3,0,0,2,1,11136.34,6,2.21
157,2026-05-01,100.8,0,12495.77,41,1,0,3975.17,8,3.24
360,2026-01-01,178.5,2.5,0,0,4,0,10210.05,0,3.03
1278,2026-07-01,180.4,4.4,0,0,2,1,8474.69,4,2.78
285,2025-09-01,191.6,15.6,0,106,4,0,13359.59,0,3.14
1090,2026-05-01,174.1,6.1,0,0,4,0,11035.15,4,3.47
1083,2025-09-01,165.4,5.4,0,0,3,2,8353.78,8,2.17
664,2026-02-01,152,0,0,0,4,1,7879.17,8,3.78
1122,2026-04-01,175.2,7.2,0,0,6,1,9795.72,0,4.01
525,2025-10-01,195.4,11.4,0,121,5,0,10812.22,6,
1392,2026-06-01,188.8,12.8,27089.72,96,3,0,7317.75,0,3.87
1367,2026-05-01,166.5,6.5,0,0,3,1,11372.12,0,3.3
1336,2026-08-01,100.8,0,0,0,2,0,4636,8,3.78
559,2025-12-01,200.2,24.2,0,178,4,1,13968.03,6,3.5
870,2026-06-01,186.4,10.4,0,0,6,0,8701.83,6,4.28
1367,2025-09-01,167.9,7.9,0,0,3,2,11502.56,4,2.81
476,2026-01-01,182.1,6.1,0,0,5,0,7792.04,0,
872,2026-04-01,173.9,5.9,0,0,4,1,9157.69,2,3.34
578,2025-11-01,181.9,21.9,0,158,5,0,14719.66,8,3.85
956,2026-02-01,161.1,1.1,0,0,4,0,9072.89,12,4.62
626,2026-08-01,157.8,5.8,23296.4,80,3,2,8904.58,0,4.28
1394,2026-01-01,154.5,2.5,0,0,3,3,8444.32,0,3.68
1082,2026-02-01,166.7,6.7,0,50,4,0,11874.78,12,2.43
1273,2026-01-01,179,3,0,83,5,0,11692.71,8,3.22
1246,2025-10-01,188.7,12.7,24526.24,78,3,1,9049.79,0,
790,2025-10-01,176.9,8.9,30947.02,101,3,2,7620.99,4,4.11
611,2025-12-01,201.4,17.4,0,0,6,0,10211.95,2,3.85
994,2025-09-01,180,4,0,0,4,0,9855.92,2,3.57
791,2025-11-01,160.7,8.7,0,0,3,1,6478.61,2,2.88
92,2026-08-01,164,12,0,134,5,2,12580.35,0,4.12
1204,2025-11-01,164.6,12.6,28253.78,91,3,1,7283.79,4,4.12
30,2026-04-01,180.8,4.8,,104,4,0,7518.17,8,4.53
152,2025-10-01,192.1,8.1,27397.84,93,2,0,6951.88,2,3.32
54,2025-10-01,195.4,11.4,0,138,5,0,11169.65,8,3.42
1227,2025-11-01,158.9,14.9,0,0,2,2,8057.26,0,2.39
348,2025-11-01,96,0,0,75,3,0,7808,8,3.67
335,2026-07-01,197,13,0,104,6,0,9636.48,2,3.4
1282,2026-07-01,110.4,0,16324.63,48,1,0,5378.17,6,4
486,2026-07-01,172.6,4.6,0,0,4,2,9968.81,6,3.28
718,2025-10-01,110.4,0,17003.32,53,2,0,6171.17,8,3.96
779,2025-11-01,178.1,18.1,0,156,5,0,12699.85,8,3.63
144,2026-05-01,96,0,0,0,2,1,4432.67,6,2.4
1041,2025-11-01,177.3,17.3,29951.15,107,2,0,8544.46,0,3.69
1458,2026-04-01,182.5,6.5,0,0,6,0,15216.51,8,3.93
1246,2025-09-01,172.9,4.9,19529.97,54,2,1,8499.41,4,3.03
1063,2026-06-01,171.9,19.9,0,112,4,3,11834.06,6,
664,2026-08-01,176.8,8.8,0,0,5,0,8479.2,0,3.75
442,2026-01-01,178.7,2.7,18153.57,67,2,0,8895.6,0,3.62
370,2025-12-01,193.8,17.8,39541.97,93,2,1,11134.36,8,3.36
587,2026-03-01,180.2,12.2,30123.91,79,3,1,13667.88,8,3.51
997,2026-05-01,180.9,12.9,0,0,5,0,8792.66,6,4.51
1272,2026-03-01,187.2,11.2,0,0,5,0,8653.99,12,4.01
1183,2026-05-01,100.8,0,13998.87,47,1,0,5113.83,2,3.35
357,2025-09-01,181,5,0,0,4,0,6862.45,6,2.55
279,2026-02-01,171.1,11.1,0,73,4,0,13483.34,12,3.11
708,2026-06-01,162.3,10.3,0,0,6,3,6676.94,4,4.56
467,2026-07-01,191.8,7.8,0,0,4,0,7325.72,0,3.62
679,2025-09-01,185.8,9.8,0,100,6,0,15771.3,6,3.59
538,2026-08-01,178.3,10.3,0,0,3,0,9832.71,2,3.03
236,2026-05-01,154.2,10.2,0,0,3,3,9880.21,6,4.3
1362,2026-03-01,185.8,9.8,0,0,6,0,8260.63,6,3.7
846,2026-01-01,183.8,7.8,0,94,4,0,13435.91,2,4.19
254,2026-06-01,100.8,0,0,0,3,1,4646.17,6,3.99
359,2026-08-01,159,7,0,0,4,2,10534.53,0,3.85
858,2026-07-01,105.6,0,0,63,3,1,10675,6,3.57
636,2026-04-01,183,7,24011.55,70,1,0,6965.52,2,3.08
351,2026-06-01,194.6,18.6,0,139,7,0,12310.64,8,3.96
751,2025-12-01,189.4,21.4,0,124,4,2,13555.64,2,2.92
216,2025-09-01,183,7,0,0,3,0,9380.8,8,3.74
1174,2025-10-01,188.4,12.4,0,0,5,1,13565.44,,4.04
728,2025-11-01,174.1,14.1,0,0,5,0,9775.97,2,3.32
120,2025-09-01,175.6,7.6,23598.76,71,2,1,8559.9,6,3.69
327,2026-08-01,162.8,2.8,0,0,5,1,8590.74,6,3.7
244,2026-02-01,162.1,2.1,0,0,3,0,8229.38,10,3.27
1191,2026-08-01,170.1,10.1,0,102,3,1,17997.98,4,3.16
1309,2025-12-01,175.7,15.7,0,0,3,3,10046.73,4,3.57
586,2026-03-01,185,9,16083.67,52,1,0,7101.1,10,2.26
1228,2026-06-01,167,7,0,0,6,2,9014.2,6,4.24
892,2026-02-01,153.5,1.5,15672.65,46,2,1,11410.89,6,3.23
743,2026-05-01,176.5,16.5,0,151,6,1,11258.18,4,4.56
523,2026-06-01,192.8,16.8,0,109,3,0,19237.12,0,2.69
227,2026-01-01,176,0,0,0,4,0,9810.83,6,3.5
634,2025-11-01,176.1,16.1,0,161,6,0,10621.76,6,4.13
195,2025-10-01,187.1,11.1,20452.1,61,1,1,8580.3,2,2.62
172,2026-01-01,157.2,5.2,18872.29,61,2,3,8339.97,2,3.97
485,2026-01-01,176.5,0.5,0,0,4,0,7934.18,0,3.18
1245,2026-04-01,185.6,9.6,,37,1,0,8742.96,8,1.87
956,2025-12-01,198.6,14.6,0,0,7,0,10122.85,2,4.56
441,2026-06-01,164,4,0,0,3,2,7194.72,8,3.65
540,2025-09-01,105.6,0,0,57,2,0,5296.83,8,3.52
1474,2026-03-01,160.7,8.7,0,0,5,3,7685.27,12,3.5
101,2026-05-01,166.1,6.1,0,0,4,1,7064.21,6,3.6
1296,2026-08-01,100.8,0,10630.19,40,1,0,3873.5,2,3.12
144,2025-12-01,96,0,0,0,1,3,4432.67,4,2.27
104,2026-02-01,167.2,7.2,13497.52,34,2,0,10206.12,10,2.43
1,2026-05-01,175.8,7.8,0,0,3,0,4883.81,2,3.45
284,2025-09-01,162.3,2.3,25215.03,73,2,2,5775.55,8,4.12
1350,2026-06-01,187.1,11.1,0,0,6,0,10062.36,6,3.63
119,2026-02-01,159.5,7.5,0,0,6,1,9903.61,8,4.44
1393,2025-12-01,198,22,42055.68,139,3,1,10928.33,2,3.61
1348,2026-06-01,187.7,11.7,0,0,7,0,11487.14,4,3.98
476,2026-03-01,162.7,2.7,0,0,4,2,7574.27,12,2.84
99,2025-10-01,110.4,0,21827.9,73,2,0,6923.5,2,4.61
871,2026-06-01,187,11,0,0,5,0,9553.36,0,3.74
193,2025-10-01,175.8,15.8,0,132,5,3,13128.48,8,3.92
955,2026-07-01,184,0,19391.65,68,2,0,6252.5,0,3.23
463,2025-09-01,170.8,10.8,0,120,6,2,14485.27,6,4.28
721,2025-12-01,181.6,13.6,0,0,3,2,14022.2,8,2.75
1150,2025-09-01,182.9,6.9,20802.38,62,2,0,7423.1,0,2.72
1067,2025-10-01,170.4,10.4,0,0,4,3,7402.55,0,2.96
180,2026-04-01,171.4,11.4,0,72,2,2,9762.27,8,2.56
702,2025-12-01,188.6,20.6,0,169,5,2,15189.46,6,3.19
43,2026-05-01,178.3,10.3,0,0,5,0,6865.18,6,3.74
27,2026-04-01,178.7,10.7,0,0,4,1,7886.72,4,3.94
1025,2026-07-01,188.3,4.3,0,0,4,0,13676.84,6,3.72
1075,2025-12-01,110.4,0,14268.26,50,1,0,3914.17,8,2.64
817,2025-09-01,175.2,7.2,22729.88,57,3,1,10044.12,2,3.08
571,2026-08-01,167.4,7.4,0,80,3,1,10233.57,6,3.05
341,2026-03-01,181.3,13.3,0,0,5,1,8094.48,6,3.15
99,2026-02-01,96,0,13126.83,32,2,0,6923.5,8,4.19
1224,2025-12-01,169.5,17.5,0,0,3,4,15592.83,4,2.87
1107,2025-10-01,194.1,10.1,0,0,6,0,9175.88,,3.24
441,2026-02-01,162,2,0,0,3,0,7074.36,6,3.58
1236,2025-11-01,168.5,16.5,0,103,4,1,12071.46,6,3.15
1109,2026-03-01,184.6,8.6,0,0,3,0,8268.94,8,3.69
277,2026-02-01,160,0,0,0,5,0,10126,6,3.71
944,2026-08-01,173.8,5.8,0,0,4,0,11872.77,6,3.66
769,2026-08-01,163.2,3.2,23715.25,66,2,1,8515.29,8,3.8
1042,2026-01-01,179.3,3.3,14285.09,43,1,0,11889.61,6,2.81
242,2026-02-01,159.7,7.7,0,0,3,1,6918.55,6,3.23
814,2026-07-01,193.3,9.3,27998.7,72,2,0,6104.72,6,3.81
1338,2026-04-01,169.6,9.6,0,0,4,2,7951.59,0,3.93
3,2025-12-01,186.8,18.8,0,0,7,2,10047.6,4,4.06
270,2025-09-01,183.7,7.7,0,0,3,0,8490.94,0,3.35
780,2026-05-01,176.5,8.5,0,0,5,0,11722.18,0,4.3
1276,2026-06-01,186.8,10.8,0,0,5,0,6881.34,8,3.71
1322,2025-11-01,169.9,17.9,0,115,4,1,14653.42,6,3.43
1474,2025-12-01,198.2,22.2,0,0,5,1,8520.25,6,3.65
904,2026-04-01,105.6,0,0,0,2,0,5225.67,0,3.44
1219,2025-09-01,179.4,11.4,0,85,4,1,17156.58,6,2.76
134,2026-03-01,173.2,13.2,0,100,5,2,12630.73,8,3.12
53,2026-08-01,179.9,11.9,0,131,5,0,9755.86,8,3.89
11,2025-12-01,201.5,17.5,0,0,5,0,10418.63,6,3.03
1486,2026-08-01,176,8,0,0,3,0,8489.87,0,3.33
900,2026-03-01,189.8,13.8,0,151,4,0,13338.3,8,4.72
459,2025-10-01,105.6,0,0,70,2,1,7980.83,6,3.07
1120,2026-08-01,165.9,5.9,25402.31,88,3,1,10942.21,6,
799,2025-11-01,164.5,12.5,0,0,3,1,6635.93,4,3.79
25,2025-11-01,173.6,13.6,0,0,3,0,9885.99,4,3.58
821,2026-01-01,178.3,2.3,0,0,7,0,9663.93,2,4.61
542,2026-08-01,173.7,5.7,0,0,4,0,10465.46,0,3.29
275,2026-08-01,175.2,7.2,0,125,6,0,16135.39,2,4.3
133,2025-10-01,187.9,11.9,0,119,3,1,14846.86,2,2.95
1405,2026-05-01,169.6,9.6,0,0,4,1,8313.52,2,4
1175,2026-06-01,180.1,12.1,25805.48,74,1,1,9456.7,2,3.05
764,2026-05-01,182.4,14.4,0,132,4,0,13983.28,4,3.45
390,2026-01-01,176,0,0,0,5,0,10034.5,4,3.26
1233,2026-01-01,169.3,1.3,20206.51,64,2,1,8358.49,0,3.8
199,2025-12-01,204.4,20.4,0,201,6,0,15597.76,6,
1286,2025-10-01,184,0,0,0,5,0,8631.5,6,3.45
501,2026-04-01,169.9,1.9,0,0,7,1,7058.01,4,4.74
858,2026-03-01,91.2,0,0,61,2,3,10675,10,3.65
390,2026-02-01,156.4,4.4,0,0,4,1,10416.58,4,3.61
1179,2026-03-01,185,9,25409.22,76,3,0,10268.11,12,3.9
165,2025-11-01,161.6,9.6,25661.02,85,2,1,8555.77,8,3.52
682,2026-07-01,188.8,4.8,0,0,7,0,8238.22,0,4.43
747,2026-05-01,174.8,6.8,0,0,5,0,8407.41,0,3.54
1224,2025-11-01,173.4,21.4,0,0,3,1,16049.87,0,2.93
1368,2026-08-01,168,0,0,0,4,0,6100,6,3.62
92,2025-11-01,166.2,14.2,0,145,6,1,12797.33,8,4.23
150,2026-03-01,185.1,9.1,28628.8,77,3,0,9168.66,12,4.19
651,2026-04-01,157.9,5.9,15983.78,50,2,3,11711.59,8,2.78
1443,2026-04-01,180.4,12.4,0,119,5,1,11460.27,6,4.34
1219,2025-12-01,203.1,27.1,0,125,4,1,19278.25,6,2.29
1465,2025-12-01,189.9,13.9,27375,60,2,1,10523.99,4,2.13
811,2026-03-01,167.2,7.2,19936.94,63,2,2,9514.91,6,
1237,2026-07-01,185.2,9.2,22989.91,57,2,1,8550.37,6,3.45
418,2026-03-01,160.5,8.5,0,0,5,3,9790.31,4,3.49
810,2026-06-01,100.8,0,0,0,3,1,7919.83,4,4.53
1302,2025-12-01,202.4,26.4,0,181,6,1,15112.12,0,3.34
473,2025-12-01,201.3,17.3,0,0,5,0,10402.97,6,2.6
1196,2026-04-01,177.1,9.1,19541.51,56,2,1,9640.25,2,2.69
1032,2026-02-01,148.2,4.2,13457.26,40,1,2,7607.13,12,3.37
1484,2025-12-01,194,18,36858.85,125,3,1,10034.77,8,3.99
640,2025-11-01,168.6,8.6,0,0,3,0,10650.22,4,3.02
1403,2025-09-01,158.7,6.7,16470.36,44,2,3,8249.96,2,2.65
158,2026-08-01,172.3,12.3,0,105,4,1,13284.87,8,3.51
694,2026-04-01,105.6,0,0,77,2,0,5581.5,0,3.63
356,2026-01-01,180,4,20656.23,51,3,0,9045.99,6,3.29
1124,2026-06-01,183.7,7.7,30409.54,95,3,0,9813.93,6,3.83
1281,2026-02-01,167.2,7.2,0,0,4,0,9579.71,8,3.63
741,2025-10-01,197,13,39256.86,96,2,0,6492.18,6,4.39
297,2026-03-01,188.5,12.5,0,79,2,0,15525.14,12,2.14
1077,2026-05-01,175.8,7.8,26547.67,73,2,0,11959.91,6,3.33
430,2026-02-01,162,2,0,0,6,0,9463.5,10,4.57
814,2025-11-01,174.2,14.2,34913.35,91,2,0,6344.3,8,3.91
85,2026-05-01,170,10,26646.04,64,2,1,15001.11,6,3.66
135,2025-11-01,156.2,12.2,27815.97,72,2,2,9733.87,8,3.74
1128,2026-02-01,164.4,4.4,0,0,3,0,7334.88,12,3.75
1045,2026-02-01,167.6,7.6,0,0,4,0,8115.66,4,4.01
35,2025-11-01,174.8,14.8,0,0,5,0,12730.35,0,4.16
241,2026-04-01,174,6,0,0,5,1,10961.92,0,4.28
1150,2025-11-01,163.5,11.5,19650.85,57,1,1,7701.95,8,2.65
93,2026-07-01,182.3,6.3,0,0,5,1,10388.6,0,3.41
296,2025-10-01,189.4,13.4,0,117,5,1,11992.31,0,3
1499,2026-02-01,168.6,8.6,0,0,2,0,11327.46,12,2.53
1488,2026-02-01,166.5,6.5,0,69,4,0,10147.92,6,3.1
1374,2025-12-01,192.3,24.3,0,121,4,2,10988.01,6,2.82
510,2026-07-01,185.4,1.4,23499.96,75,2,0,6554.63,4,3.69
405,2026-05-01,161.4,9.4,0,0,5,2,12159.02,2,3.98
640,2026-08-01,160.6,0.6,0,0,4,1,9963.97,8,3.16
1181,2026-03-01,167.6,7.6,0,0,7,2,8039.81,4,4.3
813,2026-01-01,169.5,1.5,0,0,4,1,9155.49,0,2.55
748,2026-06-01,105.6,0,0,65,2,0,5683.17,2,3.59
1438,2026-02-01,161.5,1.5,0,0,5,0,8311,4,4.04
581,2026-05-01,167,7,0,0,5,1,12658.69,2,3.45
746,2025-09-01,161.1,9.1,0,114,5,3,10329.03,2,4.38
390,2026-07-01,189,5,0,0,5,0,10468.69,6,3.24
939,2026-01-01,176,0,0,0,3,0,14162.17,8,3.13
669,2026-07-01,150.2,6.2,19577.61,60,2,0,8297.95,4,
570,2026-06-01,181.5,5.5,42490.13,110,3,0,9319.24,0,4.52
405,2026-07-01,192.9,8.9,0,0,7,0,12110.36,6,4.74
146,2026-01-01,181.1,5.1,0,65,4,0,14585.52,0,2.78
656,2026-03-01,176.7,16.7,0,95,3,2,12427.19,10,3.1
921,2025-09-01,184.5,8.5,0,0,4,0,9964.94,4,3.28
758,2025-10-01,196.2,12.2,26647.98,83,3,0,7425.79,8,3.53
26,2025-12-01,180.1,20.1,0,194,6,3,11696.38,4,4.11
1485,2025-09-01,105.6,0,18468.77,53,1,0,5073.17,8,4.5
767,2026-08-01,171.2,3.2,0,0,4,0,6509.23,6,
702,2026-05-01,182.4,14.4,0,119,3,0,14497.79,,3.11
1067,2025-11-01,177.5,17.5,0,0,4,0,7819.83,8,2.88
510,2026-02-01,156.9,4.9,14552.2,57,2,1,6750.78,12,3.7
118,2025-10-01,195.6,11.6,0,0,4,0,8021.25,8,4.06
452,2026-03-01,180.2,4.2,0,0,3,0,11136.75,4,4.11
1065,2026-04-01,172.6,4.6,22979.08,67,1,1,8224.53,0,3.22
1412,2026-05-01,179,11,0,0,3,0,9798.32,2,3.14
1349,2026-01-01,185,9,0,92,4,0,10651.66,6,3.63
817,2026-06-01,189.1,13.1,26358.32,90,2,0,10526.87,4,3.37
377,2026-08-01,175.7,7.7,30197.46,102,2,0,7200.49,0,4.6
919,2025-11-01,171.8,11.8,0,0,5,0,10689.42,6,3.08
803,2026-01-01,162.8,2.8,18902.41,48,2,2,8726.1,2,3.21
437,2025-09-01,153.8,1.8,0,0,4,3,9313.18,2,3.34
761,2026-03-01,178,10,0,0,3,1,6384.86,8,3.99
431,2026-07-01,192.7,8.7,0,0,6,0,8778.48,2,3.69
1071,2026-02-01,165.1,5.1,16172.66,54,3,0,7536.91,6,3.38
1289,2025-10-01,177.9,9.9,0,82,2,2,10666.74,2,2.49
1259,2025-09-01,160.7,8.7,15364.48,40,1,3,10483.88,8,2.39
741,2026-08-01,174.8,6.8,28711.45,83,2,0,6179.07,8,4.21
341,2025-12-01,182.7,22.7,0,0,4,3,8684.97,8,3.24
458,2026-08-01,167,7,0,128,4,1,8352.04,0,4.15
910,2025-09-01,179.1,3.1,0,0,4,0,7704.28,4,3.12
341,2025-09-01,174.9,6.9,0,0,4,1,7692.45,4,3.63
69,2025-12-01,207.9,23.9,0,229,7,0,27900.63,0,4.61
1289,2026-03-01,186.7,10.7,0,107,5,0,10734.76,8,3.15
656,2025-10-01,199.5,15.5,0,129,5,0,12314.43,2,3.25
1255,2026-05-01,100.8,0,16385.61,52,1,0,3832.83,8,4.12
1080,2026-08-01,156.5,4.5,0,0,3,2,12146.97,4,4.27
1353,2026-07-01,185.5,9.5,0,0,3,1,9539.15,8,3.13
1451,2025-10-01,201.7,17.7,0,113,5,0,13175,4,2.98
109,2025-09-01,184.8,8.8,0,0,3,0,6608.3,2,3.09
265,2025-12-01,198.2,14.2,0,108,2,0,15434.42,4,1.92
901,2025-12-01,201.2,17.2,0,168,6,0,10290.02,4,3.1
1120,2026-07-01,188.3,4.3,25131.1,91,3,0,10798.06,2,4.53
625,2025-10-01,182.9,6.9,0,0,4,1,9297.73,8,3.81
634,2025-12-01,205.3,21.3,0,181,7,0,11041.28,8,3.91
138,2025-09-01,171.2,3.2,0,116,4,1,12537.85,4,3.44
325,2026-03-01,183.6,7.6,22550.67,74,2,0,9751.79,12,3.34
547,2025-12-01,208,24,0,143,5,0,11885.3,8,2.83
989,2026-02-01,130.9,2.9,12903.61,37,2,4,9025.29,12,3.43
1001,2026-03-01,182.2,6.2,29180.65,75,3,0,7164.85,12,3.99
12,2026-05-01,179.6,11.6,0,0,7,0,11634.73,8,4.57
538,2025-11-01,167.1,15.1,0,0,5,1,10207.72,0,3.12
1461,2026-06-01,173.5,13.5,0,90,5,2,15009.62,0,2.94
191,2026-05-01,160,8,0,0,3,2,6804.94,2,3.43
855,2025-11-01,176.5,16.5,0,121,4,0,16277.31,2,3.33
796,2025-10-01,189,13,0,0,5,1,12113.46,0,3.21
1020,2025-09-01,184.8,8.8,0,0,5,0,16334.76,8,3.6
91,2026-03-01,182.2,6.2,24352.21,63,1,0,8741.11,4,3.08
1495,2026-04-01,166.2,6.2,0,0,3,2,11408.44,8,3.72
1250,2025-10-01,199.4,15.4,0,126,6,0,12224.39,2,3.58
375,2026-01-01,181.4,5.4,18623.98,64,2,0,6534.04,2,3.56
213,2026-08-01,175.1,15.1,0,76,3,1,11012.38,8,2.33
139,2025-12-01,189,13,0,0,3,1,10846.69,2,3.42
485,2026-03-01,182.4,6.4,0,0,5,0,8337.54,10,3.2
1110,2026-05-01,174.6,6.6,29514.9,95,3,0,10586.13,8,4.56
1428,2026-08-01,174.7,14.7,0,95,5,1,13625.92,4,3.22
943,2026-03-01,177.7,9.7,0,88,4,1,8959.33,12,2.61
1036,2025-11-01,163.8,11.8,0,0,5,1,9826.64,2,4.54
456,2026-01-01,174.3,6.3,0,0,3,1,12929.46,6,3.41
465,2025-11-01,86.4,0,12699.58,38,1,2,5256.17,8,2.99
1266,2025-10-01,195.8,11.8,0,174,5,0,9793.03,0,4.06
197,2026-07-01,110.4,0,11813.59,38,1,0,5551,6,3.05
869,2025-09-01,186.9,10.9,0,148,5,0,15542.54,4,4.3
382,2026-01-01,174,6,0,92,5,1,10330.94,6,3.57
926,2026-03-01,183.4,7.4,0,0,4,0,5701.47,10,3.81
1417,2026-01-01,184.2,8.2,0,68,5,0,12956.85,6,3.13
832,2026-06-01,180.5,4.5,27901.12,77,3,0,8693,4,3.7
45,2025-12-01,203.2,19.2,0,0,3,0,10670.31,8,2.82
786,2026-02-01,160,0,0,0,4,0,11030.83,10,4.06
771,2026-01-01,96,0,0,0,1,2,7879.17,8,2.92
1378,2026-07-01,190.7,6.7,0,0,4,0,8981.38,0,3.23
649,2026-06-01,184.3,8.3,0,0,6,0,9687.35,0,3.73
1073,2025-11-01,171.8,11.8,0,0,3,0,11709.06,0,3.83
1277,2025-09-01,167.4,7.4,0,0,5,2,8751.54,4,3.58
292,2026-08-01,165.3,5.3,0,0,7,1,6741.3,0,4.61
1026,2026-05-01,163.3,3.3,0,0,4,1,9620.44,2,3.53
1259,2026-05-01,179.8,11.8,22292.92,60,2,0,10745.44,4,2.93
1066,2026-07-01,193.6,9.6,0,125,5,0,18058.5,2,3.79
882,2026-04-01,105.6,0,0,69,2,0,6201.67,6,4.15
1147,2025-12-01,193.4,17.4,0,192,5,1,15113.21,0,3.33
1398,2025-12-01,202.4,18.4,42703.83,106,3,0,9310.56,0,3.35
110,2026-05-01,170.5,10.5,24996.35,90,3,1,7874.23,8,
1145,2026-05-01,176.3,8.3,33611.82,89,3,0,12553.24,4,4.51
345,2025-11-01,175.4,15.4,0,0,3,0,10749.63,4,3.28
167,2025-12-01,200.6,16.6,0,0,4,0,8894.77,0,3.6
716,2026-08-01,149.3,5.3,0,0,4,3,8421.31,4,3.24
837,2025-10-01,105.6,0,0,0,3,1,5246,6,3.69
669,2026-03-01,169.1,9.1,25274.47,62,2,2,10704.08,6,3.6
1064,2025-11-01,175.2,15.2,0,0,4,0,10997.8,8,3.1
417,2026-07-01,185.9,1.9,0,0,6,0,6055.62,6,3.4
79,2025-10-01,202.1,18.1,0,191,5,0,21672.06,8,4.46
90,2026-07-01,168.3,0.3,17347.62,61,1,2,10437.69,2,3.02
488,2025-09-01,156.4,4.4,0,0,5,3,12358.48,0,3.61
1198,2025-11-01,159.6,15.6,35484.71,86,2,2,10108.31,6,4.04
1170,2026-04-01,180.9,4.9,0,0,3,0,8043.71,8,3.54
1296,2026-05-01,100.8,0,11258.05,37,1,0,3873.5,0,3.24
943,2026-08-01,175.3,7.3,0,79,4,0,8787.66,4,2.74
305,2026-04-01,188.7,12.7,0,0,6,0,10426.44,6,3.51
1246,2026-02-01,165.5,5.5,14031.41,34,2,0,8541.75,4,2.5
1489,2026-03-01,186.3,10.3,0,0,4,0,8492.89,8,3.6
878,2026-02-01,154.1,2.1,0,0,2,1,10423.89,8,3.11
1322,2025-09-01,187.7,11.7,0,124,3,0,13972.66,2,3.67
146,2026-05-01,182.5,14.5,0,99,3,0,15721.84,8,2.69
168,2026-01-01,182.9,6.9,0,0,4,0,10170.4,4,3.07
208,2026-01-01,153.4,1.4,0,0,3,3,6575.21,0,3.4
697,2025-09-01,176.2,8.2,17074.06,61,2,1,8264.07,4,3.03
1395,2026-05-01,160,8,0,96,3,2,15718.76,2,2.94
478,2026-08-01,166.1,6.1,19109.91,49,2,1,8327.21,4,3.11
1205,2026-08-01,173.4,5.4,30224.21,80,4,0,7300.25,0,
324,2026-08-01,162.8,10.8,19848.1,49,2,2,6688.34,8,3.22
908,2025-10-01,161,9,0,0,3,4,7791.49,2,2.88
834,2026-04-01,167.3,7.3,0,0,3,2,10700.84,6,2.22
305,2026-06-01,188.6,12.6,0,0,6,0,10418.31,8,3.61
375,2026-05-01,174,6,19686.84,73,2,0,6566.45,8,3.46
350,2026-04-01,181.5,5.5,0,0,6,0,7817.51,2,3.68
1259,2026-03-01,169.7,9.7,14910.1,52,2,2,10568.26,10,2.56
291,2026-07-01,196.1,12.1,0,0,7,0,7929.25,6,3.71
1250,2026-03-01,178.9,10.9,0,105,5,1,11804.32,4,3.49
891,2025-11-01,174.9,14.9,0,0,6,0,10574.43,8,3.94
1012,2026-02-01,130.5,2.5,0,0,4,4,9181.77,4,
1036,2026-01-01,168,0,0,0,7,1,8916.17,0,4.87
1160,2025-09-01,156.4,4.4,20473.19,60,2,3,6627.78,0,3.44
1,2025-12-01,188.4,20.4,0,0,5,2,5382.66,0,3.32
451,2025-12-01,178.1,18.1,0,0,6,3,7537.6,6,3.59
1228,2025-09-01,186.4,10.4,0,0,6,0,9264.27,6,4.21
327,2026-05-01,169.1,9.1,0,0,5,1,9048.02,4,3.59
955,2025-10-01,194.2,10.2,25464.85,88,3,0,6804.4,6,3.32
710,2026-05-01,169.1,9.1,0,101,3,1,14959.39,6,3.7
737,2026-01-01,179.6,3.6,0,0,6,0,8449.62,4,4.21
781,2026-07-01,106.9,2.9,0,0,2,0,7387.87,6,
274,2025-12-01,196.3,12.3,0,0,3,0,10573.9,2,3.17
149,2026-06-01,181.8,13.8,21556.78,58,2,1,7727.56,4,2.66
852,2026-01-01,152.4,0.4,12874.27,34,1,3,10620.14,2,2.46
723,2025-10-01,183.6,7.6,0,0,5,1,8603.24,4,3.12
1316,2026-08-01,173,5,0,0,4,0,6224.84,8,
1062,2026-01-01,160.5,0.5,0,0,6,2,9291.7,,4.46
1164,2025-09-01,184.1,8.1,0,0,5,0,7093.31,4,4.15
1199,2026-02-01,159.3,7.3,0,0,3,1,12516.74,8,3.37
251,2026-04-01,178.8,10.8,,61,2,1,9671.67,2,3.38
362,2026-07-01,110.4,0,0,0,3,0,6943.83,6,3.81
1278,2025-12-01,192.9,16.9,0,0,5,1,9357.79,0,2.73
1109,2026-06-01,180.4,12.4,0,0,4,1,8522.02,4,3.57
499,2025-12-01,110.4,0,17597.18,58,1,0,4859.67,6,2.99
751,2026-06-01,185.6,9.6,0,123,4,0,12387.69,0,3.04
727,2026-05-01,161.7,9.7,0,116,4,2,11582.1,2,4.19
62,2026-07-01,190.2,6.2,0,0,4,0,24498.68,8,4.29
583,2026-05-01,180.8,12.8,27071.74,100,2,0,8390.57,4,4.46
980,2026-01-01,165.4,5.4,14020.37,47,1,2,10609.84,0,2.79
836,2026-07-01,189.5,5.5,0,0,3,0,7987.92,4,2.94
545,2025-12-01,188.7,12.7,0,0,5,1,13055.61,8,4.08
531,2026-07-01,170.5,10.5,0,90,4,3,12665.31,6,
1071,2025-10-01,192.6,8.6,21441.56,75,2,0,7755.54,6,2.99
396,2026-07-01,188.9,12.9,0,90,3,1,19111.04,0,2.54
178,2025-12-01,203.2,19.2,0,195,4,0,11025.98,4,4.02
180,2026-08-01,178.6,10.6,0,71,4,0,9700.76,2,2.49
143,2025-12-01,176.8,16.8,0,0,6,3,7277.96,6,5
976,2025-09-01,188,12,0,125,4,0,17215.22,8,3.9
1239,2026-01-01,169,1,0,0,4,1,7619.2,6,4.09
551,2026-08-01,178,10,0,89,4,0,11788.94,4,2.57
924,2026-02-01,160,0,0,0,6,0,12128.83,6,4.38
191,2025-09-01,176.7,0.7,0,0,3,0,6402.89,6,3.61
494,2025-12-01,185.5,17.5,28120.94,98,1,2,9973.79,4,2.82
1408,2025-09-01,174.2,14.2,0,96,2,2,18779.31,0,2.82
669,2026-05-01,170.8,10.8,26002.38,70,3,1,10850.05,4,3.76
1184,2026-01-01,170.6,2.6,0,0,4,1,8825.71,2,3.68
775,2026-01-01,181.2,5.2,0,0,5,0,10730.41,4,3.76
396,2026-02-01,169.7,9.7,0,62,2,0,18634.96,6,2.47
333,2025-10-01,197.1,13.1,0,116,4,0,17897.04,,3.46
910,2026-07-01,99.2,3.2,0,0,2,1,4448.6,8,3.38
29,2026-04-01,163.7,3.7,0,0,5,2,5246.1,8,4.92
1298,2026-06-01,183.5,7.5,0,0,4,0,15893.33,8,4.82
1362,2025-12-01,206.7,22.7,0,0,4,0,9110.71,2,3.36
73,2026-02-01,161.2,1.2,0,0,4,0,13631.27,8,3.05
1179,2025-10-01,182.5,6.5,33441.97,104,3,1,10062.01,2,3.95
208,2026-06-01,173.6,5.6,0,0,4,1,6811.33,0,3.56
1129,2026-02-01,169.6,9.6,0,67,2,0,12629.94,10,2.87
1035,2026-02-01,165.9,5.9,0,0,5,0,6924.37,8,3.39
318,2026-03-01,175.2,7.2,22108.6,77,2,1,8640.1,10,3.44
1196,2025-11-01,168.3,8.3,28854.31,72,2,0,9578.38,6,3.19
344,2025-12-01,199.9,15.9,0,0,5,0,11496.17,6,3.46
1095,2026-03-01,176.1,8.1,31549.26,97,2,1,6864.85,12,4.63
1357,2026-06-01,174.5,6.5,0,0,4,1,8730.43,4,4.14
1309,2026-07-01,187.8,3.8,0,0,5,0,9135.86,2,3.86
1309,2026-06-01,183.5,7.5,0,0,6,0,9419.07,0,4
1326,2026-03-01,157.8,5.8,17952.77,59,1,3,7495.22,6,3.36
396,2026-06-01,190.6,14.6,0,83,3,0,19363.96,2,2.54
1439,2026-04-01,181.6,5.6,0,0,4,0,8165.07,6,2.63
774,2025-10-01,164.7,12.7,26988.74,89,2,4,7718.27,4,4.04
1494,2026-07-01,185,1,17694.74,61,1,0,8460.08,0,2.78
143,2026-02-01,162.4,2.4,0,0,4,0,6486.14,8,4.63
1232,2026-04-01,179.2,3.2,0,0,5,0,8860.08,2,3.03
1147,2026-02-01,158.9,6.9,0,82,3,1,13919.66,6,3.58
690,2026-01-01,177.6,1.6,0,0,4,0,7586.27,6,4
1276,2025-10-01,192.6,8.6,0,0,4,0,6761.52,6,4.05
399,2025-10-01,196.1,12.1,31108.38,81,2,0,8648.05,,3.71
479,2025-09-01,168.5,8.5,23602.07,75,3,2,7323.63,4,3.94
294,2026-01-01,180,4,0,0,3,0,8130.87,2,2.6
443,2025-09-01,180.6,4.6,32780.53,79,3,0,11660.23,6,4.1
628,2026-02-01,160.1,8.1,0,59,4,1,18745.05,12,2.89
1138,2026-03-01,182.5,14.5,0,0,4,1,16454.15,6,3.02
1497,2026-04-01,177.9,1.9,26966.24,86,2,0,8081.06,6,3.66
1011,2026-03-01,172,12,0,114,3,2,15071.73,8,3.64
73,2026-05-01,175.4,7.4,0,0,4,0,14355.12,2,2.86
9,2025-12-01,207.4,23.4,43099.08,125,4,0,12469.92,2,3.86
1383,2026-06-01,96,0,16059.06,55,1,2,4493.67,0,3.91
416,2025-11-01,96,0,0,0,2,0,4229.33,0,3.68
956,2026-05-01,168.6,8.6,0,0,5,1,9656.2,0,4.55
907,2025-09-01,86.4,0,12084.56,34,1,4,6415.17,8,3.62
1460,2026-01-01,182.7,6.7,0,65,3,0,13219.29,0,
834,2025-10-01,189,13,0,0,4,1,11197.31,2,2.16
206,2026-02-01,96,0,0,0,3,0,4148,6,4.17
1084,2025-11-01,175.1,15.1,29321.41,99,3,0,9242.12,0,3.58
749,2026-02-01,145.7,1.7,14339.13,48,2,2,7891.92,10,3.83
111,2025-12-01,202.3,26.3,0,207,6,1,17223.17,6,3.5
1259,2026-04-01,187.6,11.6,,62,2,0,10728.57,4,2.55
362,2025-10-01,110.4,0,0,0,4,0,6943.83,4,3.58
208,2025-11-01,171.1,11.1,0,0,4,0,7120.54,8,3.52
747,2026-08-01,155.8,3.8,0,0,4,2,8201.28,6,3.44
1063,2025-09-01,176.5,8.5,0,97,4,1,10838.1,0,3.21
452,2026-05-01,174.5,6.5,0,0,4,0,11350.64,6,3.94
387,2026-07-01,193.6,9.6,0,0,4,0,12596.91,2,3.78
1058,2025-10-01,189.3,5.3,32125.83,96,2,0,8872.42,6,3.97
175,2026-03-01,178.7,2.7,0,0,4,0,9977.64,18,3.4
1394,2026-05-01,176.1,8.1,0,0,6,0,8844.88,0,4.1
1387,2025-10-01,168.5,8.5,0,0,5,3,8305.94,2,3.87
1152,2025-12-01,201.6,25.6,0,193,5,1,13785.06,6,3.85
1296,2026-07-01,105.6,0,9758.16,38,1,1,3873.5,8,3.31
458,2025-12-01,204.7,20.7,0,239,5,0,9285.69,8,4
1318,2025-09-01,174.1,14.1,0,123,3,2,11441.42,8,3.78
1039,2026-06-01,172.4,4.4,0,0,4,1,9329.54,6,4.51
1250,2025-11-01,157.5,13.5,0,133,5,2,12047.03,8,3.47
1013,2026-02-01,170.8,10.8,15677.79,55,3,0,8693.38,6,3.46
750,2026-04-01,185.8,9.8,8822.9,37,1,0,8139.31,10,3.43
1008,2026-02-01,144,0,0,0,1,2,12383,6,2.13
1217,2025-10-01,190.6,14.6,0,104,3,1,15985.86,,2.88
150,2025-09-01,157.5,5.5,26988.93,81,3,3,8903.87,2,4.07
183,2025-11-01,166.7,14.7,0,0,4,1,11368.3,8,3.85
1311,2025-12-01,204.3,20.3,0,201,7,0,14940.85,0,3.83
1321,2026-03-01,160.2,8.2,0,0,5,3,10986.1,10,4.29
16,2026-06-01,149.8,5.8,0,0,5,4,9929.57,0,4.32
297,2025-10-01,168.5,16.5,0,63,3,4,16010.09,8,1.99
1410,2026-06-01,183.2,7.2,27441.72,76,3,0,7084.88,0,3.61
427,2026-08-01,177.3,9.3,0,0,5,0,7755.33,4,3.19
854,2026-05-01,171.6,3.6,0,0,5,0,8889.92,2,3.67
588,2025-11-01,176.4,16.4,0,0,4,0,12027.5,8,2.95
655,2026-04-01,183.3,7.3,0,0,7,0,13349.02,0,4.02
1076,2025-09-01,180.7,12.7,15464.01,48,1,1,9884.8,6,2.38
54,2025-12-01,210.7,26.7,0,192,5,0,12515.75,2,3.72
1123,2026-07-01,186.2,2.2,28414.17,86,3,0,7842.69,4,4.96
594,2026-05-01,176.5,8.5,0,0,3,0,10325.12,6,3.15
159,2025-09-01,183.5,7.5,0,0,5,0,9635.6,6,3.62
966,2026-04-01,176.8,8.8,20314.43,84,3,1,8719.9,4,3.61
682,2026-08-01,175.2,7.2,0,0,7,0,8402.5,,4.45
1253,2025-09-01,163.7,11.7,0,0,3,3,4955.62,2,
1040,2025-11-01,163,11,0,0,3,1,10700.21,6,2.9
1104,2025-11-01,175.7,15.7,0,145,3,0,10912.83,16,3.85
771,2026-03-01,100.8,0,0,0,3,1,7879.17,8,
412,2026-06-01,151.3,7.3,23001.61,75,2,4,11144,2,3.51
1377,2026-04-01,189.5,13.5,0,0,4,0,11138.67,2,4.1
1164,2026-04-01,182.7,6.7,0,0,5,0,7013,4,4.29
752,2026-03-01,182.4,6.4,0,0,5,0,7146.01,,3.08
1149,2025-09-01,176.3,16.3,13531.26,41,2,2,7934.92,8,2.09
1243,2025-09-01,170.7,2.7,0,0,3,1,12693.14,4,2.41
1269,2025-11-01,174.8,22.8,0,189,6,1,15008.85,2,4.16
617,2025-12-01,193.3,17.3,0,0,4,1,10835.46,4,3.62
1279,2026-06-01,177.7,9.7,0,0,3,1,8838.1,0,3.24
751,2026-05-01,166.7,14.7,0,92,4,2,12892.48,8,2.84
1148,2025-09-01,171,3,22587.03,62,2,1,10847.83,8,3.4
899,2026-05-01,169.4,9.4,0,0,4,1,5617.77,8,4.21
1132,2026-07-01,168,0,21748.62,71,2,2,9475.33,6,4
364,2026-01-01,174.3,6.3,0,71,2,1,17110.63,8,2.81
877,2026-02-01,163.7,3.7,0,0,3,0,7197.65,6,2.56
333,2026-07-01,192.6,8.6,0,126,5,0,17271.05,2,3.94
1137,2026-05-01,174.1,14.1,26700.75,85,3,1,7973.63,2,3.92
77,2026-05-01,162.4,10.4,0,0,6,2,15192.97,2,4.45
469,2026-01-01,176,0,18628.11,55,3,0,9566.83,0,3.55
215,2026-06-01,184,8,36725.98,105,3,0,10500.92,2,4.48
983,2026-01-01,185.1,9.1,0,95,5,0,16418.04,0,3.99
205,2026-07-01,186.1,2.1,0,0,5,0,8001.65,6,3.91
1194,2026-06-01,193.3,17.3,0,110,5,0,12016.02,6,3.4
387,2026-08-01,176.6,8.6,0,0,4,0,12496.26,6,3.86
405,2026-06-01,182.2,6.2,0,0,5,0,11847.64,2,4.37
772,2025-10-01,193.7,17.7,0,120,4,1,16882.45,4,2.82
1192,2026-02-01,164,4,0,76,2,0,10518.59,10,3.03
1191,2025-12-01,205.7,21.7,0,188,3,0,19659.48,6,3.39
901,2026-06-01,162.6,18.6,0,89,2,4,10398.54,6,3.03
84,2026-06-01,188,20,0,151,4,1,22552.6,4,3.98
1179,2026-04-01,178.1,10.1,30716.62,70,2,1,10358.79,8,3.74
687,2026-05-01,159.6,7.6,18794.7,47,1,2,11182.05,4,2.55
241,2026-02-01,151.7,7.7,0,0,3,2,11115.22,6,4.1
1203,2025-10-01,110.4,0,0,0,2,0,4890.17,2,3.14
842,2026-05-01,174.3,6.3,21479.14,60,2,0,8533.87,4,3.23
724,2026-07-01,179.6,3.6,32128.89,85,3,1,8596.39,0,4.63
564,2025-11-01,172.4,12.4,31051.37,84,1,0,8120.26,0,3.23
36,2026-02-01,167.4,7.4,0,71,3,0,11683.14,6,3.07
469,2026-02-01,165.7,5.7,19544.32,59,3,0,10038.74,6,3.78
940,2026-01-01,144,0,0,0,3,4,7594.5,4,3.87
625,2025-12-01,192.3,16.3,0,0,6,1,10011.45,2,3.56
841,2026-05-01,158.3,6.3,22249.84,65,1,2,7654.76,8,3.51
69,2026-02-01,159,7,0,102,4,1,24519.48,4,4.44
911,2026-08-01,172.6,4.6,0,0,5,0,8013.1,2,4.12
1347,2026-08-01,178.4,10.4,0,0,5,0,14672.13,8,
702,2025-10-01,173.9,13.9,0,91,5,3,14442.01,0,3.05
114,2026-05-01,175.8,7.8,0,0,4,0,9083.89,2,3.59
290,2025-12-01,110.4,0,0,0,3,0,6069.5,8,4.18
1376,2026-06-01,178.1,10.1,0,0,5,1,9374.87,8,3.17
598,2025-09-01,170.7,10.7,20884.17,63,2,2,12207.76,6,3.05
32,2026-02-01,171.7,11.7,0,73,3,0,9516.64,10,2.58
1005,2026-05-01,175.1,7.1,0,0,3,0,8622.27,0,3.36
1361,2025-12-01,105.6,0,0,0,3,1,5286.67,6,3.78
1024,2026-08-01,172.8,4.8,0,0,4,0,11076.07,6,3.51
252,2026-07-01,187.6,3.6,0,0,5,0,6824.69,8,3.5
737,2025-12-01,181.1,13.1,0,0,6,2,9123.29,0,
1479,2026-05-01,178,10,0,0,3,0,10836.59,2,3.01
635,2026-03-01,183.9,7.9,20047.72,60,1,0,8520.21,12,2.91
170,2026-07-01,181.8,5.8,0,0,6,1,8231.93,4,3.88
1286,2025-09-01,163.7,11.7,0,0,3,3,9505.44,6,3.38
137,2025-10-01,193.6,9.6,0,0,2,0,10383.64,2,1.83
272,2026-07-01,180.6,4.6,0,0,7,1,10825.09,4,4.02
1226,2026-03-01,177.4,9.4,0,0,3,1,9091.78,12,3.52
1000,2026-03-01,166.1,6.1,0,0,4,2,8202.98,10,4.57
804,2026-06-01,179.5,3.5,29873.74,73,2,0,7426.66,2,3.47
1341,2026-08-01,170.9,2.9,22426.05,80,2,0,11672.43,6,3.8
1281,2026-04-01,174,6,0,0,3,1,9486.07,6,3.42
1119,2026-03-01,176.6,8.6,27149.51,75,2,1,12703.8,4,3.59
1038,2026-04-01,180.2,4.2,24872.6,91,3,0,5881.26,2,4.08
809,2026-02-01,148.3,4.3,0,0,3,2,6052.82,4,3.66
1122,2025-10-01,191.4,7.4,0,0,7,0,9811.68,2,4.2
972,2026-08-01,174.3,6.3,0,0,4,0,11021.13,0,
63,2025-09-01,176.4,8.4,0,0,5,1,30099.75,6,3.37
201,2025-12-01,198.4,22.4,0,213,7,1,18327.53,6,4.63
654,2025-10-01,198.9,14.9,0,169,4,0,8589.37,4,4.11
368,2025-11-01,177.2,17.2,0,157,3,0,13361.85,2,3.37
539,2026-03-01,174.3,6.3,23341.91,70,3,1,11600.06,10,3.61
545,2026-07-01,171.2,3.2,0,0,3,2,12088.57,0,3.87
670,2026-01-01,178.3,2.3,15766.32,61,1,0,8983.65,2,3.39
991,2026-03-01,183.6,7.6,0,0,6,0,10856.99,8,3.4
807,2025-11-01,91.2,0,0,53,2,1,7594.5,2,2.94
486,2025-10-01,189.9,5.9,0,0,6,0,10076.67,0,3.54
864,2026-04-01,186,10,0,112,5,0,11112.75,2,3.73
1380,2025-11-01,170.5,18.5,0,195,7,1,13763.96,0,4.51
1151,2026-02-01,163.2,3.2,0,0,6,0,9601.9,6,3.97
842,2025-10-01,189.9,5.9,21953.66,69,2,0,8505.86,8,3.04
380,2026-03-01,183.9,7.9,21523.74,75,2,0,7103.56,10,3.53
1156,2026-03-01,180.2,12.2,19468.68,79,3,1,10026.11,4,3.33
1094,2026-01-01,86.4,0,7702.32,29,1,4,5256.17,0,3.25
1451,2025-12-01,195.7,19.7,0,157,3,1,13372.74,2,3.17
986,2026-03-01,187.3,11.3,0,105,5,0,12600.6,12,3.31
1377,2026-03-01,178,10,0,0,4,1,10836.59,4,4.33
1001,2025-11-01,155.1,11.1,34199.34,92,3,2,7453.19,6,4.29
1336,2025-12-01,105.6,0,0,0,3,1,4636,4,3.74
1436,2025-12-01,198.1,14.1,0,0,7,0,10038.33,0,4.21
993,2025-12-01,200.3,16.3,0,172,4,0,11357.14,0,3.41
96,2026-01-01,105.6,0,0,63,3,0,5805.17,0,3.82
1058,2026-06-01,175.9,7.9,31539.59,83,2,1,9063.3,0,4.01
909,2026-03-01,185.9,9.9,0,127,3,0,13289.36,10,4.22
396,2025-10-01,199.9,15.9,0,102,3,0,19557.36,2,2.55
439,2026-02-01,91.2,0,0,0,2,1,4961.33,12,4.09
129,2025-09-01,100.8,0,0,0,1,1,5093.5,12,3.65
394,2026-08-01,166.5,14.5,0,0,5,2,8833.52,4,
1474,2026-01-01,152,0,0,0,4,3,7147.17,0,3.41
881,2026-06-01,105.6,0,0,93,3,0,8041.83,0,4.09
613,2026-04-01,169.2,9.2,0,0,5,2,8078.4,4,3.28
1114,2026-02-01,137.4,1.4,12178.85,35,2,3,9991.43,12,3.12
584,2026-03-01,165,5,0,0,5,2,11635.41,10,3.64
1068,2026-02-01,167.3,7.3,21090.08,51,2,0,11046.72,6,3.72
856,2026-01-01,172.6,4.6,0,0,3,1,9059.67,0,3.42
245,2026-08-01,173,5,0,0,4,0,8230.7,0,3.54
958,2025-12-01,199.2,15.2,0,0,5,0,7753.68,2,3.84
1298,2026-04-01,164.9,4.9,0,0,5,2,15557.53,6,4.64
482,2025-12-01,171.3,19.3,0,127,4,4,15400.37,2,2.73
623,2025-09-01,185.3,9.3,0,125,6,0,11105.72,0,3.42
732,2026-06-01,156.2,12.2,0,0,3,4,7840.38,8,3.51
465,2026-07-01,110.4,0,12870.9,39,1,0,5256.17,2,3.16
189,2026-01-01,168,0,17588.09,46,2,1,8041.83,6,3.7
1321,2025-10-01,194.3,10.3,0,0,5,0,11172.52,0,4.32
356,2026-04-01,157,5,22811.71,69,3,3,9121.65,8,3.6
1258,2025-12-01,195.5,19.5,0,0,4,1,10765.36,4,3.19
649,2026-02-01,154.1,2.1,0,0,4,1,9202.42,4,3.69
575,2026-03-01,183.6,7.6,0,0,5,0,10661.96,12,3.67
794,2025-10-01,199.3,15.3,0,0,5,0,11777.57,2,4.04
582,2025-11-01,175.5,15.5,40957.51,112,3,0,10250.5,6,4.12
542,2026-01-01,182.7,6.7,0,0,4,0,10551.77,6,3.06
490,2026-02-01,155.3,3.3,0,0,3,1,9348.56,4,3.55
1118,2026-07-01,186,2,0,0,7,0,9101.51,2,4.14
30,2026-08-01,181.4,13.4,31959.99,85,3,0,8055.38,0,4.39
1234,2026-05-01,177.5,9.5,29768.37,86,3,0,10287.32,4,3.96
274,2025-10-01,192.5,8.5,0,0,4,0,10259.63,4,3.32
70,2026-01-01,176,0,16488.29,48,2,0,14060.5,6,3.14
953,2026-02-01,157.3,13.3,0,69,3,2,10588.58,6,2.63
262,2026-08-01,170.8,2.8,0,0,3,0,14130.46,6,3.71
983,2026-05-01,183.9,15.9,0,120,6,0,17313.64,,4.12
342,2025-10-01,196.8,12.8,0,124,4,0,9734.41,2,3.52
307,2026-02-01,165.1,5.1,16672.71,50,2,0,7696.14,4,3.2
727,2025-09-01,183.7,15.7,0,168,8,1,12136.91,0,4.54
266,2025-12-01,204.2,20.2,0,0,5,0,12696.34,2,2.65
1233,2025-10-01,181.9,5.9,28968.03,84,2,1,8687.52,8,3.74
974,2026-07-01,110.4,0,0,77,4,0,7004.83,6,5
21,2026-01-01,180.7,4.7,24993.34,62,2,0,5819.1,6,4.49
393,2026-04-01,178.4,2.4,19600.73,61,2,0,8769.26,8,3.13
359,2025-09-01,182.7,6.7,0,0,4,0,10508.75,4,3.84
307,2026-07-01,177.7,1.7,16772.85,61,2,1,7479.27,8,3.33
1331,2026-03-01,173.8,5.8,0,0,5,1,8691.04,6,3.99
152,2026-08-01,165.4,5.4,14365.67,57,2,1,6800.09,8,
439,2026-01-01,100.8,0,0,0,3,1,4961.33,4,4.16
1482,2026-07-01,186.5,10.5,0,103,5,1,11798.04,4,3.45
384,2026-04-01,177.1,9.1,0,104,3,1,9596.38,8,3.66
737,2026-07-01,169.3,9.3,0,0,6,3,8853.82,2,4.1
422,2026-05-01,174.9,6.9,0,0,5,0,9136.13,4,3.59
1285,2026-01-01,179.1,3.1,0,0,4,0,9572.94,8,4.08
340,2026-04-01,179.1,3.1,0,0,6,0,6211.45,4,3.97
628,2025-10-01,195.8,11.8,0,111,5,0,19305.94,8,2.98
1034,2025-11-01,157.7,13.7,29818.83,101,2,2,6777.71,4,4.43
1433,2026-03-01,177.7,1.7,20045.36,68,2,0,7045.99,8,3.36
1227,2025-10-01,198.6,14.6,0,0,5,0,8038.73,4,2.58
730,2026-03-01,175.5,7.5,0,0,6,1,13922.91,4,3.82
788,2025-11-01,91.2,0,0,67,2,1,6689.67,0,3.23
292,2025-09-01,183.7,7.7,0,0,7,0,6875.17,8,4.59
1204,2026-02-01,170.3,10.3,19416.17,59,2,0,7153.07,10,4.02
1279,2026-04-01,180.8,4.8,0,0,4,0,8492.36,0,3.31
1220,2025-11-01,176.4,16.4,0,133,6,0,14778.96,6,3.92
746,2026-08-01,178.6,10.6,0,125,4,0,10453.32,,4.5
511,2026-06-01,186.8,10.8,0,148,6,0,12239.66,8,4
93,2026-03-01,184.4,8.4,0,0,5,0,10567.63,10,3.37
1443,2026-03-01,187.6,11.6,0,127,7,0,11388.61,6,4.13
977,2026-03-01,186,10,17436.38,62,1,0,9555.2,10,2.96
76,2026-05-01,143.8,7.8,0,0,5,4,12035.88,8,4.68
1134,2026-01-01,152,0,12916.97,39,1,3,6883.33,8,
1440,2026-07-01,169.9,9.9,0,0,5,3,7682.22,8,
852,2026-05-01,170,10,22859.21,56,2,1,11499.38,4,2.84
689,2026-04-01,156.9,4.9,0,0,3,3,7386.65,8,3.62
1411,2026-07-01,186.7,2.7,28601.08,99,3,0,7917.61,8,5
294,2025-10-01,168.8,8.8,0,0,4,3,8457.31,6,2.61
383,2026-05-01,174.1,14.1,0,0,6,1,8429.92,8,3.87
304,2026-02-01,139.6,3.6,0,0,2,3,8376.23,,3.7
519,2026-07-01,187.2,11.2,0,113,4,1,12256.1,2,3.57
266,2025-11-01,173.9,13.9,0,0,3,0,12107.14,6,3.18
774,2026-03-01,180,12,26867.51,84,3,1,7676.15,4,4.37
432,2026-05-01,96,0,0,0,2,1,4046.33,6,3.64
1223,2025-12-01,201.6,17.6,0,0,3,0,9723.56,4,3.34
633,2026-08-01,165.2,5.2,27076.69,57,2,1,8531.21,4,3.65
981,2026-05-01,177.5,9.5,29496.14,88,3,0,8460.91,2,4.63
1191,2025-11-01,176.8,16.8,0,144,5,0,18957.64,0,3.36
141,2026-02-01,158.4,14.4,0,91,4,2,11011.86,4,3.41
409,2026-03-01,164.7,4.7,23057.65,58,2,2,7892.81,8,3.33
473,2026-04-01,183.9,7.9,0,0,4,0,9666.93,8,2.66
197,2026-08-01,100.8,0,11152.17,35,1,0,5551,0,2.96
1169,2026-06-01,177.4,9.4,20544.55,68,2,1,8882.9,6,3.15
969,2026-06-01,164.8,4.8,21188.09,70,2,2,10165.42,8,3.51
937,2026-08-01,159.5,7.5,0,0,5,2,7697.66,2,
79,2026-08-01,176.2,8.2,0,131,6,0,20066.78,6,4.98
1033,2026-01-01,172.9,4.9,0,0,3,1,9675.77,8,
1266,2026-06-01,185.3,9.3,0,138,7,0,9600.79,8,4.06
181,2026-01-01,176.8,0.8,18389.67,46,1,0,11465.5,6,2.91
41,2025-10-01,189.2,13.2,0,0,5,1,7249.93,8,4.12
267,2026-07-01,195.3,11.3,22042.47,69,1,0,9185.38,8,3.23
1342,2026-08-01,163.9,11.9,19465.42,57,2,2,10125.91,8,3.04
799,2026-08-01,176.9,8.9,0,0,5,0,6449.37,4,3.69
235,2026-02-01,160,0,0,0,6,0,10858,6,4.08
524,2026-06-01,177.3,17.3,0,107,4,2,12530.32,2,2.85
84,2026-07-01,187.2,11.2,0,134,7,1,21088.53,6,4.06
895,2025-10-01,105.6,0,0,0,3,1,3517.67,6,3.19
136,2026-08-01,165.9,5.9,0,0,3,1,10621.64,4,2.95
180,2025-11-01,177.3,17.3,0,118,4,0,10215.95,0,2.53
1456,2026-07-01,192.4,8.4,0,0,3,0,10807.55,2,3.34
667,2026-07-01,185.9,1.9,0,0,5,0,8711.42,2,3.68
624,2025-10-01,191.7,7.7,0,0,3,0,7167.96,6,2.61
1387,2026-08-01,163.7,3.7,0,0,6,1,7984.56,0,3.7
1333,2025-12-01,197.7,21.7,46061.72,149,3,1,7994.21,6,4.01
133,2025-11-01,175.9,15.9,0,130,5,0,15312.8,6,3.53
995,2025-12-01,209.2,25.2,0,186,6,0,11046.33,2,3.87
695,2026-06-01,155.6,3.6,21680.15,75,2,3,6646.47,6,3.47
332,2026-04-01,183.7,7.7,0,0,3,0,8924.71,8,3.96
269,2026-04-01,188.1,12.1,0,101,6,0,15836.04,6,3.54
659,2026-01-01,105.6,0,0,33,2,0,7767.33,6,2.46
182,2026-05-01,162.9,10.9,0,0,4,2,7598.82,8,3.17
412,2025-12-01,191.1,15.1,39911.27,90,1,1,11851.53,4,3.05
484,2026-07-01,194.7,10.7,0,122,6,0,10608.2,2,4.29
429,2026-05-01,180.3,12.3,0,0,5,0,11001.36,0,3.66
1418,2025-12-01,100.8,0,0,77,2,2,8346.83,4,3.03
1039,2025-10-01,188.3,4.3,0,0,7,0,9321.77,6,4.46
1024,2026-03-01,180.7,4.7,0,0,3,0,11066.86,10,3.36
1297,2025-12-01,180.8,20.8,0,0,5,3,11648.76,6,4.14
920,2025-11-01,172.1,12.1,0,0,4,0,11040.3,6,3.78
596,2025-09-01,189.3,13.3,0,107,4,0,13796.9,6,3.31
1213,2026-08-01,170.6,2.6,0,0,5,0,9657.34,8,
1057,2026-04-01,181.6,5.6,0,0,4,0,8111.77,4,4.11
89,2026-07-01,167.4,7.4,0,92,3,3,19763.98,0,3.01
690,2026-04-01,175.6,7.6,0,0,5,1,7974.8,0,3.84
81,2026-04-01,159.6,7.6,0,0,3,3,13685.01,6,2.84
923,2026-01-01,180.7,4.7,17497.99,47,2,0,7575.41,2,3.24
703,2025-12-01,110.4,0,12591.29,46,1,0,3812.5,0,2.36
72,2026-06-01,182.6,14.6,0,0,4,1,16512.61,8,3.16
1345,2026-04-01,184,8,0,0,3,0,8479,4,3.13
243,2026-06-01,185.2,9.2,0,0,3,0,10185.81,8,3.66
1193,2026-04-01,100.8,0,13603.21,48,1,1,4097.17,4,
792,2026-01-01,163.3,3.3,15095.67,48,2,2,11628.19,0,2.97
661,2025-11-01,175.4,15.4,0,0,4,0,9251.82,8,3.47
140,2025-12-01,202.9,18.9,0,0,4,0,9451.77,6,3.11
181,2026-04-01,182.8,6.8,26982.77,71,2,0,12056.73,4,3.09
205,2026-08-01,171.5,3.5,0,0,5,0,8096.87,0,
1311,2025-11-01,166.9,14.9,0,136,4,1,14346.98,8,3.33
1008,2026-04-01,175.9,7.9,0,0,3,1,13229.57,2,2.1
1315,2026-01-01,178.6,2.6,0,0,4,0,12006.71,,3.54
356,2026-07-01,193.5,9.5,28272.44,67,3,0,9462.14,2,3.36
1490,2026-03-01,179,11,0,100,2,1,13205.46,8,2.83
339,2025-12-01,197.9,13.9,34701.66,125,2,0,11571.83,4,3.32
1443,2026-08-01,164.5,4.5,0,104,5,1,10752.71,4,4.24
472,2026-08-01,162.3,2.3,18613.93,65,2,1,8170.79,6,3.44
174,2026-07-01,190.8,6.8,21349.62,61,3,0,8633.48,6,3.59
80,2026-08-01,168.5,8.5,21892.07,75,2,1,14221.6,8,3.77
372,2025-10-01,180.7,12.7,0,0,3,2,10934.22,2,3.76
1049,2025-10-01,194.9,10.9,0,0,4,0,8789.27,4,3.27
784,2025-11-01,166.4,14.4,36664.55,113,2,1,10224.63,2,3.98
1336,2025-10-01,110.4,0,0,0,4,0,4636,8,4.03
609,2026-03-01,180.1,4.1,30711.41,90,3,0,7127.04,6,3.98
90,2025-11-01,173.9,13.9,27953.65,82,2,0,11662.95,2,3.01
762,2026-03-01,183.6,7.6,0,0,3,0,10152.7,12,2.58
269,2026-03-01,170.8,10.8,0,84,2,2,15674.77,10,3.07
1005,2026-02-01,155.5,3.5,0,0,3,1,8369.2,8,3.23
165,2025-12-01,202.5,18.5,47036.38,116,2,0,9164.18,6,4.01
1325,2026-06-01,187.9,11.9,27791.32,89,3,0,8959.7,4,3.34
1486,2026-01-01,176,0,0,0,4,0,7940.17,0,3.07
731,2025-10-01,194.1,10.1,30676.44,76,3,0,9518.59,2,3.4
1475,2025-09-01,172.5,4.5,22834.71,71,2,1,7974.75,4,3.59
296,2026-03-01,183.7,15.7,0,94,3,1,12206.2,6,2.91
493,2026-08-01,170.6,2.6,24124.66,62,3,0,6871.37,0,3.74
456,2026-05-01,173.1,5.1,0,0,4,0,12802.13,0,3.57
38,2025-10-01,176.9,8.9,27425.58,85,2,2,7226.8,0,3.48
849,2026-01-01,181.6,5.6,0,86,5,0,10201.01,8,3.51
1262,2026-03-01,176.1,8.1,0,0,5,1,5930.12,10,3.4
1377,2026-07-01,189.1,5.1,0,0,6,0,10413.68,2,4.45
725,2026-08-01,166.7,6.7,0,0,3,1,10110.77,2,
149,2026-01-01,180.6,4.6,14380.53,54,2,0,7177.97,0,3.02
262,2026-05-01,168.3,8.3,0,0,5,1,14787.1,4,3.79
161,2026-08-01,176.9,8.9,19835.87,58,1,0,8179.42,6,3.27
182,2026-02-01,154.6,2.6,0,0,4,1,7100.07,10,3.33
431,2026-04-01,181.4,5.4,0,0,4,0,8545.34,0,3.6
930,2026-05-01,175.3,7.3,0,0,4,0,7868.9,8,4.92
941,2026-03-01,180,4,0,0,6,0,6426.86,6,3.71
1403,2025-12-01,202.5,18.5,35614.99,112,2,0,9046.24,4,
327,2025-10-01,193.6,9.6,0,0,3,0,9084.31,0,3.41
1153,2026-08-01,176.3,8.3,0,92,5,0,12847.45,6,3.26
518,2025-09-01,146.9,2.9,20703.07,57,2,4,5723.45,2,
1484,2025-10-01,196.5,12.5,27177.82,99,2,0,9621.53,2,3.8
1493,2026-05-01,172.9,12.9,0,0,7,1,9323.84,2,4.23
261,2026-01-01,105.6,0,12400.29,38,2,0,5083.33,6,4.25
902,2026-02-01,161.2,9.2,0,71,4,1,14718.94,8,3.17
1122,2026-07-01,178.8,2.8,0,0,4,1,9444.6,4,4.15
883,2026-03-01,187.6,11.6,28246.08,99,3,0,8312.12,4,4.14
548,2026-05-01,184.9,16.9,0,106,4,0,21442.52,6,2.79
1475,2025-10-01,182.9,6.9,24342.74,86,2,1,8134.17,8,3.6
839,2026-05-01,181.8,13.8,0,152,6,0,12541.64,8,3.99
1225,2025-10-01,187.7,11.7,0,0,3,1,8755.3,12,3.56
14,2026-07-01,168.6,8.6,0,71,3,3,11251,4,2.44
262,2025-12-01,194.1,18.1,0,0,3,1,15957.12,2,3.11
164,2026-01-01,181.7,5.7,0,0,5,0,9057.27,0,3.68
1241,2025-10-01,193.1,17.1,30383.1,95,3,1,8858.39,6,3.41
1471,2026-03-01,178.9,2.9,29900.46,86,3,0,7566.23,6,3.98
855,2026-05-01,187.6,19.6,0,121,5,0,16659.42,6,3.11
662,2025-10-01,195.6,11.6,0,0,4,0,8882.67,2,3.68
655,2026-08-01,148.7,4.7,0,0,5,3,13066.52,6,3.91
1432,2026-05-01,161.6,9.6,0,79,2,2,13984.33,2,2.61
717,2025-10-01,191,7,31631.52,103,2,0,7371.01,6,3.87
949,2025-11-01,172.5,12.5,0,0,5,0,6286.67,4,3.84
583,2026-07-01,189.7,5.7,25875.04,97,2,0,7926.44,4,4.4
1150,2026-02-01,165,5,15467.47,37,1,0,7307.93,12,2.88
42,2026-05-01,179.9,11.9,0,94,4,0,11101.5,4,3.02
391,2026-07-01,192.3,8.3,0,0,6,0,8586.76,6,4.23
834,2026-01-01,179.4,3.4,0,0,3,0,10361.14,2,2.35
1005,2026-06-01,187.1,11.1,0,0,5,0,8903.46,4,3.23
1158,2026-02-01,160.9,8.9,0,80,3,1,13982.76,6,3.18
276,2026-01-01,150.5,6.5,0,58,4,4,15564.01,8,3.3
264,2025-09-01,186.4,10.4,0,0,4,0,8311.25,2,2.8
737,2025-11-01,155.8,11.8,0,0,4,2,9031.1,6,4.13
230,2026-01-01,174.6,14.6,0,0,5,2,8973.22,2,3.45
1341,2025-12-01,199.5,15.5,43661.46,135,2,0,12914.01,6,3.86
1264,2026-05-01,175.4,7.4,0,0,5,0,8264.74,2,3.43
1430,2026-07-01,168.9,8.9,0,88,4,3,9854.73,8,3.04
424,2026-07-01,182,6,0,0,4,1,7090.49,2,3.83
1166,2025-09-01,189.6,13.6,0,147,5,0,12885.87,0,4.02
132,2025-09-01,168.2,8.2,20323.43,66,3,2,7654.34,8,3.64
147,2026-08-01,176.5,8.5,0,0,4,0,10379.69,4,3.96
26,2026-02-01,164.8,4.8,0,102,4,0,10377.19,6,4.22
549,2026-01-01,174.9,6.9,0,57,3,1,8168.61,4,2.33
459,2025-09-01,105.6,0,0,61,2,0,7980.83,4,3.24
687,2026-08-01,150.6,6.6,17495.52,42,2,3,11091.25,2,
1333,2026-03-01,176.3,8.3,24713.46,81,2,1,7213.75,12,3.99
607,2026-02-01,160,0,0,0,3,0,8296,8,4.2
1307,2026-03-01,179.8,3.8,0,0,3,0,13966.32,10,3.29
257,2026-08-01,155.7,3.7,0,0,4,2,7669.79,,2.93
240,2026-06-01,185.7,9.7,17683.55,51,1,0,7394.47,2,2.23
186,2026-01-01,182,6,0,74,3,0,10608.99,8,2.83
1273,2026-06-01,182.5,14.5,0,103,4,1,12826.92,8,3.05
1292,2025-09-01,180.7,4.7,0,0,7,0,10008.85,6,4.02
1183,2025-11-01,86.4,0,13780.68,40,1,2,5113.83,4,3.01
691,2026-08-01,170.2,2.2,0,0,6,0,11106.16,4,3.78
1249,2025-09-01,178.8,10.8,0,82,3,1,15656.09,8,2.93
119,2026-04-01,182,6,0,0,7,0,9782.88,4,4.3
580,2026-05-01,96,0,0,0,4,1,4209,0,4.46
1115,2026-05-01,172,4,0,0,5,0,6205.97,4,3.5
1398,2026-07-01,185.7,1.7,20630.57,67,2,0,8149.82,6,3.41
85,2026-02-01,164.4,4.4,20881.5,62,2,0,14332.04,6,3.7
281,2026-01-01,160,0,0,0,2,2,8763.67,2,2.91
29,2026-06-01,178.4,10.4,0,0,6,1,5540.83,6,5
1025,2025-10-01,186.5,10.5,0,0,5,1,14384.33,6,4.06
331,2026-03-01,182.5,6.5,16681.97,56,1,0,7592.15,8,2.48
105,2026-06-01,181.4,5.4,31032.79,119,2,0,9864.91,0,4.6
845,2025-09-01,164.5,4.5,21491.81,70,3,2,8777.5,8,4.22
1452,2026-02-01,160.9,8.9,0,86,5,1,8836.4,10,3.41
1163,2026-03-01,178.5,10.5,0,0,4,1,7175.53,10,3.8
778,2026-07-01,110.4,0,11042.5,36,1,0,4991.83,8,3.28
788,2026-04-01,105.6,0,0,52,3,0,6689.67,0,2.71
481,2026-06-01,100.8,0,0,0,2,1,4595.33,2,2.91
1417,2026-07-01,194.2,10.2,0,106,5,0,13166.24,4,3.04
1164,2025-12-01,200.3,16.3,0,0,4,0,7563.69,8,4.14
401,2026-04-01,186.8,10.8,0,0,3,0,10605.48,6,2.83
1029,2026-07-01,188.3,4.3,27182.1,78,3,0,9996.64,4,
1334,2026-03-01,193,17,0,159,5,0,14228.05,8,4.12
1263,2026-02-01,96,0,10971.88,28,1,0,5286.67,8,3.57
477,2026-05-01,96,0,8512.13,30,1,1,4188.67,6,2.71
739,2026-01-01,176,0,0,0,5,0,7950.33,0,3.13
567,2026-05-01,174.6,6.6,0,0,3,0,7727.34,4,3.74
499,2026-08-01,96,0,10278.92,29,1,1,4859.67,2,3.15
1132,2025-09-01,185.7,9.7,24056.96,73,3,0,10270.71,4,3.54
1412,2026-06-01,175.4,7.4,0,0,4,1,9519.6,4,3.25
105,2026-08-01,172.8,4.8,26606.51,93,3,0,9815.98,0,4.41
800,2025-11-01,173.4,13.4,0,0,5,0,12378.06,2,4.32
1252,2026-02-01,174.7,14.7,0,80,4,0,11826.7,4,
1247,2025-10-01,195.6,11.6,27826.97,86,3,0,9095.23,6,4.01
1,2026-07-01,167.3,7.3,0,0,3,3,4864.02,8,3.52
519,2026-06-01,173.7,13.7,0,111,4,2,12497.83,6,3.17
861,2026-03-01,157.8,5.8,0,0,6,3,8114.49,8,4.69
1152,2026-03-01,187.2,11.2,0,156,7,0,12378.78,8,4.23
297,2026-01-01,164,4,0,48,2,2,14494.62,6,2.02
1001,2026-01-01,181.3,5.3,19400.53,62,2,0,7111.88,6,4.1
643,2025-12-01,209.6,25.6,0,218,7,0,14021.02,4,3.65
285,2026-07-01,183.4,7.4,0,97,3,1,12524.33,2,
548,2026-01-01,186.7,10.7,0,60,3,0,20438.83,6,2.5
1244,2026-01-01,100.8,0,0,43,2,1,9861.67,4,2.9
858,2025-12-01,100.8,0,0,89,3,2,10675,4,3.49
1393,2026-04-01,172.8,4.8,30910.58,76,2,1,9561.84,2,3.98
117,2026-01-01,181.4,5.4,17683.88,37,2,0,9609.51,8,2.76
170,2026-03-01,185,9,0,0,6,0,8449,10,
1393,2025-09-01,171.1,3.1,23491.23,66,2,1,9426.78,8,3.82
875,2026-01-01,100.8,0,0,0,1,1,6974.33,8,3.37
589,2025-11-01,172.5,12.5,0,0,5,0,9058.21,6,3.62
1034,2026-05-01,172.5,12.5,29899.79,111,3,1,6714.79,0,4.55
1210,2026-07-01,100.8,0,10227.99,33,1,2,5276.5,6,3.65
964,2025-09-01,175.8,7.8,15129.57,49,2,1,11135.09,8,2.27
790,2025-09-01,174.1,6.1,27507.82,87,2,1,7449.53,6,3.94
1426,2025-12-01,205,21,0,0,5,0,10224.14,4,3.72
1124,2026-07-01,193.1,9.1,28917.85,79,3,0,9925.4,8,3.68
1497,2026-08-01,171.8,3.8,19923.03,65,3,0,8211.78,6,3.77
1032,2025-10-01,189.7,13.7,27183.09,92,2,1,8210.59,2,3.74
139,2026-07-01,179.9,3.9,0,0,4,1,10078.89,8,3.3
678,2025-09-01,105.6,0,14957.6,51,1,0,6771,0,3.91
163,2025-09-01,156.5,12.5,0,75,4,4,14894.22,8,3.07
1358,2025-12-01,207.1,23.1,0,172,5,0,16578.47,0,3.1
1122,2026-03-01,168,0,0,0,6,1,9221.17,4,3.87
143,2025-09-01,183.5,7.5,0,0,5,0,6766.58,8,4.83
114,2026-06-01,188.2,12.2,0,0,6,0,9407.91,8,3.65
939,2025-10-01,199.2,15.2,0,0,3,0,16025.04,6,3.08
1080,2026-05-01,178.4,10.4,0,0,8,0,12743.92,2,4.53
397,2025-12-01,211.9,27.9,25429.26,81,2,0,8721.34,6,2.24
761,2026-07-01,184.9,0.9,0,0,5,0,5922.1,0,3.95
734,2025-09-01,172.4,4.4,0,0,6,1,7778.14,2,3.63
497,2026-01-01,96,0,0,0,2,2,5276.5,2,3.13
238,2026-05-01,160.1,8.1,29022.61,68,2,2,8485.86,6,3.81
623,2026-02-01,161.8,9.8,0,95,3,1,11150.2,4,3.48
87,2026-04-01,174.2,6.2,0,0,3,1,13508.02,8,2.7
1027,2025-11-01,173.3,13.3,27226.88,88,2,0,7799.73,2,3.63
16,2026-07-01,178.7,2.7,0,0,7,1,9675.92,0,4.28
787,2026-05-01,179.6,11.6,26101.91,72,2,0,12742.27,4,3.34
444,2026-01-01,186.2,10.2,0,102,5,0,18875.3,6,4.36
1316,2026-05-01,168.3,8.3,0,0,4,1,6395.23,4,3.63
242,2026-04-01,165.1,5.1,0,0,4,2,6772.61,8,3.25
1266,2026-07-01,180.5,12.5,0,132,7,2,9846.86,2,4.56
254,2025-12-01,110.4,0,0,0,4,0,4646.17,0,3.95
1263,2025-09-01,105.6,0,13520.08,39,1,0,5286.67,8,3.46
21,2025-11-01,168.5,16.5,39310.84,113,2,1,6390.09,6,
1340,2026-06-01,156.3,4.3,17212.17,44,1,3,5315.71,4,2.4
492,2025-12-01,202.1,18.1,22816.93,85,2,0,9242.67,4,2.37
197,2026-01-01,105.6,0,9079.46,25,1,0,5551,8,2.93
1162,2025-10-01,197.9,13.9,0,125,5,0,17699.44,4,3.51
674,2026-08-01,157.9,5.9,0,0,4,2,10322.44,2,4.5
81,2026-02-01,153.2,1.2,0,0,4,1,12973.84,10,3.01
641,2025-09-01,180.9,4.9,32348.74,86,2,0,8414.63,4,4.03
156,2026-05-01,170.2,10.2,0,0,4,1,15965.45,4,3.2
1203,2025-09-01,105.6,0,0,0,2,0,4890.17,0,3.14
97,2026-01-01,155.4,3.4,15133.94,45,2,3,8770.34,2,3.53
792,2025-10-01,189.3,5.3,26711.9,76,2,0,11823.86,6,3.15
736,2026-08-01,173.2,13.2,0,109,6,1,12755.34,0,4.03
745,2026-06-01,183.9,7.9,0,0,5,0,11350.49,0,3.7
1274,2026-06-01,176.3,8.3,0,0,4,1,8009.23,0,2.67
1184,2026-03-01,181,13,0,0,4,1,9602.54,8,3.75
871,2026-02-01,144.8,0.8,0,0,3,2,8783.39,12,3.82
103,2026-02-01,160.4,0.4,0,76,4,0,10681.35,8,3.44
911,2026-02-01,157.4,5.4,0,0,4,1,8066.46,10,3.84
1310,2026-05-01,146.2,2.2,0,0,3,3,7894.49,2,3.25
215,2026-08-01,175,7,25963.27,99,3,0,10415.93,6,4.57
1109,2025-11-01,161.8,9.8,0,0,6,1,8348.86,4,3.69
717,2026-02-01,165.9,5.9,16834.36,62,2,0,7304.85,6,3.5
1033,2026-07-01,187.8,3.8,0,0,4,0,9587.41,6,2.76
670,2026-03-01,184.5,8.5,23651.67,66,2,0,9456.25,,3.19
530,2026-04-01,178.1,10.1,,64,2,1,11342.71,8,3.63
909,2025-09-01,178.4,10.4,0,117,6,1,13342.33,0,4.13
1411,2026-03-01,167.9,7.9,23251.5,89,2,2,8265.76,10,4.35
290,2026-01-01,105.6,0,0,0,2,0,6069.5,4,3.95
505,2026-08-01,154.2,2.2,0,0,4,2,8184.58,2,3.56
178,2025-11-01,171.4,19.4,0,172,5,1,11042.35,4,4.06
699,2025-09-01,181.2,5.2,27947.86,89,4,0,11410.35,4,4.55
544,2026-04-01,179.5,11.5,0,0,5,1,9892.92,6,3.33
589,2025-12-01,190.5,14.5,0,0,3,1,9199.68,6,3.39
493,2026-01-01,174.1,6.1,16719.23,58,2,1,7074.91,4,3.42
1311,2026-08-01,169.2,9.2,0,124,4,1,13720.11,6,3.85
644,2026-03-01,169.7,17.7,0,88,3,3,9225.38,10,2.92
1163,2026-04-01,187.1,11.1,0,0,3,0,7209.68,6,3.54
335,2025-09-01,165.1,13.1,0,105,2,3,9643.97,2,3.18
577,2026-05-01,174.2,6.2,0,0,4,0,8762.54,2,2.68
1290,2026-07-01,188.9,4.9,0,0,5,0,8001.32,4,3.25
741,2026-05-01,159,7,27784.52,74,3,2,6189.17,8,4.38
808,2026-03-01,96,0,0,0,1,2,4188.67,10,3.23
580,2025-10-01,110.4,0,0,0,5,0,4209,6,4.8
1352,2026-05-01,171.5,3.5,0,0,3,0,9762.33,4,3.18
798,2025-12-01,110.4,0,0,82,3,0,5225.67,0,3.16
145,2026-02-01,134.3,6.3,0,58,2,4,11106.9,4,3.04
694,2026-03-01,100.8,0,0,64,2,1,5581.5,12,3.39
441,2026-03-01,155.4,3.4,0,0,5,3,7158.61,6,3.41
283,2026-06-01,180,12,0,0,5,1,10492.98,2,2.94
1206,2026-06-01,171.7,11.7,0,0,5,2,12561.96,8,3.9
880,2026-03-01,180.2,12.2,0,0,4,1,8385.06,6,3.65
293,2025-09-01,105.6,0,0,72,3,0,6882.83,6,3.6
1050,2025-09-01,186.1,10.1,0,134,5,0,13609.04,0,3.65
617,2026-01-01,173.4,5.4,0,0,4,1,9864.91,0,3.4
167,2026-08-01,167,7,0,0,5,1,8248.64,2,3.93
1478,2026-05-01,157.3,5.3,19467.42,55,2,2,8081.05,2,3.3
570,2025-10-01,191,7,36136.07,110,3,0,9434.72,2,3.98
727,2026-07-01,170.5,10.5,0,117,7,3,11656.08,6,4.43
459,2026-03-01,105.6,0,0,68,3,0,7980.83,12,3.75
530,2026-01-01,173.3,5.3,17073.14,60,2,1,10909.42,4,3.52
919,2026-01-01,170,2,0,0,4,1,9866.87,2,3.31
1043,2026-05-01,169.4,9.4,0,0,6,1,6937.02,4,4.6
762,2026-02-01,162.3,2.3,0,0,4,0,9715.77,4,2.54
508,2025-11-01,178.1,18.1,24439.25,76,2,0,11900.23,6,2.77
264,2025-12-01,189.7,13.7,0,0,4,1,8529,2,2.79
556,2026-06-01,100.8,0,0,49,1,1,7238.67,6,3.01
901,2025-09-01,187.2,11.2,0,103,3,0,9824.96,2,3
1198,2025-12-01,200.7,16.7,46088.51,169,3,0,10193.09,4,4.36
822,2026-03-01,189.6,13.6,0,125,5,0,17328.89,4,3.57
1137,2026-07-01,172.5,4.5,24737.34,71,2,2,7383.24,6,3.97
250,2026-03-01,177.8,9.8,26285.09,87,3,1,9837.76,10,3.96
436,2026-01-01,168.1,0.1,0,0,6,1,7743.53,4,4.26
306,2026-02-01,170.5,10.5,0,75,4,0,11101.56,4,2.78
1321,2025-12-01,200.6,16.6,0,0,8,0,11731.79,2,4.16
114,2026-07-01,192.1,8.1,0,0,4,0,9105.98,0,3.61
448,2026-07-01,188.5,4.5,0,0,5,0,8566.25,8,3.18
102,2025-10-01,190.9,6.9,0,0,5,0,13704.19,,3.97
966,2025-10-01,193,9,27290.98,92,3,0,8733.92,8,3.69
953,2026-04-01,185.6,9.6,0,86,4,0,10284.54,8,2.75
11,2026-06-01,184.2,8.2,0,0,5,0,9690.42,0,3.05
427,2025-12-01,202.3,18.3,0,0,5,0,8314.36,4,3.09
170,2025-12-01,183.7,15.7,0,0,6,2,8903.48,4,3.75
911,2026-07-01,187.6,3.6,0,0,5,0,7946.42,0,
1104,2026-02-01,171.2,11.2,0,82,4,0,10538.69,12,3.47
147,2025-12-01,198.6,14.6,0,0,6,0,10890.08,6,3.6
421,2026-03-01,187.8,11.8,0,130,6,0,8155.65,12,4.08
346,2026-07-01,188.2,4.2,0,0,4,0,10746.91,0,3.75
1310,2026-06-01,175.7,7.7,0,0,3,1,8263.22,6,3.11
241,2026-08-01,175,7,0,0,5,0,11052.1,4,4.12
338,2026-03-01,188.4,12.4,23773.05,71,2,0,9929.23,4,3.31
621,2025-10-01,187,11,0,91,4,1,12236.77,6,2.93
666,2026-05-01,164.8,12.8,0,118,3,2,11654.19,8,3.45
213,2026-03-01,185.5,9.5,0,73,4,0,10540.38,10,2.34
444,2025-12-01,203.6,19.6,0,207,8,0,20286.2,6,4.44
292,2026-02-01,129.4,1.4,0,0,5,4,6523.76,6,4.64
1430,2025-10-01,173.6,13.6,0,82,3,3,10226.88,8,2.49
446,2025-11-01,158.3,6.3,0,0,2,1,8876.94,0,3.04
367,2025-09-01,185.7,9.7,28623.19,80,3,0,8584.64,0,3.27
179,2025-09-01,175.2,7.2,0,0,4,1,8748.1,8,3.83
1123,2026-05-01,141.8,5.8,22662.16,75,1,4,8082.46,4,4.44
391,2026-05-01,172.9,12.9,0,0,6,1,8905.68,4,4.26
1285,2025-12-01,202.4,18.4,0,0,6,0,10807.32,8,4.18
1045,2026-07-01,181.7,5.7,0,0,5,1,7990.45,0,3.98
204,2026-01-01,152.8,0.8,0,68,3,3,9070.03,8,3.7
524,2026-02-01,135.1,7.1,0,57,3,4,11568.31,8,3.14
514,2026-06-01,162.9,10.9,0,109,5,3,14641.36,8,3.89
160,2026-06-01,195.3,19.3,0,143,4,0,9978.01,8,4.32
827,2026-08-01,174.1,6.1,23579.63,83,2,0,8937.3,2,3.74
1052,2025-11-01,162,18,0,0,5,2,9447.26,0,3.28
1013,2026-08-01,169.5,1.5,22714.65,58,2,0,8053.53,8,3.53
29,2026-07-01,165.4,5.4,0,0,6,3,5320.88,8,4.95
935,2026-04-01,96,0,0,74,3,2,6476.17,4,4.15
1100,2025-12-01,207.4,23.4,0,184,5,0,18264.77,8,3.65
897,2026-01-01,177.6,1.6,19392.57,57,2,0,9400.38,6,3.97
1222,2026-03-01,186.3,10.3,0,117,3,0,13464.61,4,3.25
296,2026-01-01,182.6,6.6,0,85,6,0,11359.94,0,3.34
115,2025-11-01,169.4,9.4,32351.47,94,2,0,10850.77,0,3.89
761,2026-01-01,178.8,2.8,0,0,5,0,6018.72,4,3.99
958,2025-11-01,166.2,14.2,0,0,3,1,7694.38,8,3.6
1240,2025-12-01,201.4,17.4,58239.99,150,3,0,9205.96,4,4.67
1218,2026-08-01,174.6,6.6,24588.81,61,3,0,6964.28,4,3.59
192,2026-05-01,169.5,9.5,24781.93,78,2,1,9044.04,2,3.33
693,2025-11-01,177,17,35166.42,93,2,0,8198.62,6,4.13
638,2026-06-01,189.6,13.6,0,165,4,0,7721.39,8,4.24
557,2025-11-01,158.4,6.4,32180.13,86,2,1,11008.72,4,3.33
972,2025-11-01,143.2,15.2,0,0,4,4,11826.09,4,3.9
1384,2025-11-01,169.4,9.4,30150.68,78,2,0,10323.07,4,3.58
676,2026-01-01,168,0,0,0,4,1,7858.83,8,3.55
12,2026-04-01,186.4,10.4,0,0,8,0,11524.93,0,4.42
87,2026-05-01,180.4,12.4,0,0,3,0,14195.87,2,2.84
1327,2025-11-01,164,20,0,97,3,2,11473.08,2,2.98
994,2026-03-01,185.5,9.5,0,0,7,0,10309.33,4,3.99
198,2026-03-01,173.3,5.3,0,0,6,1,7251.68,12,4.35
1109,2025-09-01,180.3,4.3,0,0,3,0,7982.55,6,3.6
1167,2026-03-01,168.5,0.5,0,0,6,1,11007.09,6,4.14
777,2025-09-01,182.7,6.7,0,0,3,0,9411.62,8,3.82
905,2026-04-01,182.8,6.8,0,0,5,0,8009.11,8,4.2
821,2026-02-01,166.6,6.6,0,0,6,0,10016.52,12,4.65
1282,2025-12-01,110.4,0,21870.86,71,1,0,5378.17,6,3.88
354,2026-04-01,178.6,10.6,0,97,4,1,10855.08,8,3.3
721,2025-11-01,169.6,9.6,0,0,5,0,13587.92,2,3.1
827,2026-03-01,150.7,6.7,24762.08,71,2,4,8981.38,8,3.95
1186,2026-05-01,158.9,6.9,0,0,3,2,9868.74,2,2.75
726,2025-09-01,176.4,0.4,0,0,5,0,6406.77,6,3.45
1313,2026-03-01,176.7,0.7,0,0,4,0,7896.21,12,3.01
487,2026-08-01,154,2,0,0,4,2,10352.97,6,
1307,2026-01-01,176.6,0.6,0,0,5,0,13591.88,6,3.25
234,2025-10-01,100.8,0,0,70,2,2,5337.5,4,3.29
97,2026-04-01,172.7,4.7,22805.21,78,3,1,8866.19,0,3.99
145,2026-04-01,187.8,11.8,0,117,4,0,11608.21,6,3.37
1366,2026-05-01,167.8,7.8,0,0,5,1,8540,8,3.71
364,2026-02-01,158.1,6.1,0,63,2,1,17082.55,4,2.58
676,2025-11-01,150.5,6.5,0,0,3,2,8300.89,0,3.53
1427,2025-12-01,201.2,17.2,0,0,4,0,15172.24,8,2.5
1392,2026-05-01,176.8,8.8,22893.71,84,2,0,7089.7,4,3.49
1121,2026-06-01,176.6,8.6,0,0,4,1,8585.71,8,3.23
516,2026-05-01,176.7,8.7,0,0,4,0,5968.93,0,2.57
843,2026-05-01,177.4,9.4,24025.56,75,3,0,9311.65,4,3.43
25,2026-06-01,168.9,0.9,0,0,5,1,8913.89,8,3.52
753,2026-07-01,182.8,6.8,24589.77,65,2,1,8794.95,4,3.43
1110,2025-10-01,195.9,11.9,36534.82,101,3,0,11045.43,8,4.29
561,2025-12-01,199.3,15.3,0,0,7,0,9152.65,,3.82
1123,2026-03-01,168.3,8.3,27342.13,89,2,2,8248.96,10,4.54
563,2025-11-01,166.5,14.5,0,123,5,1,12254.8,8,3.89
229,2025-11-01,175.8,15.8,0,0,6,0,10216.18,6,4.02
927,2025-12-01,195.3,19.3,0,0,5,1,9729.05,6,4.24
366,2026-01-01,176,0,13347.81,42,2,0,8174,4,3.11
1291,2026-05-01,175.6,7.6,23519.67,68,2,0,8852.46,6,3.37
632,2026-07-01,190.5,6.5,25900.7,64,2,0,8612.31,2,3.63
647,2026-03-01,187.7,11.7,0,0,3,0,9516.64,12,3.56
1256,2026-02-01,149,5,0,0,5,2,9100.44,6,3.86
1426,2026-05-01,173.9,5.9,0,0,4,0,9093.58,2,3.53
415,2025-11-01,86.4,0,10610.37,41,1,2,4483.5,8,3.77
1466,2026-04-01,186.1,10.1,0,0,4,0,8048.24,4,3.17
708,2026-01-01,152,0,0,0,4,3,6130.5,2,4.19
568,2026-01-01,165.5,5.5,17067.79,44,2,2,7721.66,0,3.26
66,2026-06-01,185.9,9.9,0,0,2,0,13046.53,4,2.39
329,2026-05-01,172.8,12.8,17352.06,54,2,1,9666.65,6,2.85
363,2026-05-01,178.9,10.9,0,0,4,0,11270.29,2,4.34
238,2025-12-01,205.9,21.9,50981.22,139,2,0,9432.89,0,3.75
1461,2026-03-01,162.5,10.5,0,84,3,3,14660.71,10,2.88
1072,2025-12-01,180.9,12.9,0,0,4,2,10004.71,8,3.16
555,2026-07-01,110.4,0,12691.06,50,1,0,3863.33,0,
591,2026-07-01,189.3,5.3,0,0,5,0,8112.95,6,
1184,2026-07-01,169.8,9.8,0,0,3,3,9363.52,0,3.76
320,2026-05-01,165.2,5.2,20435.84,54,2,1,7606.9,2,3.09
710,2026-07-01,191.1,7.1,0,105,4,0,14719.37,0,3.85
1307,2025-10-01,195.4,11.4,0,0,6,0,14855.63,4,
582,2026-03-01,177.2,9.2,30225.1,80,2,1,9757.74,6,3.74
1138,2025-10-01,183.9,7.9,0,0,5,1,15619.15,0,3.06
1482,2026-06-01,192.1,16.1,0,123,5,0,12322.16,8,3.57
1125,2026-04-01,174.1,6.1,,70,2,1,8723.23,4,3.13
507,2026-07-01,180.1,4.1,23681.95,71,2,1,7474.45,0,3.67
1343,2025-10-01,192.6,8.6,0,0,3,0,11928.24,6,2.94
952,2026-05-01,162.1,10.1,0,128,5,2,20087.43,6,4.25
911,2025-11-01,171.5,11.5,0,0,6,0,8473.26,8,4.22
1309,2026-02-01,149.6,5.6,0,0,3,2,9273.64,6,3.58
204,2025-09-01,174.6,6.6,0,118,5,1,9522.14,4,3.53
302,2026-07-01,116.7,4.7,0,0,2,2,8818.48,2,2.88
1286,2026-01-01,152,0,0,0,5,3,8631.5,2,3.39
1034,2026-04-01,189.8,13.8,30612.15,117,3,0,6782.96,8,4.79
518,2026-08-01,174.8,6.8,24233.69,63,3,0,5911.89,2,3.8
1089,2025-12-01,208.8,24.8,0,188,5,0,11904.04,4,4.03
897,2026-04-01,182.1,14.1,27735.12,92,2,1,10403.36,0,3.78
611,2026-06-01,188.9,12.9,0,0,7,0,9866.31,6,4.22
952,2026-02-01,161.8,1.8,0,110,5,0,18760.58,4,4.4
1118,2026-06-01,179.4,3.4,0,0,4,0,9209.91,4,4.33
169,2025-11-01,178.4,18.4,0,146,4,0,15097.24,6,3.69
1007,2025-09-01,177.6,9.6,22283.47,77,2,1,10141.39,8,3.45
1269,2026-08-01,167.6,7.6,0,125,6,1,13359.95,4,4.35
306,2025-11-01,172.5,20.5,0,115,3,1,11982.24,8,2.64
1492,2025-11-01,173.8,13.8,0,0,5,0,13611.44,2,4.22
974,2026-06-01,86.4,0,0,85,2,4,7004.83,2,4.4
660,2026-07-01,192.3,8.3,0,0,4,0,9011.74,8,4.14
854,2026-03-01,178.6,2.6,0,0,6,0,8815.31,10,3.79
1467,2026-07-01,193.1,9.1,0,0,5,0,8422.88,0,4.29
318,2025-10-01,184,8,21838.06,64,2,1,8696.41,0,2.94
528,2025-11-01,57.6,0,0,0,0,0,2946.3,11.5,4.26
69,2026-05-01,180.4,12.4,0,178,8,0,25599.85,0,4.7
1176,2026-04-01,181.4,5.4,0,0,5,0,7970.68,4,3.32
354,2026-07-01,190.2,6.2,0,107,4,0,10476.48,,
672,2025-12-01,194.3,18.3,48001.13,110,2,1,10570.08,0,3.5
1256,2025-11-01,155,11,0,0,3,2,9553.36,8,3.67
430,2026-06-01,175.5,7.5,0,0,6,1,9906.27,8,4.2
226,2026-03-01,167.1,7.1,0,0,4,2,9938.82,6,3.13
1281,2025-10-01,189.7,13.7,0,0,6,1,10086.97,2,3.48
273,2025-10-01,158.4,14.4,0,95,3,5,13064.48,8,3.2
420,2025-12-01,195.4,19.4,0,0,6,1,10223.08,0,4.43
488,2026-02-01,163.4,3.4,0,0,5,0,12255.45,8,3.89
998,2026-03-01,179.3,11.3,0,154,6,1,9375.11,6,4.76
1111,2025-10-01,180.8,12.8,0,0,5,2,9610.19,2,3.1
1183,2026-02-01,81.6,0,6439.98,19,1,3,5113.83,12,2.81
735,2026-01-01,184,8,23677.56,76,3,0,6881.03,0,4.18
736,2026-01-01,168.8,8.8,0,78,5,2,12319.45,2,3.81
1011,2026-06-01,175,15,0,107,6,2,15426.21,8,
592,2026-08-01,169,9,0,104,6,1,10700.16,2,4.04
922,2026-08-01,100.8,0,0,0,2,0,5164.67,4,3.49
512,2025-12-01,110.4,0,0,0,4,0,5063,0,4.53
1314,2026-04-01,177.1,9.1,0,0,4,1,8126.76,0,3.68
555,2026-05-01,86.4,0,12521.3,32,1,3,3863.33,6,3.66
242,2026-06-01,184.2,8.2,0,0,5,0,6946.61,4,3.28
907,2026-04-01,96,0,,37,1,2,6415.17,6,
496,2026-05-01,100.8,0,0,74,3,0,7604.67,8,3.96
31,2026-05-01,77.1,5.1,0,0,2,2,5543.13,,3.26
103,2025-12-01,210.9,26.9,0,173,4,0,13122.42,0,3.13
280,2025-10-01,192.2,8.2,27661.3,97,2,0,7882.99,0,3.48
1187,2025-12-01,178.3,10.3,31934.45,105,2,2,7669.32,8,3.57
594,2026-01-01,168,0,0,0,3,1,9617.67,6,2.64
455,2026-05-01,177,9,23277.03,64,2,0,12295.43,4,3.26
803,2025-10-01,189.3,5.3,28231.41,90,2,0,8910.42,6,3.41
646,2026-05-01,96,0,0,0,2,1,4229.33,0,2.96
518,2026-02-01,160,0,15889.5,59,2,0,5583.33,8,3.64
53,2025-09-01,189.9,13.9,0,136,4,0,9908.95,4,4.11
871,2026-05-01,170.8,10.8,0,0,3,1,9538.26,4,3.9
1155,2026-07-01,190.1,6.1,0,67,2,0,8894.48,2,2.52
111,2026-07-01,182,6,0,119,3,1,14758.48,4,3.58
1396,2026-07-01,184.1,8.1,0,0,5,1,11455.91,6,3.2
224,2026-06-01,190,14,0,118,4,0,13267.73,2,3.37
408,2026-05-01,172.2,4.2,0,0,3,0,8418.41,2,3.61
311,2026-03-01,168.1,8.1,0,0,3,2,8594.66,4,2.9
58,2026-08-01,163.5,3.5,0,0,4,1,5342.05,2,5
1403,2026-03-01,188.2,12.2,19077.31,70,2,0,8621.1,4,2.92
1372,2026-05-01,177.6,9.6,0,102,5,0,13885.23,0,2.84
949,2026-03-01,166.4,6.4,0,0,5,2,5987.2,4,4.09
1152,2026-02-01,157.6,5.6,0,87,3,1,11831.89,12,4.15
1338,2025-10-01,186.6,10.6,0,0,5,1,8015.12,6,4.35
31,2025-09-01,182.2,6.2,0,0,4,0,10283.66,6,3.01
909,2026-04-01,184.9,8.9,0,129,5,0,13183.43,2,4.14
1136,2026-08-01,171.3,3.3,0,0,3,0,7919.89,8,3.55
1350,2026-08-01,173,5,0,0,5,0,9577.73,0,3.66
925,2026-05-01,158.1,6.1,23891.74,84,2,2,8027.51,0,3.72
1138,2026-01-01,177.4,1.4,0,0,3,0,14796.79,8,3.01
905,2026-06-01,180,12,0,0,7,1,8349.49,6,4.33
888,2026-05-01,177.2,17.2,0,119,5,1,15510.95,6,3.64
1065,2026-07-01,190.6,6.6,24009.25,58,2,0,8361.43,6,3.48
907,2026-07-01,110.4,0,14151.18,42,1,0,6415.17,6,3.66
148,2026-03-01,180.3,12.3,0,114,4,1,10135.2,10,3.25
297,2026-05-01,181.5,13.5,0,68,3,0,15646.37,4,2.13
1333,2025-09-01,180.9,12.9,22850.26,82,2,1,7481.67,2,
1120,2026-02-01,156.2,4.2,19801.51,58,2,1,10789.05,10,4.32
113,2025-10-01,189.7,5.7,29149.18,67,1,0,9217.29,2,2.91
1114,2026-01-01,178.2,2.2,18491.4,48,2,0,10059.78,4,3.24
64,2026-08-01,183.3,15.3,0,122,3,0,26709.63,2,3.67
489,2026-01-01,179.6,3.6,20388.24,60,3,0,7013.39,2,4.08
1226,2026-02-01,162.4,2.4,0,0,4,0,8582.46,6,3.7
1433,2025-12-01,204.5,20.5,35050.37,114,2,0,8175.7,6,3.21
688,2026-06-01,184.1,8.1,26639.08,92,2,0,6984.52,0,3.35
292,2026-04-01,192.1,16.1,0,0,4,0,7343.72,2,4.85
36,2025-09-01,183.4,7.4,0,110,3,0,11683.14,6,
602,2026-08-01,173.3,5.3,0,0,7,0,6688.13,6,4.61
447,2025-09-01,175,7,0,0,3,1,9618.02,6,3.18
1476,2026-06-01,178.9,10.9,0,123,4,1,13261.78,0,3.65
1269,2026-04-01,190.7,14.7,0,146,8,0,14130.16,0,4.31
500,2026-05-01,172.2,4.2,0,0,3,0,10167.42,8,2.11
171,2026-04-01,184.3,8.3,25640.27,95,3,0,8597.66,6,4.36
987,2025-11-01,173.8,13.8,30773.48,96,1,0,7670.66,6,3.31
655,2026-01-01,176.3,0.3,0,0,4,0,12588.43,8,4.41
1181,2025-10-01,182.2,6.2,0,0,5,1,7948.41,,3.98
1393,2026-06-01,194.1,18.1,38622.32,114,4,0,10618.48,0,4.27
10,2025-10-01,189.7,13.7,0,0,3,1,12395.48,8,
1140,2026-04-01,184.9,8.9,0,0,5,0,8442.22,0,3.43
980,2026-03-01,185.4,9.4,19739.17,73,3,0,10960.7,10,3.2
1060,2026-02-01,166.7,6.7,0,0,3,0,9207.25,4,3.19
703,2026-02-01,96,0,7492.25,22,1,0,3812.5,8,2.79
308,2026-01-01,176.2,0.2,0,0,6,0,11192.5,0,3.55
66,2026-03-01,183.9,7.9,0,0,4,0,12838.55,,2.52
1459,2026-03-01,186.7,10.7,0,0,4,0,8453.23,4,2.79
696,2025-11-01,173.1,13.1,0,0,4,0,11987.05,6,4.67
18,2026-07-01,165.4,13.4,0,81,4,4,9416.86,4,2.82
509,2026-04-01,105.6,0,0,0,2,0,3914.17,6,3.31
856,2026-02-01,137.6,1.6,0,0,3,3,8833.47,4,3.4
414,2026-02-01,144.2,0.2,0,0,3,2,5618.04,4,2.78
1093,2026-01-01,167.5,7.5,0,73,4,2,10941.89,8,3.08
1096,2026-03-01,186.3,10.3,0,140,4,0,13265.3,4,4.03
984,2026-03-01,169.9,9.9,0,108,5,2,11345.28,6,3.8
1361,2026-08-01,100.8,0,0,0,2,0,5286.67,8,3.91
517,2026-06-01,181.3,13.3,0,0,2,1,14771.86,8,2.3
716,2025-10-01,193.8,9.8,0,0,4,0,8734.87,0,3.54
710,2026-04-01,195.7,19.7,0,121,4,0,16231.45,0,3.78
893,2026-05-01,176.2,8.2,0,140,5,0,10200.91,8,3.81
994,2026-08-01,161.4,9.4,0,0,4,2,10301.08,4,3.26
533,2026-04-01,43.2,0,0,0,1,0,1983.89,8,3.62
1157,2025-11-01,156,12,0,0,2,2,12445.68,0,2.61
457,2026-08-01,141.4,5.4,0,0,2,4,6853.3,4,3.05
1457,2026-07-01,189.3,5.3,0,0,5,0,6841.7,6,4.08
1224,2026-06-01,178.2,10.2,0,0,4,1,14737.34,8,3.12
88,2025-12-01,196.6,20.6,0,0,4,1,15464.98,0,3.72
710,2026-08-01,158.7,6.7,0,103,3,2,14671.37,2,3.89
524,2026-03-01,182,6,0,105,3,0,11464.56,4,2.9
1014,2025-11-01,180.2,20.2,0,144,4,0,14440.15,4,3.63
768,2026-04-01,171,11,0,0,4,2,9007.77,0,3.15
1314,2025-10-01,175,7,0,0,5,2,7989.86,8,3.4
282,2026-03-01,105.6,0,0,63,2,0,9414.33,12,4.23
333,2025-11-01,175.8,15.8,0,130,3,0,18272.63,6,3.66
1065,2026-08-01,167.8,7.8,21474.5,53,2,1,8443.57,6,3.39
700,2026-01-01,177.5,1.5,0,0,5,0,9917.59,6,3.94
270,2026-08-01,170.7,2.7,0,0,3,0,8146.5,6,
868,2026-05-01,164.5,4.5,23748.24,87,3,1,7520.56,0,4.06
635,2026-07-01,179.6,3.6,20742.62,50,2,1,8223.45,0,3.04
272,2026-03-01,184.9,8.9,0,0,7,0,11212.49,4,4.03
201,2025-09-01,183.8,7.8,0,151,7,0,16387.9,0,4.77
470,2026-07-01,188.8,4.8,0,0,5,0,10938.41,0,4.38
1500,2026-06-01,182,14,0,0,3,1,13757.87,8,3.3
824,2026-03-01,190,14,0,0,6,0,9346.69,12,3.56
531,2026-05-01,148.4,12.4,0,107,3,4,12856.21,4,3.7
579,2025-11-01,173.7,13.7,0,0,5,0,11497.1,6,3.05
803,2026-05-01,163,11,23372.06,72,2,2,9330.67,0,3.23
715,2026-01-01,169.8,1.8,0,0,6,1,11595.01,6,4.5
729,2026-03-01,153.3,9.3,17183.53,50,2,4,9765.57,6,2.99
2,2026-08-01,158.4,6.4,0,0,3,2,4721.09,2,3.17
271,2025-11-01,181.8,21.8,0,181,7,0,12531.78,4,4.16
542,2026-07-01,188.5,4.5,0,0,6,0,10361.89,8,3.37
996,2025-11-01,170.4,10.4,0,0,3,0,10682.73,8,2.86
92,2026-07-01,168.8,8.8,0,129,5,3,12264.75,0,4.36
1183,2026-06-01,105.6,0,16098.93,45,1,0,5113.83,4,3.18
564,2026-07-01,192.7,8.7,23431.01,71,2,0,7885.45,0,3.24
1005,2025-09-01,180.3,4.3,0,0,3,0,8425.44,0,3.14
1026,2025-10-01,190.9,14.9,0,0,4,1,10559.37,6,3.34
520,2025-11-01,138.4,10.4,0,0,4,4,11026.26,4,3.86
731,2025-09-01,180.1,4.1,21922.4,64,1,0,9064.08,6,3.6
302,2025-09-01,181.3,5.3,0,0,3,0,12525.63,8,3.53
115,2026-01-01,171.2,3.2,20374.91,55,2,1,10312.38,8,3.55
999,2026-06-01,189.2,13.2,0,119,5,0,11373.32,0,3.35
1204,2026-06-01,181.1,5.1,32599.66,87,2,0,6857.53,0,4.11
1419,2026-05-01,180.7,12.7,25640.3,85,3,0,6522.16,0,4.04
50,2025-12-01,201.3,17.3,0,0,4,0,8415.89,6,2.73
299,2026-02-01,146.7,2.7,0,0,5,2,13119.71,8,3.97
1440,2025-09-01,177.3,9.3,0,0,5,1,7645.48,2,3.2
871,2026-04-01,182.5,6.5,0,0,5,0,9213.67,0,4.03
1073,2025-10-01,193.7,9.7,0,0,7,0,11515.98,0,3.79
1429,2026-02-01,168.4,8.4,0,93,6,0,10742.12,6,3.95
1151,2026-01-01,168,0,0,0,3,1,9343.17,4,3.61
1332,2026-01-01,168,0,0,0,5,1,11925.5,6,3.16
392,2025-10-01,190,14,0,0,5,1,8719.77,6,3.46
253,2026-07-01,192.7,8.7,0,64,3,0,10462.02,2,2.22
531,2026-08-01,179.2,11.2,0,143,5,0,12735.64,0,4.07
1322,2026-04-01,156.5,4.5,0,82,5,3,13182.1,6,3.38
1248,2026-08-01,164.5,12.5,0,105,5,2,9790.52,6,3.65
671,2026-01-01,180.1,4.1,0,84,6,0,12138.08,6,3.88
89,2026-06-01,174.3,14.3,0,122,3,2,20873.09,2,3.14
54,2026-02-01,156,4,0,72,2,1,10518.59,6,3.36
102,2026-05-01,176.1,8.1,0,0,3,0,13838.48,6,3.62
711,2026-02-01,165.5,5.5,0,93,3,0,12759.37,6,3.67
1079,2025-11-01,170.9,10.9,24143.44,85,2,0,6330.5,4,3.13
1197,2025-11-01,96,0,0,0,3,0,4239.5,4,4.78
754,2026-02-01,164.9,4.9,0,0,3,0,8796.15,4,3.32
153,2025-12-01,199.8,15.8,0,0,8,0,7396.33,4,4.15
516,2026-02-01,158.2,6.2,0,0,4,1,5848.83,10,2.55
202,2026-05-01,172.4,4.4,0,0,5,0,8136.97,4,3.47
845,2026-01-01,186.7,10.7,20103.76,73,3,0,9230.8,6,4.19
1380,2026-05-01,174,14,0,124,5,1,13301.93,8,4.33
448,2025-12-01,207.9,23.9,0,0,3,0,9950.49,8,2.47
1301,2026-03-01,186.7,10.7,26287.77,83,2,0,8231.07,10,3.56
53,2025-10-01,199,15,0,149,7,0,9993.15,0,3.91
926,2026-06-01,167,7,0,0,4,2,5682.92,0,3.68
1485,2026-07-01,110.4,0,15719.84,56,2,0,5073.17,4,
759,2025-10-01,181.3,5.3,0,0,3,1,5656.74,8,2.94
217,2026-07-01,191.7,7.7,0,103,4,0,17057.8,2,3.16
1260,2026-04-01,168,8,0,0,4,2,9489.96,4,3.36
142,2026-01-01,170.8,2.8,17609.89,58,2,1,6143.68,8,3.63
809,2025-10-01,190.9,6.9,0,0,4,0,6184.12,0,3.9
1377,2025-10-01,173.5,5.5,0,0,1,2,10448.2,12,4.46
870,2025-11-01,166.7,14.7,0,0,5,1,8998.91,6,4.05
115,2025-10-01,192.6,8.6,30194.64,74,3,0,10781.3,4,3.55
509,2026-06-01,24,0,0,0,1,0,889.58,2,3.29
1233,2026-07-01,174,6,21679.35,66,3,2,8694.67,4,3.67
650,2025-11-01,171.7,11.7,23302.4,70,1,0,8856.07,6,2.93
1369,2026-07-01,189.6,5.6,25092.98,76,2,0,7109.79,8,
568,2025-12-01,201.9,17.9,38204.83,100,3,0,8512.6,8,3.37
925,2026-03-01,179.1,11.1,23744.56,68,2,1,8357.44,4,3.55
293,2026-06-01,105.6,0,0,71,3,0,6882.83,0,3.44
20,2026-06-01,184.7,8.7,0,0,4,0,11806.67,8,4.09
616,2026-04-01,183.6,7.6,0,95,3,0,10488.59,0,2.83
753,2026-04-01,182.5,6.5,24339.32,75,2,0,8773.39,0,3.36
1190,2026-04-01,174.7,6.7,0,0,4,1,12079.14,4,3.06
558,2026-04-01,175.3,7.3,0,0,3,1,10019.87,0,2.9
253,2025-12-01,203.5,19.5,0,114,4,0,11371.35,8,
1376,2026-03-01,165.8,5.8,0,0,3,2,9054.06,6,2.64
211,2026-01-01,185.4,9.4,0,105,6,0,9326.61,8,4.31
173,2025-09-01,178.5,2.5,23608.53,67,2,0,8517.03,4,3.39
763,2025-12-01,188.5,20.5,0,190,3,2,14603.73,8,3.6
315,2025-11-01,156,12,0,0,3,2,8820.83,2,
1487,2026-04-01,185.7,9.7,0,147,5,0,9510.33,8,4.06
162,2026-01-01,154.1,2.1,0,0,3,3,10962.16,2,3.61
1218,2025-09-01,183.3,7.3,23897.82,65,2,0,7004.18,0,3.3
848,2026-02-01,96,0,8964.16,26,1,0,5063,10,3.44
820,2026-07-01,178.5,2.5,20677.5,68,2,1,6666.17,6,
1086,2026-06-01,189.4,13.4,0,0,5,0,7454.07,4,3.46
1284,2026-05-01,181,13,0,99,3,0,11649.73,6,3.17
147,2026-04-01,184,8,0,0,5,0,10337.86,2,4.09
960,2025-11-01,177.3,17.3,0,142,3,0,12436.81,4,4.04
657,2025-11-01,170.6,10.6,0,0,4,0,8368.84,8,3.43
62,2026-08-01,156.3,4.3,0,0,5,2,24116.38,0,3.92
1200,2026-06-01,175.7,7.7,0,0,3,1,11527.3,4,3.63
805,2026-07-01,186.6,2.6,26155.72,71,2,0,11819.59,0,
1167,2026-02-01,165.2,5.2,0,0,3,0,11452.85,12,4.08
853,2025-11-01,162.9,10.9,0,0,3,1,7732.33,4,4.21
498,2026-05-01,100.8,0,0,73,3,0,5418.83,0,3.6
426,2025-09-01,183.1,7.1,22393.59,84,3,0,8320.12,6,3.72
961,2026-06-01,177,9,0,0,4,1,10607.82,6,4.29
58,2026-07-01,190.2,6.2,0,0,7,0,5463.2,0,5
865,2026-05-01,172.1,12.1,0,0,5,1,10231.65,0,2.79
692,2026-05-01,50.5,2.5,0,0,2,0,3174.71,6,4.62
1192,2026-04-01,177.5,9.5,0,107,5,1,11002.48,6,3.1
1433,2026-05-01,171.8,11.8,27434.86,78,1,1,7652.91,2,3.51
1412,2026-02-01,160.2,8.2,0,0,3,1,9581.54,10,3.61
698,2026-06-01,185.2,9.2,0,0,5,0,8802.82,6,4.04
1176,2026-03-01,173.6,5.6,0,0,5,1,7983.86,10,3.51
250,2026-05-01,173.1,5.1,26772.23,93,3,0,9468.91,8,4.19
1349,2025-12-01,204.4,28.4,0,199,7,1,12310.69,0,3.55
527,2026-01-01,160,8,0,84,5,3,12010.18,6,3.59
1009,2026-08-01,174.4,6.4,0,0,3,0,9249.04,0,3.07
82,2026-03-01,171.9,11.9,0,0,6,2,17437.21,6,3.67
1495,2026-03-01,167.8,7.8,0,0,4,2,11558.36,4,3.85
1464,2025-11-01,179.7,19.7,0,167,6,0,10293.4,0,3.61
980,2026-02-01,161.7,1.7,13532.53,41,2,0,10285.29,6,3.07
560,2026-08-01,148,4,0,0,2,3,9382.58,4,2.6
316,2025-10-01,197.4,13.4,0,0,7,0,15021.59,6,3.7
1386,2026-01-01,173.3,5.3,15137.48,39,1,1,7634.47,8,3.06
190,2026-04-01,105.6,0,0,0,3,0,6608.33,8,4.78
692,2025-10-01,187,11,0,0,6,1,11312.61,8,4.44
820,2026-04-01,185.3,9.3,20738.42,74,2,0,7050.14,0,3.42
807,2025-09-01,100.8,0,0,48,2,1,7594.5,8,3.08
748,2026-04-01,96,0,0,57,3,2,5683.17,6,3.17
248,2026-04-01,174.8,6.8,21698.22,61,1,1,9871.45,0,2.69
1147,2026-01-01,184.8,8.8,0,92,5,0,14135.64,4,3.5
1468,2026-07-01,188.3,4.3,0,0,6,0,7465.85,2,3.5
241,2025-10-01,187.7,11.7,0,0,7,1,11475.94,0,4.34
491,2026-08-01,173.4,5.4,0,0,4,0,9141.27,6,3.33
40,2026-06-01,194.7,18.7,0,106,2,0,10040.12,6,
1264,2026-04-01,163.1,3.1,0,0,5,2,7975.71,8,3.64
799,2026-03-01,184.5,8.5,0,0,5,0,6428.64,10,3.55
223,2025-10-01,196.4,12.4,0,110,3,0,10199.41,0,2.82
1495,2026-05-01,175.3,7.3,0,0,5,0,11511.51,4,4.02
442,2026-05-01,168.5,8.5,26056.28,69,2,1,9331.9,2,3.63
934,2026-01-01,171.6,3.6,21035.69,73,2,1,8942.34,6,4.44
733,2025-09-01,182.6,6.6,0,99,4,0,14347.7,8,2.9
137,2026-02-01,167.1,7.1,0,0,2,0,10176.22,8,2.05
1347,2026-07-01,189.5,5.5,0,0,5,0,14101.34,0,3.35
1477,2026-01-01,181.1,5.1,0,0,3,0,9935.99,4,3.09
123,2026-02-01,165.2,5.2,12587.54,39,2,0,6459.49,10,2.8
242,2025-12-01,205.8,21.8,0,0,6,0,7710.01,2,3.2
202,2025-10-01,164.7,12.7,0,0,2,4,8699.98,8,2.99
477,2025-10-01,110.4,0,11011.38,40,1,0,4188.67,8,2.86
744,2026-04-01,187.1,11.1,0,0,3,0,5983.93,8,3.87
628,2026-06-01,193.6,17.6,0,107,5,0,20185.17,6,3.18
648,2026-08-01,91.2,0,0,0,2,2,4361.5,6,3.59
893,2025-10-01,196.2,12.2,0,108,2,0,10530.62,8,3.67
535,2026-02-01,161.7,1.7,0,0,4,0,11781.14,8,4.36
55,2026-05-01,152.2,16.2,0,93,4,4,5216.38,8,2.99
507,2025-11-01,173.5,13.5,26734.9,92,1,0,8061.63,6,3.63
321,2025-11-01,173.2,13.2,0,0,4,0,8779.21,8,3.88
927,2026-05-01,170.3,10.3,0,0,3,1,9079.75,0,3.51
455,2026-03-01,175.5,7.5,25708.88,75,2,1,12147.36,10,3.41
329,2025-11-01,173.8,13.8,30095.1,81,3,0,9741.97,2,3.2
495,2026-04-01,182.4,6.4,0,0,5,0,10783.39,2,2.95
1417,2026-06-01,187.9,11.9,0,105,4,0,13344.23,2,
1246,2026-05-01,167.5,7.5,19052.46,65,1,1,8682.87,0,2.81
430,2025-09-01,184.2,8.2,0,0,7,0,9962.62,8,4.5
469,2025-10-01,190.7,6.7,29266,87,3,0,10121.53,0,3.58
693,2026-03-01,180,4,25131.97,80,2,0,7394.57,4,4.29
726,2025-10-01,188.5,4.5,0,0,3,0,6633.3,8,3.25
1344,2026-06-01,157.8,5.8,0,0,2,3,9534.52,8,3
158,2026-05-01,164.2,12.2,0,96,4,2,13274.48,6,3.54
422,2026-04-01,181.8,5.8,0,0,5,0,9054.06,4,3.49
740,2025-12-01,207.8,23.8,0,191,4,0,12616.17,0,3.26
814,2026-05-01,171,3,27836.79,85,2,0,5796.68,0,4.14
916,2026-06-01,173.3,13.3,0,0,5,2,7221.55,8,2.91
919,2025-10-01,194.4,10.4,0,0,4,0,10571.91,6,3.39
1039,2025-12-01,190,14,0,0,5,1,10076.18,4,4.22
1464,2026-03-01,185.6,9.6,0,117,4,0,9524.76,4,3.48
902,2026-05-01,175,15,0,112,4,1,15403.23,0,3.02
828,2026-01-01,176.8,0.8,16949.62,49,2,0,7483.28,8,3.65
1415,2026-04-01,179.8,3.8,0,0,4,0,7256.19,6,3.77
4,2025-12-01,201.2,17.2,0,0,8,0,9343.95,4,4.59
1449,2026-04-01,160,0,0,0,6,2,9983.67,0,4.69
661,2025-12-01,197.6,13.6,0,0,6,0,9124.65,8,3.47
473,2026-02-01,164.7,4.7,0,0,2,0,9416.36,12,2.38
601,2026-08-01,173.9,5.9,0,0,4,0,7950.2,2,3.42
737,2026-03-01,177.5,1.5,0,0,6,0,8300.7,6,4.17
589,2026-07-01,177.2,1.2,0,0,5,1,8258.88,2,3.29
1471,2026-02-01,165.5,5.5,22401.32,52,2,0,7732.31,,3.86
1483,2026-02-01,162.5,2.5,0,0,3,0,8319.68,12,3.69
1235,2025-11-01,169.4,9.4,0,0,5,0,10861.76,2,3.79
41,2026-04-01,176,0,0,0,6,0,6506.67,8,4.17
1264,2026-01-01,184.1,8.1,0,0,5,0,8311.79,0,3.72
1326,2026-06-01,171.5,11.5,21672.32,73,2,2,7847.27,6,3.28
737,2026-04-01,183.9,7.9,0,0,7,0,8754.54,8,4.45
417,2025-10-01,190.5,6.5,0,0,4,0,6292.79,2,3.61
777,2026-03-01,180.5,4.5,0,0,6,0,9242.26,12,4.28
440,2025-12-01,110.4,0,0,0,3,0,5368,0,2.77
891,2026-02-01,115.3,3.3,0,0,4,0,6824.16,4,3.8
1390,2026-07-01,188.9,4.9,0,0,5,0,9728.76,8,4.01
350,2026-03-01,186.6,10.6,0,0,4,0,8146.86,4,3.88
919,2026-02-01,162.1,2.1,0,0,3,0,9875.26,10,3.41
1063,2026-01-01,175.8,7.8,0,73,5,1,10776.95,8,3.37
595,2026-07-01,190.9,6.9,0,127,5,0,11021.53,0,3.66
957,2025-12-01,196.2,20.2,40602.6,136,3,1,8241.28,8,3.72
1242,2026-06-01,183,15,0,115,4,1,13025.55,8,3.06
117,2026-03-01,174.2,6.2,22021.62,60,2,1,9673.07,4,3.09
502,2026-05-01,174.1,6.1,0,0,4,0,10970.93,4,3.79
738,2026-03-01,174.6,6.6,21601.63,83,3,1,6308.69,12,3.72
287,2025-11-01,81.6,0,0,47,1,3,5652.67,8,2.46
695,2026-07-01,168,0,17280.16,60,2,2,6445.67,8,3.57
485,2026-08-01,171.5,3.5,0,0,4,0,8139.28,8,3.45
300,2026-04-01,175.2,7.2,0,0,3,1,13186.96,8,2.6
241,2026-01-01,176,0,0,0,6,0,10420.83,2,4.37
762,2025-10-01,192.7,8.7,0,0,2,0,10243.38,2,2.43
1075,2026-04-01,105.6,0,8888.44,31,1,0,3914.17,0,2.41
122,2025-10-01,185.9,9.9,20669.16,56,2,1,6898.55,4,2.72
1123,2025-09-01,159.9,7.9,31793.49,74,2,3,8222.32,4,4.75
593,2025-10-01,184,8,26363.21,82,2,1,8392.04,4,3.39
348,2026-04-01,100.8,0,0,55,3,1,7808,8,3.8
1476,2026-03-01,187.1,11.1,0,103,5,0,13282.76,6,3.6
853,2025-10-01,173.5,13.5,0,0,5,3,7891.31,4,
459,2026-05-01,52.8,0,0,37,2,0,4180.44,0,3.37
970,2025-09-01,190.3,14.3,0,79,3,0,12875.74,12,2.91
365,2025-11-01,175.1,15.1,0,0,4,0,7391.4,8,2.93
22,2026-02-01,157.5,5.5,0,0,3,1,10011.53,4,3.68
308,2026-04-01,175.1,7.1,0,0,6,1,11859.67,6,3.45
480,2025-12-01,203.1,19.1,0,0,5,0,16005.43,0,3.42
1057,2025-12-01,193.9,17.9,0,0,6,1,8935.3,4,3.68
247,2026-08-01,161.1,9.1,0,0,3,2,8422.88,0,2.78
1290,2026-08-01,175.4,7.4,0,0,3,0,8167.38,6,3.09
461,2026-04-01,170,10,0,0,5,2,11035.43,4,4.05
1413,2025-10-01,179.8,3.8,22031.3,58,2,1,12905.72,8,2.82
1389,2025-12-01,110.4,0,0,110,3,0,9170.33,0,3.37
966,2025-11-01,164.1,12.1,27923.51,85,2,1,8951.29,8,3.56
637,2026-06-01,183.5,7.5,0,0,4,0,7259.09,0,3.33
547,2026-06-01,177.6,17.6,0,96,2,2,11340.24,6,2.57
49,2026-08-01,173.3,5.3,16906.83,56,2,0,7655.73,2,
659,2026-06-01,100.8,0,0,47,3,1,7767.33,0,2.71
1316,2026-07-01,179.1,3.1,0,0,3,1,6126.73,6,3.48
757,2026-07-01,195.5,11.5,0,0,5,0,10518.92,4,2.82
1237,2026-01-01,180.7,4.7,13378.63,45,2,0,8241.96,8,2.88
259,2025-10-01,183.6,7.6,0,0,5,1,9350.88,8,3.41
36,2026-05-01,177.7,9.7,0,118,3,0,11901.69,4,3.11
135,2026-03-01,187.7,11.7,35552.98,86,3,0,9695.77,8,4.17
21,2026-06-01,186.2,10.2,38063.29,131,3,0,6085.24,2,4.98
383,2025-10-01,183.5,15.5,0,0,6,2,8520.94,2,3.81
951,2026-03-01,185.3,9.3,19298.2,73,1,0,7711.39,4,3.17
879,2026-05-01,146.6,10.6,0,103,4,4,14107.16,2,3.45
1161,2026-03-01,183.3,7.3,0,116,6,0,11641.21,8,3.44
452,2026-01-01,176.1,0.1,0,0,4,0,10755.47,4,4.24
827,2025-12-01,193.2,17.2,43275.18,126,3,1,9752.75,2,3.73
401,2026-03-01,174.6,6.6,0,0,3,1,10252.96,10,3.04
153,2026-07-01,173.7,5.7,0,0,3,2,6827.62,6,3.96
1477,2026-07-01,189.8,5.8,0,0,5,0,9993.63,2,3.07
1200,2026-02-01,166.4,6.4,0,0,5,0,11405.72,10,3.82
466,2026-01-01,184.4,8.4,20684.75,56,3,0,8648.22,8,4.1
1061,2025-09-01,96,0,0,0,3,2,4137.83,4,4.44
1320,2026-06-01,187.9,11.9,31104.67,92,2,0,10181.98,6,3.84
332,2025-11-01,174.3,14.3,0,0,5,0,9402.6,0,3.8
83,2025-11-01,166.8,6.8,0,0,4,0,19150.82,8,2.94
1301,2026-02-01,141.9,5.9,11248.22,47,1,3,7918.14,8,3.1
484,2026-02-01,161,9,0,94,4,1,10465.36,8,4.42
1112,2026-03-01,185,17,0,138,4,1,15114.39,4,3.7
593,2026-04-01,172.8,4.8,23759.41,62,1,1,8174.69,2,3.25
817,2025-11-01,167.6,15.6,31438.96,86,2,1,10731.42,0,3.4
694,2025-09-01,105.6,0,0,53,3,0,5581.5,2,3.32
1231,2026-05-01,178.1,10.1,0,0,6,0,7263.31,8,4.76
466,2026-04-01,160.1,8.1,23386.17,76,2,1,7894.37,4,4.21
145,2025-09-01,178.8,10.8,0,90,3,1,11517.07,6,3.06
635,2025-12-01,195,11,24506.19,97,2,0,8734.16,8,2.63
1099,2025-12-01,197.1,13.1,0,0,4,0,9451.54,6,3.04
451,2026-01-01,176,0,0,0,6,0,6516.83,0,3.69
786,2025-09-01,184.2,8.2,0,0,4,0,11813.6,6,4.33
67,2025-11-01,174.2,14.2,0,0,5,0,15263.18,0,3.66
143,2026-05-01,175.4,7.4,0,0,8,0,6761.08,4,4.83
121,2026-04-01,184,8,0,0,4,0,12729.37,4,3.66
308,2026-03-01,179.7,3.7,0,0,4,0,11530.92,8,4.01
1221,2025-09-01,188.5,12.5,0,98,3,0,16967.24,2,3.14
9,2026-01-01,176,0,15370.76,52,2,0,10370,6,3.35
785,2025-10-01,188.2,4.2,44416.01,104,2,0,13876.16,8,5
1278,2026-05-01,169.4,9.4,0,0,4,1,8827.93,8,2.85
761,2026-04-01,164.1,4.1,0,0,5,2,6084.83,2,3.73
91,2026-01-01,155.9,3.9,12716.78,38,1,3,8575.99,0,2.65
831,2026-02-01,160,0,0,0,4,0,10085.33,10,
358,2026-02-01,152.6,0.6,14409.98,38,2,1,9320.14,10,2.75
334,2025-09-01,161.3,9.3,0,0,6,3,13236.79,2,4.16
1195,2025-09-01,175.5,7.5,0,0,6,1,12840.26,0,4.12
714,2026-05-01,164.6,4.6,34451.89,85,2,1,11797.66,4,4.78
1228,2026-03-01,178.6,2.6,0,0,4,0,8690.57,4,4.21
330,2026-07-01,171.4,3.4,19634.86,49,2,2,7343.22,2,3.23
1320,2026-05-01,176.9,8.9,21597.3,63,1,0,9942.32,4,3.4
859,2025-11-01,154.2,10.2,27219.21,79,3,2,6892.92,0,3.94
66,2026-01-01,157,5,0,0,3,3,12536.97,4,1.98
590,2026-06-01,168.5,8.5,0,0,4,2,6166.69,0,3.81
1084,2026-06-01,188.6,12.6,28745.59,77,2,0,9065.28,8,3.34
874,2026-03-01,176.1,8.1,29895.62,78,3,1,10661.72,8,4.14
71,2026-06-01,186.7,10.7,0,0,4,0,14307.18,2,2.85
411,2025-12-01,184.7,16.7,0,0,5,2,9832.37,0,3.06
1328,2026-07-01,110.4,0,0,0,3,0,4056.5,0,3.63
493,2026-06-01,187.3,11.3,34068.95,87,3,0,7377.32,4,3.91
43,2026-03-01,183.2,7.2,0,0,4,0,6696.08,12,3.3
551,2026-02-01,151.6,7.6,0,59,3,2,11563.6,8,2.6
571,2025-09-01,190,14,0,113,4,0,10782.88,8,
1129,2026-07-01,193.3,9.3,0,93,4,0,12599.67,0,2.97
473,2025-09-01,181.4,5.4,0,0,2,0,9471.17,8,2.66
1132,2025-10-01,194.8,10.8,33995.49,89,2,0,10360.91,,3.84
1344,2026-01-01,181.7,5.7,0,0,5,0,9526.66,6,3.35
1406,2025-09-01,105.6,0,0,0,3,0,6771,8,4.14
1323,2026-02-01,91.2,0,0,0,1,1,6100,6,3.38
104,2026-03-01,165,5,16154.74,45,2,2,10023.21,12,2.66
508,2026-03-01,187.5,11.5,20558.88,59,2,0,11312.59,8,2.84
16,2025-12-01,202.1,18.1,0,0,6,0,10935.98,6,4.28
1417,2026-02-01,168.6,8.6,0,77,3,0,12998.73,4,2.82
1087,2026-03-01,172.3,4.3,0,104,4,1,13107.42,4,3.19
1041,2025-10-01,186.2,10.2,32593.3,93,3,1,8087.84,0,3.73
461,2025-12-01,204.4,20.4,0,0,7,0,11949.51,4,3.79
677,2026-05-01,170,10,23671.4,62,2,1,10096.48,2,3.45
1215,2026-02-01,153,1,16353.98,41,1,1,7742.26,6,2.71
576,2026-03-01,184.6,8.6,0,0,6,0,9798.2,10,4.26
979,2025-11-01,168.3,8.3,28356.77,82,2,0,8510.48,0,3.53
1232,2025-09-01,169,9,0,0,2,2,9292.8,0,2.38
475,2025-11-01,176.7,16.7,0,0,5,0,8505.88,8,3.99
758,2025-12-01,196.6,12.6,39818.77,129,3,0,7449.04,8,3.76
428,2026-05-01,151.4,7.4,0,0,4,3,9249.15,4,4.06
404,2026-02-01,166.5,6.5,24927.32,68,3,0,8080.31,4,4.09
7,2026-02-01,160.3,0.3,0,0,4,0,9377.62,10,3.24
716,2025-11-01,162,18,0,0,5,2,9306.25,2,3.41
954,2025-12-01,197.7,13.7,0,0,5,0,9984.62,2,3.55
1085,2025-10-01,110.4,0,17542.15,46,2,0,5174.83,6,3.47
391,2025-11-01,148.5,12.5,0,0,3,3,8877.94,4,3.79
1139,2026-03-01,158.1,6.1,18614.17,52,2,3,6992.27,8,3.12
889,2026-07-01,186.4,2.4,0,0,5,0,9827.8,2,4.39
454,2026-07-01,182.2,6.2,11907.47,36,1,1,6920.05,6,2.17
590,2025-09-01,178.4,2.4,0,0,4,0,5863.47,0,3.66
64,2026-03-01,185.3,9.3,0,97,5,0,25484.94,6,3.08
1253,2025-12-01,203.1,19.1,0,0,3,0,5243.8,0,3.03
72,2026-07-01,190.2,6.2,0,0,6,0,15446.92,4,3.46
1106,2026-05-01,172.3,4.3,24407.21,69,2,0,6095,2,3.32
967,2025-12-01,208,24,0,244,7,0,15384.59,8,4.58
714,2026-02-01,160.5,0.5,26015.76,77,3,0,11395.09,6,4.82
804,2026-04-01,187,11,27677.41,77,2,0,7894.51,4,3.39
956,2025-09-01,183.6,7.6,0,0,7,0,9578.42,2,4.6
33,2025-12-01,193,25,0,123,2,2,8532.67,4,2.35
477,2026-02-01,91.2,0,7705.96,24,1,1,4188.67,10,2.91
446,2025-09-01,172,4,0,0,3,1,8709.39,8,3.53
492,2026-01-01,176,0,10365.73,35,1,0,7991,4,2.32
1011,2026-05-01,167.4,7.4,0,109,4,1,14528.2,4,3.49
335,2025-10-01,204.2,20.2,0,137,6,0,10176.18,0,2.95
1484,2026-08-01,173.2,5.2,23763.46,70,3,0,9073.04,8,
1185,2026-08-01,163.2,11.2,23364.39,61,2,2,9568.46,8,3.41
462,2026-02-01,147.8,3.8,0,68,4,2,11593.1,4,3.56
252,2026-04-01,189.1,13.1,0,0,5,0,7368.81,0,3.32
937,2025-12-01,192.5,8.5,0,0,6,0,7760.21,0,4.12
267,2025-09-01,181.3,5.3,22058.07,71,3,0,8750.93,0,3.23
442,2025-11-01,170.5,18.5,28485.79,92,2,1,10084.14,8,3.5
1138,2026-08-01,175.7,7.7,0,0,3,0,15593.84,0,3.27
729,2025-12-01,199.2,15.2,35823.88,105,2,0,10227.03,8,3.33
1492,2025-10-01,194,10,0,0,4,0,13211.58,6,4.11
854,2025-09-01,184.3,8.3,0,0,5,0,9240.58,2,3.42
698,2025-12-01,184,16,0,0,4,2,9282.64,6,3.59
1205,2026-01-01,176,0,19023.77,67,2,0,6974.33,6,4.32
1199,2026-03-01,183.8,7.8,0,0,4,0,12567.68,6,3.37
253,2026-03-01,182.9,6.9,0,74,3,0,10310.46,6,2.36
876,2026-01-01,163.1,3.1,19107.53,41,1,2,9218,4,3.34
1392,2026-07-01,168,0,19024.64,68,2,2,6588,8,3.59
1247,2026-03-01,182.4,6.4,33558.06,97,3,0,8723.28,8,4.63
736,2025-10-01,191.5,7.5,0,137,5,0,12190.66,6,3.64
981,2026-03-01,177.2,9.2,27093.87,91,3,1,8440.61,4,4.4
1378,2025-09-01,177.2,9.2,0,0,5,1,9165.03,4,3.36
439,2026-06-01,105.6,0,0,0,3,0,4961.33,6,3.79
697,2026-03-01,166.6,6.6,17055.77,54,2,2,8157.23,10,2.93
1448,2026-02-01,91.2,0,0,45,2,1,6476.17,10,3.26
734,2026-01-01,182.6,6.6,0,0,4,0,7920.79,6,3.88
1471,2026-01-01,176.1,0.1,19328.42,50,2,0,7387.39,4,3.67
177,2025-09-01,176.9,8.9,0,0,4,1,9197.74,6,2.87
820,2026-08-01,156.5,4.5,18394.08,45,2,2,6779.1,2,2.97
483,2026-03-01,105.6,0,0,0,2,0,5581.5,12,3.34
891,2026-02-01,115.3,3.3,0,0,4,0,6824.16,4,3.8
389,2026-08-01,155.6,11.6,0,79,3,3,17530.41,6,3.32
743,2026-06-01,188.9,12.9,0,154,4,0,10951.27,8,4.23
70,2026-04-01,182.3,6.3,22483.06,76,2,0,14827.07,6,3.45
1339,2025-09-01,185.4,9.4,0,0,5,0,9938.29,8,4.77
260,2026-08-01,171.7,3.7,0,0,5,0,10177.43,2,3.08
313,2026-08-01,173.1,5.1,0,0,3,0,7059.22,8,3.51
287,2026-02-01,76.8,0,0,24,1,4,5652.67,8,2.48
1034,2026-08-01,175.1,7.1,27342.06,85,3,0,6431.63,0,4.68
30,2026-02-01,148.7,4.7,21494.82,50,2,2,7511.93,12,
529,2026-08-01,167.8,7.8,0,0,6,1,6500.9,6,4.11
203,2025-11-01,173.5,13.5,21873.64,62,1,0,8572.58,4,2.61
1019,2025-12-01,202.6,18.6,54028.41,147,3,0,8852.33,6,4.65
362,2026-04-01,105.6,0,0,0,3,0,6943.83,6,3.62
702,2026-07-01,197.7,13.7,0,113,5,0,14419.7,6,3.67
1265,2025-11-01,172,12,0,0,4,0,9224.84,4,3.03
609,2026-02-01,155.9,3.9,17411.14,49,2,1,7115.13,10,3.75
1451,2026-08-01,161.8,9.8,0,107,4,2,12393.93,2,3.38
1083,2026-01-01,177.9,1.9,0,0,2,0,8112.06,4,2.58
1104,2025-09-01,184.6,8.6,0,47,2,0,10322.52,8,3.67
19,2026-08-01,173.9,5.9,0,0,4,0,5449.73,8,3.19
1344,2026-04-01,181.3,5.3,0,0,5,0,9495.24,0,3.19
246,2026-01-01,183.5,7.5,0,0,6,0,15947.47,2,4.03
1352,2026-04-01,186.1,10.1,0,0,4,0,10303.51,4,3.43
261,2026-08-01,100.8,0,13894.61,49,1,0,5083.33,8,
1087,2026-08-01,166.9,14.9,0,79,5,2,14266.63,4,3.23
917,2026-01-01,173.9,5.9,0,0,4,1,9702.66,2,2.98
451,2026-07-01,186.4,2.4,0,0,7,0,6652.18,2,3.79
1173,2025-12-01,200.7,16.7,37476.05,128,3,0,7342.28,6,3.86
26,2026-01-01,182.3,6.3,0,100,4,0,10506.53,8,4.2
311,2026-08-01,165.4,5.4,0,0,3,1,8406.99,6,2.92
1491,2026-04-01,185.5,9.5,0,0,4,0,10177.3,8,3.4
1235,2026-08-01,160.1,8.1,0,0,3,2,10748.76,8,3.81
1284,2026-02-01,167.6,7.6,0,74,4,0,11160.38,4,3.44
461,2025-09-01,161.3,1.3,0,0,4,2,10270.76,2,3.57
1350,2025-12-01,204.7,20.7,0,0,3,0,10825.05,6,3.52
298,2026-05-01,173.6,13.6,22898.87,70,1,1,9931.44,8,3.09
1444,2026-02-01,162.8,2.8,21430.84,52,2,0,10621.27,8,3.8
1037,2026-04-01,178.2,2.2,0,0,5,0,9054.84,0,3.39
875,2025-11-01,96,0,0,0,2,0,6974.33,8,
1236,2026-03-01,188.4,12.4,0,92,5,0,11696.68,12,3.07
1185,2026-03-01,165,5,22166.05,66,2,2,9100.44,4,3.55
256,2026-06-01,105.6,0,0,0,3,0,6791.33,8,3.62
673,2026-08-01,100.8,0,14872.03,43,2,0,5225.67,6,
266,2026-05-01,169.7,9.7,0,0,5,1,11714.35,4,3.25
397,2025-11-01,174.7,14.7,15288.95,51,2,0,7918.85,6,2.03
1115,2026-07-01,186,2,0,0,5,0,6102.15,2,3.7
624,2025-09-01,184.2,8.2,0,0,4,0,7197.04,0,2.59
319,2026-01-01,160,0,0,0,3,2,8702.67,8,3.18
402,2026-01-01,160,0,22495.65,64,3,2,8570.5,0,4.56
184,2025-09-01,165.2,13.2,0,103,4,3,18668.57,4,3.51
678,2026-01-01,105.6,0,14718.61,33,1,0,6771,2,3.84
360,2026-05-01,172.9,4.9,0,0,4,0,10417.61,6,3.26
493,2025-11-01,163.8,3.8,28349.94,79,2,0,6941.16,4,3.52
1134,2026-05-01,164.2,12.2,20283.31,54,2,2,7610.05,8,2.85
1475,2026-05-01,165.2,5.2,25135.62,91,2,1,8021.25,0,3.96
406,2025-12-01,202.4,18.4,0,0,3,0,10104.63,6,3.38
1327,2026-07-01,194,10,0,118,5,0,10626.71,4,3.55
895,2026-06-01,100.8,0,0,0,2,1,3517.67,4,3.37
915,2026-07-01,190.5,6.5,0,0,5,0,7731.75,8,3.68
278,2025-09-01,156.7,4.7,0,0,5,3,11659.35,8,3.8
427,2026-02-01,162.1,2.1,0,0,4,0,7308.11,12,3.03
551,2026-06-01,188.5,12.5,0,90,2,0,12023.68,8,2.34
1171,2026-05-01,149,5,0,0,4,3,15878.04,2,2.99
708,2025-11-01,159.5,7.5,0,0,5,1,6528.39,4,4.52
122,2026-08-01,159.3,7.3,15340.6,45,2,2,6755.58,2,
1352,2026-01-01,153.4,1.4,0,0,4,3,9590.13,0,3.12
316,2026-07-01,188.4,4.4,0,0,6,0,13973.21,2,
728,2026-04-01,183.8,7.8,0,0,5,0,9300.95,4,3.26
1384,2026-08-01,172.5,4.5,24615.55,68,1,0,9918.26,2,3.44
1149,2026-07-01,184,0,16749.46,45,2,0,6954,2,2.66
560,2025-10-01,170.9,10.9,0,0,4,3,9924.09,0,3.19
848,2025-11-01,96,0,16407.88,55,1,0,5063,0,3.36
773,2026-04-01,174.4,6.4,0,0,6,1,11588.12,2,4.19
1207,2026-02-01,165.8,5.8,17273.55,59,2,0,7313.71,12,3.4
1059,2026-01-01,177,1,0,0,5,0,8357.54,2,3.93
281,2026-02-01,159.6,7.6,0,0,3,1,9340.05,12,2.58
522,2026-03-01,183.7,7.7,27658.38,66,2,0,8595.3,,3.59
662,2026-07-01,194.2,10.2,0,0,4,0,8784.87,4,3.35
378,2025-09-01,186.4,10.4,0,0,3,0,8289.09,4,3
174,2026-06-01,181.4,13.4,23832.85,78,3,1,9099.18,0,3.3
1342,2026-01-01,176,0,19901.21,45,2,0,9180.5,0,
1420,2026-08-01,169.8,9.8,0,0,5,1,11745.76,6,3.65
971,2026-06-01,100.8,0,0,91,4,1,6669.33,2,4.66
1153,2026-02-01,133.2,5.2,0,68,2,4,12525.89,6,3.2
887,2025-09-01,169.5,9.5,19540.1,64,1,2,10683.41,2,3.25
483,2026-05-01,96,0,0,0,2,1,5581.5,6,3.63
675,2025-09-01,187.7,11.7,0,126,7,0,15696.85,4,4.21
375,2026-04-01,162.8,2.8,23107.18,69,3,2,6393.59,4,3.52
189,2026-02-01,162.3,2.3,16119.8,58,1,0,8201.9,10,3.6
122,2026-03-01,168.2,8.2,18283.05,46,2,2,6805.07,10,2.72
274,2025-09-01,180.8,4.8,0,0,6,0,9953.64,0,3.35
361,2025-09-01,179.1,3.1,18711.62,57,1,0,6493.31,12,2.95
1486,2026-03-01,184,8,0,0,5,0,8489.87,12,2.98
47,2025-12-01,200.9,16.9,0,0,4,0,9322.83,2,3.16
267,2026-06-01,192.1,16.1,26204.11,85,2,0,9532.94,2,3.41
1479,2026-03-01,185.7,9.7,0,0,4,0,10810.7,12,3
532,2026-01-01,186.4,10.4,0,0,4,0,11635.75,6,3.36
181,2026-02-01,161.1,9.1,16267.28,43,2,1,12283.37,4,2.73
582,2025-09-01,178.2,2.2,26111.78,80,3,0,9210.24,4,3.62
86,2025-12-01,199.2,15.2,0,0,5,0,15702.92,4,4.1
1377,2026-01-01,171,3,0,0,5,1,10232.43,0,4.26
598,2026-03-01,174.5,6.5,21312.78,62,2,1,11801.66,12,3.33
521,2026-01-01,182.8,6.8,0,0,4,0,10581.93,4,3.54
989,2026-03-01,173.9,5.9,24955.67,59,3,1,9253.86,12,3.51
373,2026-05-01,164.7,4.7,28537.59,83,2,1,9098.95,8,3.75
402,2026-05-01,178.4,10.4,28236.02,94,2,0,9341.84,4,4.34
486,2025-11-01,157.7,13.7,0,0,3,2,10723.8,4,3.34
482,2026-04-01,158.2,6.2,0,91,3,3,13904.37,6,3.17
680,2026-05-01,173.2,13.2,0,0,4,1,10297.16,2,4.26
130,2025-09-01,100.8,0,11677.95,40,2,1,6130.5,4,3.75
24,2026-06-01,179.8,11.8,0,0,7,1,6498.81,0,
936,2026-04-01,100.8,0,0,0,2,1,5002,8,
890,2025-11-01,173.4,13.4,0,0,5,0,10301.81,2,3.3
854,2026-04-01,177.4,9.4,0,0,5,1,9322.65,0,3.56
1403,2026-06-01,161.4,9.4,16026.61,57,1,3,8432.16,4,2.75
1113,2025-09-01,168,0,0,0,5,1,8031.67,8,4.23
1229,2026-07-01,191,7,0,0,3,0,8356.46,6,3.2
1090,2026-07-01,157.8,5.8,0,0,3,0,9185.01,2,3.96
636,2026-02-01,164.6,4.6,16584.67,49,1,0,6829.11,8,3.15
803,2026-02-01,160.9,0.9,16929.5,53,2,0,8586.02,,3.45
1492,2026-01-01,176.5,0.5,0,0,4,0,12211.95,0,3.98
1076,2026-07-01,191.2,7.2,19428.61,59,2,0,9460.91,6,2.81
898,2026-07-01,167.1,7.1,0,103,5,3,9712.2,0,3.8
177,2025-10-01,195.8,11.8,0,0,4,0,9412.07,0,2.73
377,2026-04-01,184.8,8.8,28201.79,87,4,0,7264.76,8,4.76
1472,2026-08-01,174.5,6.5,0,0,4,0,7667.32,8,
778,2026-01-01,105.6,0,10788.19,27,1,0,4991.83,8,3.56
1044,2026-08-01,140.5,4.5,0,0,3,4,8946.51,0,4.02
98,2026-08-01,100.8,0,0,0,3,0,6222,2,3.11
195,2025-12-01,188.1,12.1,33178.87,99,2,1,8648.05,4,2.85
1472,2026-06-01,187.6,11.6,0,0,3,0,7987.69,6,3.4
320,2025-11-01,176,16,27999.67,90,2,0,8287.24,8,3.22
1488,2026-01-01,178.4,2.4,0,88,5,0,9807.04,0,3.29
1104,2026-08-01,159.9,7.9,0,97,5,2,10264.32,2,3.79
534,2026-06-01,187.4,11.4,25238.55,74,3,0,9906.2,6,3.53
750,2026-03-01,133.4,5.4,3241.55,9,0,1,6148.39,18,3.22
546,2025-10-01,189.9,5.9,29569.37,83,3,0,8292.14,6,3.93
1273,2025-11-01,147.7,19.7,0,83,3,4,13339.77,6,2.81
1136,2025-10-01,197.6,13.6,0,0,6,0,8606.23,0,3.4
957,2026-02-01,148.7,4.7,15165.38,46,2,2,7300.32,8,3.63
169,2025-09-01,175.9,7.9,0,103,6,1,13913.86,4,3.53
191,2026-04-01,190.9,14.9,0,0,7,0,7184.97,0,3.66
129,2025-10-01,110.4,0,0,0,3,0,5093.5,8,3.66
679,2026-08-01,176.8,8.8,0,110,5,0,15645.48,4,3.39
1060,2025-10-01,188.2,12.2,0,0,6,1,9621.47,0,3.24
637,2026-01-01,178.6,2.6,0,0,4,0,6970.04,2,3.36
947,2026-06-01,186.5,10.5,0,0,4,0,7352.98,4,3.16
935,2026-07-01,100.8,0,0,54,3,2,6476.17,6,4.08
167,2026-03-01,181.6,5.6,0,0,5,0,8154.41,12,3.7
703,2026-03-01,100.8,0,9735.53,25,1,1,3812.5,12,2.58
320,2026-08-01,159.6,7.6,15404.6,59,2,2,7758.09,6,3.08
1273,2026-07-01,178.6,10.6,0,87,4,2,12442.27,6,
942,2026-04-01,184.6,8.6,33972.21,87,2,0,13195.35,0,4.05
74,2026-04-01,191.1,15.1,0,97,5,0,24254.82,4,3.29
595,2026-05-01,168.4,8.4,0,102,5,1,11156.54,0,3.64
367,2025-10-01,197.7,13.7,33491.01,88,2,0,8858.79,4,3.5
804,2026-02-01,165.8,5.8,16039.7,46,2,0,7570.14,12,
124,2026-01-01,165.6,5.6,0,0,4,2,6771.31,2,4.29
50,2025-10-01,194.7,10.7,0,0,4,0,7997.8,8,2.81
720,2026-05-01,178,10,0,170,6,0,13874.37,2,4.78
131,2026-05-01,177.3,9.3,0,0,3,0,6832.6,0,2.83
85,2025-10-01,194.7,10.7,33013.61,83,3,0,15084.75,6,3.77
321,2025-10-01,183.2,7.2,0,0,4,1,8370.1,4,3.77
4,2026-07-01,174.7,6.7,0,0,7,2,8604.91,8,4.8
1003,2025-10-01,195.1,11.1,0,119,4,0,10363.23,8,2.98
626,2026-01-01,171.3,3.3,17438.75,68,2,1,8721.14,6,4.14
552,2026-02-01,154.2,2.2,0,0,4,1,9023.76,8,3.71
187,2025-09-01,105.6,0,0,0,3,0,5723.83,6,3.86
1328,2026-05-01,100.8,0,0,0,3,0,4056.5,8,3.82
1073,2025-09-01,175,7,0,0,5,1,11267.75,8,3.75
1407,2025-12-01,205.1,21.1,0,162,3,0,15593.91,8,3.13
1273,2026-02-01,158.5,6.5,0,61,4,1,12037.91,12,3.19
1095,2026-06-01,175.8,7.8,30538.05,92,3,1,6848.19,0,4.74
691,2026-02-01,162.9,2.9,0,0,4,0,11172.18,4,3.44
973,2026-03-01,179.9,3.9,25459.94,64,2,0,8702.11,6,3.34
247,2025-12-01,204.1,20.1,0,0,5,0,9166.14,0,2.87
646,2025-09-01,105.6,0,0,0,2,0,4229.33,4,3.1
386,2026-07-01,157.6,5.6,0,0,5,4,9508.15,8,3.75
615,2026-03-01,163.7,11.7,0,0,4,3,10681.02,10,3.82
1155,2026-06-01,175.2,7.2,0,74,4,1,8974.91,8,2.43
95,2026-02-01,145.2,1.2,0,0,3,2,6173.62,6,3.28
973,2026-01-01,179.6,3.6,14165.18,53,2,0,8680.25,6,
756,2025-11-01,169.4,9.4,0,0,5,0,9344.63,4,3.34
851,2025-10-01,172.7,12.7,0,158,5,3,14624.09,2,4.46
557,2026-07-01,185.9,1.9,26678.75,78,2,0,10602.51,6,3.71
461,2026-08-01,172.6,4.6,0,0,5,0,10560.81,8,3.92
1007,2026-05-01,162.8,2.8,23424.37,77,1,1,9590.38,2,3.78
673,2026-03-01,105.6,0,13238.33,47,2,0,5225.67,10,3.84
278,2025-12-01,192.5,16.5,0,0,7,1,12803.42,2,3.81
974,2026-03-01,105.6,0,0,88,3,0,7004.83,4,4.35
558,2025-09-01,185.6,9.6,0,0,4,0,10207.46,8,2.81
678,2026-03-01,100.8,0,17291.65,52,1,1,6771,4,3.92
1490,2026-07-01,196,12,0,88,5,0,13309.81,0,3.24
629,2026-04-01,176.6,8.6,0,75,2,1,10235.13,6,2.2
1134,2026-04-01,182.7,6.7,21902.45,71,2,0,7282.43,0,2.99
106,2026-06-01,186.1,10.1,0,116,6,0,12227.13,4,3.5
1245,2025-11-01,159.2,15.2,13447.69,47,1,2,9134.16,4,1.83
115,2026-03-01,180.6,4.6,29536.81,86,2,0,10433.95,4,
740,2026-02-01,167.6,7.6,0,73,5,0,11149.54,8,3.34
472,2026-03-01,182.5,6.5,22746.36,81,3,0,8461.97,6,3.51
408,2026-01-01,182.8,6.8,0,0,4,0,8601.18,2,3.75
471,2026-01-01,183.6,7.6,19993.44,57,3,0,9903.48,8,3.59
310,2026-06-01,186.5,10.5,0,0,5,0,11700.44,0,3.8
639,2026-07-01,177.8,1.8,0,0,4,1,8993.1,6,4.01
160,2026-02-01,167.2,7.2,0,92,5,0,9082.73,10,4.18
1152,2025-11-01,174.6,14.6,0,187,7,0,12710.82,2,4.3
1285,2026-02-01,166,6,0,0,6,0,9806.9,4,4.38
1185,2025-11-01,177.3,17.3,32991.15,99,2,0,10028.93,8,3.75
549,2026-03-01,178.9,10.9,0,83,2,1,8435.44,10,2.4
1179,2026-01-01,174.9,6.9,19017.85,63,2,1,10094.99,4,3.8
173,2026-06-01,179.2,11.2,23648.6,88,2,1,9144.68,4,3.35
474,2026-02-01,147.4,3.4,0,64,5,2,10214.62,10,3.42
440,2025-11-01,96,0,0,0,2,0,5368,8,2.98
1052,2026-03-01,186.2,10.2,0,0,4,0,8895.51,8,2.85
670,2025-10-01,191.1,7.1,24271.77,84,3,0,9349.54,0,3.1
731,2026-08-01,176,8,18789.08,61,3,0,9359.51,2,
660,2026-08-01,147.2,3.2,0,0,3,3,8640.67,2,3.85
517,2025-12-01,200.6,16.6,0,0,3,0,15150.17,2,2.32
516,2026-04-01,173.8,5.8,0,0,2,1,5829.62,4,2.31
1322,2026-01-01,179.9,3.9,0,90,5,0,13116.22,2,3.24
423,2026-01-01,183.4,7.4,0,100,6,0,11304.52,2,3.52
602,2025-09-01,163.1,3.1,0,0,4,2,6566.39,8,4.53
610,2026-06-01,178.4,2.4,0,0,4,0,8084.32,0,3.54
163,2025-11-01,148.3,20.3,0,97,3,4,15801.44,4,3.09
4,2026-05-01,149.7,5.7,0,0,5,3,8534.53,6,4.53
202,2026-01-01,160.7,0.7,0,0,3,2,7885.98,0,2.97
1190,2025-12-01,203.7,19.7,0,0,5,0,13363.57,6,3.04
351,2026-02-01,167.5,7.5,0,107,6,0,11292.06,8,4.29
817,2026-02-01,160.7,0.7,13986.24,47,2,0,9512.28,,3.45
1149,2026-01-01,164.7,4.7,12289.44,34,1,2,7236.84,0,2.46
590,2026-05-01,167.6,7.6,0,0,4,1,6121.96,4,3.39
904,2026-01-01,105.6,0,0,0,2,0,5225.67,4,3.3
948,2025-11-01,175.6,15.6,18174.42,69,1,0,9242.87,6,2.52
720,2026-03-01,179.9,11.9,0,158,4,1,14084.33,12,4.53
801,2026-05-01,96,0,9200.36,33,1,1,4554.67,4,2.8
33,2026-05-01,178.5,18.5,0,84,4,1,8138.07,4,2.54
1105,2026-07-01,110.4,0,0,67,2,0,6577.83,8,
794,2026-01-01,178.2,2.2,0,0,7,0,10598.51,2,4.08
124,2025-09-01,157.9,5.9,0,0,4,3,6788.08,2,4.47
1196,2026-02-01,160,0,15047.92,47,2,0,8936.5,8,3.26
1146,2026-07-01,188.4,4.4,0,0,3,0,9445.63,8,3.36
852,2026-08-01,163.7,3.7,20794.53,58,2,1,10922.38,2,2.83
794,2025-11-01,165.3,13.3,0,0,4,1,11597.56,2,4.19
1107,2025-09-01,182.3,6.3,0,0,4,0,8898.38,2,3.08
1435,2026-04-01,181.5,5.5,0,0,4,0,7316.94,6,3.24
1486,2026-02-01,152,0,0,0,4,1,7940.17,4,2.8
235,2026-08-01,175.8,7.8,0,0,4,0,11590.91,8,3.68
711,2025-09-01,188.1,12.1,0,110,5,0,13455.02,2,3.37
144,2025-09-01,105.6,0,0,0,2,0,4432.67,6,2.64
1164,2026-01-01,174.5,6.5,0,0,4,1,7001.53,4,4.07
1366,2026-03-01,181.3,5.3,0,0,3,0,8366.92,8,3.42
1264,2026-08-01,171.7,3.7,0,0,3,0,8016.04,0,3.36
103,2025-09-01,187.8,11.8,0,119,5,0,11731.47,4,3.49
1206,2026-08-01,174.7,6.7,0,0,5,0,12068.39,0,3.93
1018,2025-10-01,186.2,10.2,0,0,5,1,13055.6,4,3.67
1005,2026-03-01,186.6,10.6,0,0,4,0,8868.31,8,3.47
1254,2025-11-01,174,14,0,0,5,0,8753.97,8,3.42
710,2025-12-01,186.2,18.2,0,171,4,2,16051.44,2,3.32
1480,2026-08-01,160.2,8.2,0,0,4,2,9962.62,8,4.52
610,2026-08-01,50,2,0,0,1,0,2399.88,4,3.12
101,2026-07-01,189.3,5.3,0,0,4,0,7017.76,2,3.32
614,2025-11-01,174.5,14.5,0,0,4,0,9302.66,8,3.15
561,2026-04-01,177.3,1.3,0,0,6,0,8173.43,8,3.85
591,2025-11-01,174.5,14.5,0,0,5,0,8730.54,0,3.51
1217,2026-05-01,174.1,14.1,0,116,4,1,15924.44,4,3.38
1182,2026-04-01,185.6,9.6,0,0,7,0,8599.81,0,4.01
370,2025-09-01,181.2,5.2,20266.98,65,1,0,10082.33,0,2.93
1468,2026-08-01,180.2,12.2,0,0,5,0,7957.94,4,3.44
1164,2025-11-01,149.8,13.8,0,0,4,3,7420.28,2,3.86
1415,2026-01-01,165.3,5.3,0,0,4,2,7347.38,4,3.07
954,2026-08-01,155.3,3.3,0,0,5,2,9181.25,6,3.51
987,2025-10-01,189.4,13.4,25059.85,68,2,1,7646.94,4,2.93
597,2026-02-01,163.6,3.6,21852.74,67,3,0,6080.37,12,4.67
1164,2026-05-01,179,11,0,0,7,0,7259.66,6,4.49
1454,2026-07-01,173.3,5.3,0,88,5,2,13429.43,6,3.54
695,2026-02-01,165.5,5.5,18124.75,56,2,0,6752.46,8,3.66
1175,2025-10-01,169.9,9.9,21793.38,71,1,3,9293.72,2,2.87
709,2025-11-01,177.3,17.3,20378.04,66,2,0,10660.13,0,2.51
870,2026-04-01,181.9,5.9,0,0,7,0,8390.94,0,4.18
187,2026-02-01,91.2,0,0,0,2,1,5723.83,12,3.71
1101,2026-08-01,100.8,0,10910.67,32,1,0,4524.17,2,3.1
409,2026-02-01,158.5,6.5,16811.36,54,2,1,8010.95,8,3.41
1209,2026-04-01,185.4,9.4,0,0,4,0,7317.11,4,2.38
14,2026-08-01,176.1,8.1,0,83,4,0,11205.69,4,2.95
648,2026-01-01,100.8,0,0,0,3,1,4361.5,8,3.7
1348,2026-07-01,50.1,2.1,0,0,2,0,2910.69,4,
941,2025-12-01,190.7,14.7,0,0,4,1,7002.05,4,3.8
1102,2025-09-01,162.9,2.9,0,0,5,2,7389.06,8,3.98
1144,2026-02-01,152.5,8.5,0,0,3,2,14614.52,10,2.66
847,2026-08-01,177.4,9.4,0,124,6,0,11653.31,0,
879,2026-02-01,159.5,7.5,0,91,4,1,13760.51,8,3.54
937,2026-05-01,153.9,9.9,0,0,5,3,7847.79,4,4.18
102,2026-04-01,183.7,7.7,0,0,4,0,13793.72,8,3.56
1269,2026-05-01,179.7,11.7,0,146,4,0,13804.72,0,4.43
392,2026-04-01,165.2,5.2,0,0,3,2,8127.49,0,3.45
1414,2025-09-01,178.5,10.5,21873.71,64,2,1,9094.18,4,3.24
132,2026-05-01,147.3,3.3,23782.39,68,3,3,7351.27,8,3.96
870,2026-03-01,173.6,5.6,0,0,5,1,8370.22,4,4.27
539,2025-12-01,200.6,16.6,46429.97,134,3,0,12580.57,0,3.76
141,2026-01-01,180.6,4.6,0,73,4,0,10181.45,2,3.24
19,2026-05-01,164.8,4.8,0,0,3,1,5400.38,8,3.3
993,2025-10-01,182.8,14.8,0,111,4,2,11227.94,6,3.15
1144,2025-09-01,184.5,8.5,0,0,1,0,14614.52,10,3.1
1205,2025-12-01,204,20,45539.1,133,2,0,8181.43,4,4.19
585,2025-09-01,184.7,8.7,0,0,4,0,12036.24,8,3.49
394,2026-06-01,178.2,10.2,0,0,4,1,8541.46,6,4
298,2025-09-01,181.1,5.1,20910.09,65,3,0,9277.83,4,3.23
361,2026-05-01,174.9,14.9,17400.11,64,1,1,7139.05,6,3
1130,2025-09-01,182.7,14.7,0,0,4,1,11815.24,2,3.06
689,2025-09-01,171.5,11.5,0,0,6,2,7791.38,2,3.61
120,2026-06-01,183.7,7.7,28161.62,68,1,0,8566.85,8,3.49
1372,2025-12-01,206.4,22.4,0,157,4,0,15305.31,4,2.58
1278,2026-06-01,182.9,6.9,0,0,5,0,8651.31,4,3.11
1316,2026-01-01,178.9,2.9,0,0,5,0,6116.41,2,3.48
1269,2026-07-01,196.1,12.1,0,156,6,0,13848.11,8,4.56
596,2026-01-01,174,6,0,75,5,1,13015.27,0,3.37
224,2026-01-01,179.5,3.5,0,78,3,0,12192.43,4,3.54
305,2026-02-01,150.6,6.6,0,0,3,2,9930.54,12,3.55
613,2025-12-01,207.1,23.1,0,0,7,0,8978.48,0,3.64
1293,2026-01-01,153.5,1.5,17616.27,42,2,3,11256.41,6,3.46
1054,2026-06-01,165.2,5.2,23849.5,58,2,2,10581.67,6,2.97
1427,2026-06-01,179.3,11.3,0,0,4,1,14497.94,0,2.83
503,2026-03-01,187.1,11.1,33555.82,98,3,0,11499.84,6,3.9
536,2025-12-01,110.4,0,0,99,4,0,7533.5,0,3.84
305,2025-09-01,173.9,5.9,0,0,5,1,9873.64,2,3.46
691,2026-05-01,160.3,8.3,0,0,5,2,11681.48,6,3.62
631,2026-01-01,105.6,0,12859.18,37,2,0,5042.67,2,3.7
420,2026-07-01,183.9,7.9,0,0,5,1,9351.94,0,
493,2026-04-01,164.9,4.9,22276.63,66,1,2,7005.13,8,3.82
17,2025-12-01,207.7,23.7,0,0,8,0,6125.91,6,4.86
1145,2026-02-01,161.7,1.7,23130.86,73,2,0,11884.3,4,4.14
40,2026-07-01,180.8,4.8,0,64,4,1,9000.63,2,2.49
1118,2026-02-01,163.7,3.7,0,0,6,0,9233.13,12,4.16
1085,2026-01-01,105.6,0,9831.79,28,1,0,5174.83,0,3.03
409,2025-10-01,186.9,2.9,28739.63,93,3,0,7774.67,6,3.54
1422,2026-05-01,180.2,12.2,0,0,7,0,8295.14,6,4.4
1365,2026-06-01,173.5,5.5,23360.18,76,2,1,9606.81,8,3.53
1218,2026-02-01,163,3,15913.86,56,2,0,6759.03,12,3.25
876,2025-11-01,173.1,13.1,37274.43,101,3,0,9994.87,2,
828,2026-02-01,167,7,16497.49,56,1,0,7882.03,8,3.35
252,2026-08-01,161.8,9.8,0,0,3,2,7179.8,8,3.2
201,2025-11-01,176.4,16.4,0,172,8,0,17530.42,6,4.69
1431,2025-10-01,178.4,10.4,0,0,5,2,8555.05,6,4.09
1454,2026-04-01,153.7,9.7,0,92,3,4,13918.36,2,3.45
162,2026-03-01,174.2,6.2,0,0,5,1,11344.16,12,3.72
124,2026-07-01,155.4,3.4,0,0,4,4,6648.36,2,4.38
1287,2025-11-01,176.6,16.6,0,131,5,0,13650.27,4,3.45
1102,2026-05-01,166.5,6.5,0,0,4,1,7613.63,0,4.48
939,2026-05-01,171.1,11.1,0,0,4,1,15522.55,6,3.33
290,2026-07-01,105.6,0,0,0,3,1,6069.5,4,4.33
696,2026-07-01,168,0,0,0,7,2,10766.5,,
782,2026-02-01,162.4,10.4,20019.51,61,2,1,7158.76,6,3.53
249,2026-08-01,100.8,0,0,53,2,0,5754.33,6,3.48
1496,2025-11-01,165.2,13.2,0,142,3,1,15576.02,0,3.75
35,2026-06-01,188.2,12.2,0,0,5,0,12476.44,6,4.08
1009,2026-07-01,186.1,2.1,0,0,5,0,8922.93,2,3.34
1230,2025-09-01,182.2,6.2,0,0,4,0,5998.8,8,3.12
793,2026-07-01,169.8,9.8,0,82,3,3,12958.93,6,3.08
50,2026-03-01,184.8,8.8,0,0,2,0,7877.45,6,2.64
861,2025-11-01,176.7,16.7,0,0,6,0,8843.32,0,4.23
1145,2026-01-01,180.6,4.6,23707.89,62,2,0,12178.23,4,4.48
1319,2026-06-01,105.6,0,0,0,3,0,4961.33,4,3.08
1072,2026-06-01,169.6,9.6,0,0,3,2,9747.69,2,3.34
1261,2026-06-01,188.7,12.7,0,0,8,0,8519.44,0,
781,2025-12-01,200.6,16.6,0,0,3,0,14313.02,4,2.93
723,2026-08-01,174.8,6.8,0,0,5,0,8547.36,2,3.22
58,2026-05-01,175.4,7.4,0,0,6,0,5517.04,0,4.82
635,2026-01-01,170.6,2.6,13467.18,50,2,1,8154.44,6,2.94
990,2026-08-01,168.5,8.5,0,0,4,1,9517.45,0,2.83
395,2025-12-01,110.4,0,0,84,3,0,7259,0,3.14
738,2025-11-01,175.6,15.6,27141.96,93,2,0,6773.49,0,3.55
273,2026-03-01,181.4,13.4,0,114,3,1,12963.95,4,3.66
929,2026-05-01,170.1,2.1,19412.79,54,2,0,7898.14,8,2.87
746,2026-07-01,197.7,13.7,0,161,5,0,10710.19,4,4.68
1305,2026-08-01,155.3,3.3,25730.16,76,2,2,8794.34,0,
958,2025-09-01,176.5,8.5,0,0,4,1,7356.38,0,3.93
1217,2025-11-01,178.2,18.2,0,152,4,0,16428.01,4,3.29
323,2026-08-01,155.9,3.9,23443.93,58,2,2,7272.78,0,
257,2026-04-01,185.9,9.9,0,0,5,0,8068.54,4,2.79
211,2025-11-01,182.2,22.2,0,177,6,0,10282,6,4.2
733,2025-11-01,150.5,14.5,0,97,4,3,15275.59,8,3
231,2026-03-01,187.6,11.6,26437.53,74,2,0,9363.72,8,3.2
90,2026-06-01,186.5,10.5,22348.66,62,1,0,11356.64,8,3.03
62,2026-06-01,190.8,14.8,0,0,4,0,26229.1,4,3.85
1083,2026-04-01,178.6,2.6,0,0,3,0,8160.4,8,2.54
1184,2025-12-01,196.1,12.1,0,0,4,0,9535.32,2,4.03
173,2026-03-01,182.8,6.8,22929.93,64,2,0,8827.25,4,3.24
969,2025-12-01,199,15,40688.36,112,2,0,11026.92,2,3.56
1493,2026-03-01,184.4,8.4,0,0,6,0,8997.21,8,4.12
66,2026-07-01,177.9,1.9,0,0,3,1,12214.59,0,2.22
523,2025-10-01,193.5,9.5,0,114,3,0,18176.1,8,2.7
155,2026-04-01,170.3,10.3,0,0,3,2,7762.08,4,3.06
660,2025-09-01,181.5,5.5,0,0,3,0,8808.01,4,3.84
1344,2026-05-01,175.2,7.2,0,0,5,0,9644.51,4,3.59
495,2026-01-01,172.3,4.3,0,0,3,1,10597.71,2,2.82
747,2026-07-01,185,1,0,0,6,0,8008.88,6,3.65
559,2026-02-01,165.2,5.2,0,73,3,0,12069.05,8,3.41
463,2026-01-01,175.8,7.8,0,104,7,1,14141.35,2,4.46
901,2026-04-01,179.9,11.9,0,90,4,1,9879.21,4,
754,2026-06-01,182.6,6.6,0,0,6,0,8920.29,0,3.79
357,2025-11-01,158.9,14.9,0,0,2,2,7425.99,2,2.38
541,2026-03-01,167.9,7.9,0,0,4,2,8265.76,12,2.81
395,2025-09-01,105.6,0,0,53,2,0,7259,14,3.42
962,2025-11-01,168.2,8.2,27353.43,74,2,0,8906.47,8,3.45
43,2025-09-01,167.7,7.7,0,0,5,2,6723.35,4,3.45
544,2025-11-01,174.2,14.2,0,0,5,0,10103.15,2,3.32
63,2026-04-01,186.5,10.5,0,0,6,0,30609.68,8,3.73
1052,2026-05-01,175.2,7.2,0,0,5,0,8683.3,4,3.4
622,2026-05-01,178.8,10.8,32068.06,104,3,0,9060.24,4,4.28
1215,2025-09-01,176,8,25762.68,73,2,1,8207.24,2,3.15
443,2026-05-01,173.4,13.4,34973.54,90,3,1,12514.21,8,4.15
1042,2025-09-01,186.3,10.3,19425.02,63,2,0,12589.85,6,3.07
834,2025-09-01,164.2,4.2,0,0,2,2,10430.82,2,2.25
1477,2026-06-01,182.2,6.2,0,0,5,0,10026.57,0,3.8
288,2026-01-01,172.5,4.5,0,0,5,1,11492.09,2,4.68
164,2025-09-01,174.8,6.8,0,0,5,1,9139.43,8,
413,2025-09-01,178.4,10.4,22146.08,77,2,1,9231.03,0,3.34
1334,2026-02-01,146.3,10.3,0,85,5,3,13508.9,4,3.81
541,2025-09-01,163.2,3.2,0,0,3,2,7951.08,4,3.01
629,2026-06-01,193.1,17.1,0,83,2,0,10935.86,6,2.22
307,2026-06-01,171.7,11.7,20410.65,64,2,2,8117.13,4,3.29
366,2026-08-01,167.6,7.6,21588,68,1,1,8711.6,4,3.28
1011,2026-01-01,181.4,5.4,0,83,4,0,14291.89,8,3.79
956,2026-08-01,180.4,12.4,0,0,7,0,9951.74,8,4.37
647,2025-10-01,179.5,11.5,0,0,4,2,9501.68,6,3.49
180,2026-02-01,167.2,7.2,0,69,4,0,9439.31,8,3.07
542,2026-04-01,182.7,6.7,0,0,4,0,10551.77,6,2.8
261,2026-02-01,76.8,0,10592.72,28,1,4,5083.33,4,4
95,2026-04-01,187.2,11.2,0,0,5,0,6702.38,2,3.37
1348,2025-10-01,177.2,9.2,0,0,5,2,11261.47,4,4.09
446,2026-03-01,175.1,7.1,0,0,4,1,8935.22,4,3.43
841,2025-10-01,182.2,6.2,28254.54,78,3,1,7648.47,0,3.48
772,2025-11-01,158.3,14.3,0,103,4,2,16451.7,2,3.1
1490,2026-01-01,182.8,6.8,0,67,5,0,12767.21,6,2.85
526,2026-06-01,177.9,9.9,0,0,5,1,7439.39,4,4.76
631,2025-09-01,96,0,10318.88,34,1,2,5042.67,6,
1342,2026-05-01,173.7,5.7,26546.76,56,1,0,9633.35,2,3.04
411,2025-11-01,176.4,16.4,0,0,3,0,9810.07,6,3.25
521,2026-03-01,187.9,11.9,0,0,5,0,11023.01,12,3.59
555,2025-09-01,100.8,0,13226.6,34,1,1,3863.33,4,3.52
1153,2025-09-01,185.9,9.9,0,132,4,0,13013.42,0,3.67
557,2026-04-01,177.5,9.5,23362.53,79,3,1,11288.55,8,3.76
161,2025-11-01,182.1,22.1,25769.56,81,3,0,9046.95,2,3.34
1010,2026-06-01,105.6,0,0,0,3,0,6354.17,4,3.91
545,2025-11-01,169.2,9.2,0,0,6,0,12699.34,8,4.1
1082,2026-05-01,176.2,16.2,0,80,2,1,12797.52,8,2.4
1187,2026-04-01,171.8,3.8,22899.28,65,2,1,7273.23,0,3.35
1213,2026-01-01,178.6,2.6,0,0,4,0,9657.34,8,3.69
720,2025-11-01,180.2,20.2,0,149,4,0,15001.51,10,4.44
1,2026-06-01,190.1,14.1,0,0,4,0,5133.24,8,3.78
1193,2026-08-01,100.8,0,14408.51,48,1,0,4097.17,0,
1093,2025-10-01,197.6,13.6,0,126,3,0,11484.29,,3.17
1223,2025-09-01,174.6,6.6,0,0,3,1,8920.29,6,3.31
765,2026-07-01,178.9,2.9,20150.06,69,3,1,8160.28,8,3.71
139,2025-10-01,189.5,5.5,0,0,6,0,10213.89,4,3.97
855,2026-06-01,179.4,11.4,0,118,4,1,15648.68,2,3.2
422,2026-03-01,175.7,7.7,0,0,5,1,9195.81,12,3.65
1319,2026-04-01,100.8,0,0,0,2,1,4961.33,,2.44
274,2026-06-01,178.4,10.4,0,0,4,1,10416.77,2,3.51
434,2026-06-01,185.3,9.3,0,0,8,0,10347.76,4,4.91
674,2025-09-01,168,8,0,0,4,2,10500.92,2,4.33
718,2025-12-01,110.4,0,25821.52,69,1,0,6171.17,4,3.6
346,2025-10-01,194.1,10.1,0,0,5,0,11276.38,4,3.53
1014,2026-04-01,60.9,4.9,0,37,1,0,4432.14,4,3.73
533,2026-03-01,105.6,0,0,0,2,0,4849.5,10,3.58
831,2025-11-01,167.7,15.7,0,0,4,1,11455.58,6,3.23
783,2026-02-01,144,0,0,0,3,2,11712,8,
1051,2025-09-01,184.2,8.2,0,0,3,0,8808.48,2,
929,2026-08-01,177.7,9.7,18255.01,48,2,0,8408.32,2,2.82
880,2026-08-01,173.2,5.2,0,0,4,0,7925.63,4,
756,2026-03-01,184,8,0,0,3,0,9239.94,4,3.23
493,2025-10-01,197.9,13.9,25328.32,85,3,0,7528.53,2,3.62
232,2026-01-01,176,0,0,0,5,0,6628.67,0,3.87
349,2026-05-01,168.4,8.4,0,0,5,1,9498.87,4,3.52
505,2026-05-01,155,3,0,0,3,2,8240.18,6,3.33
140,2026-07-01,187.2,3.2,0,0,6,0,8348.12,4,3.26
435,2026-04-01,153.4,9.4,0,91,2,4,16369.6,4,3.23
951,2025-10-01,192.4,8.4,27704.09,74,2,0,7655.8,0,3.19
638,2025-09-01,186.2,10.2,0,131,3,0,7518.13,2,3.67
386,2025-11-01,170.4,10.4,0,0,5,0,9884.85,6,
1422,2026-07-01,192.3,8.3,0,0,4,0,8041.92,6,4.59
30,2025-10-01,182.3,6.3,41128,100,3,1,7611.87,2,4.32
502,2026-06-01,158.2,6.2,0,0,5,3,10979.95,2,4.13
235,2026-01-01,179.7,3.7,0,0,5,0,11205.66,2,4.18
237,2026-08-01,173.5,5.5,0,0,4,0,9031.68,8,2.89
959,2026-01-01,168.8,0.8,0,0,4,1,11874.98,8,2.7
216,2026-01-01,179.5,3.5,0,0,4,0,9112.9,2,
722,2025-11-01,177.3,17.3,0,128,6,0,20046.18,8,3.52
510,2026-01-01,165,5,19392.8,54,2,2,6756.39,2,4.02
1034,2026-03-01,172.5,4.5,26731.53,98,2,1,6295.3,4,
35,2025-12-01,198,14,0,0,6,0,12652.22,0,4.08
1002,2026-06-01,187.9,11.9,0,0,5,0,7557.99,2,3.97
1460,2026-06-01,184.7,8.7,0,78,3,0,13435.55,8,2.43
213,2025-09-01,167.5,7.5,0,63,4,2,10371.81,2,2.31
1449,2026-03-01,162.5,2.5,0,0,5,2,10199.66,6,4.27
781,2025-11-01,171,11,0,0,4,0,13706.51,8,2.91
1234,2026-04-01,169,9,20920.16,69,3,2,10246.19,2,3.46
19,2026-06-01,160.3,8.3,0,0,5,3,5557.42,4,3.47
374,2026-07-01,184.1,8.1,0,0,6,1,9258.29,6,4
1076,2025-10-01,196,12,25454.36,75,2,0,9830.85,0,2.7
326,2025-09-01,185.3,9.3,34719.2,86,2,0,10512.54,6,4.08
1466,2025-10-01,190,6,0,0,4,0,7785.63,4,3.44
1500,2026-04-01,178.1,2.1,0,0,6,0,12494.17,2,3.91
757,2026-01-01,176,0,0,0,4,0,9566.83,6,3.01
679,2026-07-01,179.2,11.2,0,105,5,2,15947.43,8,3.29
962,2026-03-01,148.6,4.6,24113,56,2,0,7135.33,8,3.55
159,2026-03-01,156.2,4.2,0,0,4,3,9377.21,8,3.78
163,2026-06-01,187.7,11.7,0,144,4,0,14801.17,6,3.52
1134,2025-10-01,185.3,9.3,24005.73,57,1,1,7437.31,2,2.72
1458,2026-02-01,162.7,2.7,0,0,4,0,14742.77,8,4.07
405,2026-03-01,174.6,6.6,0,0,6,1,11886.56,8,4.29
925,2025-09-01,173.8,5.8,23985.56,80,3,1,8007.72,8,
395,2026-04-01,91.2,0,0,41,2,3,7259,8,2.94
1345,2026-08-01,158.6,6.6,0,0,4,2,8382.92,8,3.27
134,2025-11-01,178.9,18.9,0,129,3,0,13189.9,8,3.16
711,2025-11-01,175.8,15.8,0,153,3,0,13845,6,3.42
1429,2026-01-01,177.2,9.2,0,100,5,1,10811.45,8,3.79
1464,2026-07-01,187.1,11.1,0,95,5,1,9638.91,6,3.59
1289,2025-12-01,199.2,23.2,0,138,5,1,11797.56,2,3.1
812,2026-02-01,143.7,7.7,0,81,5,3,13218.98,4,3.52
1349,2026-03-01,169,9,0,89,3,2,10651.66,4,3.13
949,2025-10-01,191.4,7.4,0,0,5,0,6036.29,6,4.06
281,2025-10-01,189.5,13.5,0,0,3,1,9787.5,2,2.51
465,2026-01-01,105.6,0,10678.11,32,1,0,5256.17,0,3.24
689,2026-01-01,179,3,0,0,4,0,7270.13,0,3.8
322,2025-11-01,158.8,14.8,28153.7,88,1,2,12225.72,0,3.25
389,2026-05-01,162.5,10.5,0,123,3,2,17378.76,0,3.47
1406,2026-08-01,96,0,0,0,3,1,6771,2,3.7
861,2026-02-01,154.7,2.7,0,0,5,1,7907.2,12,4.62
696,2025-12-01,192.5,16.5,0,0,8,1,12303.83,4,4.47
1068,2026-06-01,175.1,7.1,26371.04,81,3,1,11028.74,8,3.54
39,2026-08-01,175.6,7.6,0,0,5,0,8126.49,6,3.11
1050,2026-04-01,187,11,0,108,4,0,13706.51,8,3.68
209,2025-12-01,202.7,18.7,0,0,4,0,11044.13,4,2.84
568,2026-07-01,188.7,4.7,18319.95,52,2,0,7670.63,4,2.89
1344,2026-02-01,161,1,0,0,3,0,9157.4,6,3.46
554,2026-07-01,191.3,7.3,24932.08,62,3,0,10257.67,2,3.6
818,2026-03-01,105.6,0,12645.96,38,1,0,5622.17,6,3.14
562,2026-02-01,96,0,0,0,3,0,5408.67,4,3.78
206,2026-08-01,100.8,0,0,0,3,0,4148,4,4.16
292,2026-03-01,184.3,8.3,0,0,7,0,6908.64,10,4.98
326,2026-03-01,189.9,13.9,37402.38,85,4,0,10899.85,6,4.17
1420,2026-01-01,164.5,4.5,0,0,2,2,11249.15,10,3.71
674,2026-06-01,168.7,8.7,0,0,4,2,10560.41,8,4.48
931,2026-08-01,181.2,13.2,0,105,5,0,14454.54,6,
419,2026-03-01,160.9,0.9,0,0,3,2,7510.21,4,3.42
1494,2026-03-01,185.7,9.7,18084.64,61,2,0,9091.57,4,2.58
414,2025-09-01,178.9,2.9,0,0,3,0,5749.08,6,2.87
219,2026-05-01,159.4,7.4,0,0,4,2,8167.38,2,3.58
595,2025-12-01,193,25,0,182,6,2,12650.61,0,3.34
75,2025-10-01,178.4,2.4,21801.34,70,1,1,10927.84,0,2.75
975,2025-09-01,178.6,10.6,0,0,5,1,8635.23,2,2.99
423,2026-05-01,182.4,14.4,0,118,3,0,11948.1,6,3.59
1407,2025-09-01,185.3,9.3,0,109,5,0,14247.4,0,3.27
468,2026-05-01,177.2,9.2,0,0,6,0,9066.25,0,3.38
254,2025-10-01,110.4,0,0,0,3,0,4646.17,8,3.77
841,2025-12-01,198.6,14.6,39077.12,106,2,0,8176.15,4,3.61
1443,2025-11-01,166.8,14.8,0,140,4,1,11675.22,6,4.37
1124,2025-11-01,152.4,16.4,25745.03,92,1,3,10506.64,4,3.62
921,2025-12-01,198.3,14.3,0,0,5,0,10430.83,4,2.98
1223,2026-08-01,172.1,4.1,0,0,6,0,8737.73,0,3.68
274,2026-08-01,161.9,9.9,0,0,4,2,10375.42,2,3.2
1064,2026-06-01,185.1,9.1,0,0,6,0,10484.73,4,3.35
1272,2026-06-01,190.8,14.8,0,0,4,0,8899.77,6,3.88
1235,2026-06-01,186.9,10.9,0,0,5,0,10992.15,0,3.82
808,2026-05-01,100.8,0,0,0,2,0,4188.67,8,3.3
1459,2026-02-01,154.6,2.6,0,0,2,1,7910.91,8,2.88
782,2026-06-01,184.7,8.7,25371.01,78,2,0,7062.14,8,3.77
738,2025-12-01,197.4,13.4,31992.02,104,2,0,6659.87,0,
1342,2026-03-01,182.9,6.9,24956.6,68,2,0,9728.68,10,3.08
12,2026-07-01,184.3,0.3,0,0,6,0,10600.78,4,
666,2026-02-01,145.2,9.2,0,76,3,3,11327.32,4,3.65
1272,2026-07-01,188.9,4.9,0,0,5,0,8223.87,8,3.52
604,2026-02-01,167,7,0,93,6,0,13111.56,4,3.66
1166,2026-05-01,181.3,13.3,0,143,5,0,12855.94,0,3.96
821,2025-09-01,187.4,11.4,0,0,5,0,10410.11,0,
14,2026-03-01,189.8,13.8,0,107,4,0,11722.23,6,3.09
202,2025-12-01,203,19,0,0,4,0,9127.33,4,3.19
59,2026-07-01,174.5,6.5,0,0,6,2,7946.52,0,4.3
975,2026-04-01,188.7,12.7,0,0,3,0,8778.97,2,2.93
1492,2026-08-01,167.9,7.9,0,0,5,1,12990.61,0,3.94
1343,2026-01-01,176,0,0,0,5,0,11102,6,3.74
1259,2026-08-01,174.5,6.5,19408.89,60,1,0,10298.26,6,2.79
947,2025-12-01,177,17,0,0,5,3,7732.13,8,3.16
135,2026-01-01,160,0,21360.08,56,3,2,8804.33,8,3.94
91,2026-04-01,186.8,10.8,20735.31,61,2,0,9071.36,4,2.95
487,2026-02-01,163.1,3.1,0,0,4,0,10449.85,6,3.44
912,2026-02-01,146.6,2.6,0,0,3,2,7879.73,8,3.58
898,2026-01-01,182.2,6.2,0,111,6,0,9640.93,6,
726,2025-12-01,201.5,17.5,0,0,5,0,7351.58,8,3.11
950,2026-01-01,178.9,2.9,0,114,7,0,9234.41,8,4.79
1064,2026-04-01,179.5,11.5,0,0,4,1,10686.59,8,2.93
332,2026-01-01,179.4,3.4,0,0,4,0,8613.35,0,4.06
434,2026-07-01,168.1,8.1,0,0,7,3,10248.31,4,
414,2026-05-01,177.4,9.4,0,0,3,0,6064.55,6,2.74
957,2026-05-01,179.1,11.1,29144.7,88,3,0,7688.84,6,3.81
107,2025-12-01,189.5,13.5,40888.02,115,3,1,7902.67,4,3.84
1008,2026-05-01,169.9,9.9,0,0,2,1,13443.89,6,2.31
310,2025-09-01,193.1,17.1,0,0,4,0,12313.05,2,3.21
849,2025-12-01,206.1,22.1,0,160,5,0,11590.27,4,3.37
36,2026-06-01,190.7,14.7,0,106,4,0,12376.78,6,3.01
137,2026-08-01,169.9,9.9,0,0,3,1,10408.53,8,1.73
574,2025-11-01,176,16,0,0,4,0,9136.15,4,3.66
1068,2026-04-01,178.5,10.5,30020.93,64,2,1,11334.45,4,3.63
1373,2025-12-01,201.4,17.4,0,0,4,0,12153.74,6,3.71
65,2026-01-01,168.7,0.7,16896.13,44,2,1,20200.8,2,3.45
651,2026-05-01,177.5,9.5,23805.47,54,2,0,12058.72,0,2.82
239,2026-05-01,180.3,12.3,0,151,5,0,18605.57,6,4.07
1424,2026-01-01,181.4,5.4,0,111,8,0,13961.99,4,
1364,2026-04-01,183.6,7.6,0,0,4,0,7877.28,6,2.97
852,2026-04-01,186.2,10.2,24644.75,69,2,0,11517.7,6,3
948,2026-01-01,171.8,3.8,9638.52,28,1,1,8411.3,4,2.13
1117,2026-07-01,187.9,11.9,0,102,5,1,12323.79,8,3.27
922,2025-10-01,110.4,0,0,0,2,0,5164.67,12,3.39
761,2026-05-01,167.4,7.4,0,0,5,1,6252.64,0,4.33
646,2026-02-01,96,0,0,0,2,0,4229.33,8,3.03
502,2026-01-01,176,0,0,0,6,0,10420.83,2,4.2
563,2026-02-01,169.3,9.3,0,90,3,0,11764.81,4,3.68
404,2026-04-01,166.7,6.7,28769.61,77,3,2,8093.55,8,4.08
341,2026-06-01,184.5,8.5,0,0,5,0,7792.96,4,3.52
500,2026-02-01,163.8,3.8,0,0,2,0,10133.46,10,2.29
1446,2026-03-01,185.8,9.8,23220.12,63,2,0,13587.58,6,2.89
1206,2025-10-01,196.7,12.7,0,0,5,0,12660.67,4,
474,2026-08-01,178.5,10.5,0,118,6,0,10824.29,0,3.43
1207,2025-09-01,169.9,9.9,22868.37,72,3,2,7560.81,8,3.68
25,2026-08-01,176.6,8.6,0,0,3,0,9503.27,6,
36,2026-01-01,167.4,7.4,0,70,2,2,11683.14,6,2.91
768,2026-07-01,184,0,0,0,4,0,8224.83,0,3.33
750,2026-06-01,181.4,5.4,18856.66,70,2,0,7853.62,12,2.98
335,2026-05-01,182.1,14.1,0,106,5,0,9718.93,4,3.39
1244,2026-04-01,100.8,0,0,59,2,1,9861.67,6,3.01
1464,2026-04-01,184.5,8.5,0,112,6,0,9441.05,4,3.75
790,2026-03-01,183.5,7.5,30834.47,84,2,0,7535.26,4,3.98
1336,2026-05-01,96,0,0,0,2,1,4636,4,3.9
294,2026-02-01,154.2,2.2,0,0,2,1,8008.45,12,2.63
971,2026-08-01,100.8,0,0,72,5,0,6669.33,2,4.78
372,2025-09-01,173.5,5.5,0,0,4,1,10320.39,8,4.22
693,2025-09-01,175,7,17405.62,47,2,1,7580.12,10,4.13
586,2026-02-01,166.3,6.3,11663.87,38,2,0,6947.17,6,2.34
665,2026-05-01,158.1,6.1,0,0,4,2,9825.67,8,4.39
397,2026-06-01,186.3,10.3,14129.34,56,1,0,7651.35,0,2.07
81,2026-05-01,168.4,8.4,0,0,4,1,13773.91,6,3.42
615,2026-04-01,153.9,1.9,0,0,4,3,9858.47,2,3.96
778,2026-08-01,100.8,0,11907.08,46,2,0,4991.83,2,3.73
1160,2025-11-01,162.4,10.4,34204.32,103,2,1,6959.29,0,3.89
733,2026-05-01,180.6,12.6,0,98,4,0,15052.42,0,3.18
644,2026-05-01,174.3,14.3,0,96,3,1,8990,0,2.94
240,2026-04-01,175,7,13588.15,39,1,1,7235.08,2,1.84
1397,2025-11-01,171.2,11.2,0,144,4,0,9598.08,0,3.5
1019,2025-10-01,175.7,7.7,31242.18,92,3,2,8133.09,4,4.22
1140,2026-07-01,177.2,1.2,0,0,3,1,7919.9,8,3.35
1104,2026-03-01,178.2,10.2,0,124,5,1,10455.55,4,3.62
1346,2025-10-01,158.9,6.9,16678.07,51,1,4,6787.45,14,3.66
309,2025-11-01,175.4,15.4,33559.32,80,2,0,8929.22,2,3.26
1247,2026-05-01,178.5,10.5,26320.82,82,2,0,9016.55,2,4.22
344,2026-07-01,192.1,8.1,0,0,5,0,10814.04,0,3.52
9,2026-06-01,168.8,8.8,27016.41,77,2,2,11159.72,0,3.62
1406,2026-03-01,100.8,0,0,0,3,1,6771,6,3.99
797,2026-02-01,163.9,3.9,0,74,3,0,12023.2,4,2.65
1077,2025-12-01,204.9,20.9,47000.74,111,3,0,13230.02,0,3.25
921,2026-04-01,171.6,11.6,0,0,4,2,10213.95,4,2.86
625,2025-09-01,167.6,7.6,0,0,6,2,9350.88,0,3.96
1412,2026-04-01,183.9,7.9,0,0,5,0,9558.31,8,3.57
1409,2026-01-01,149.6,5.6,0,0,3,4,8154.41,2,3.34
744,2025-10-01,192.4,8.4,0,0,4,0,5856.36,8,3.87
75,2026-01-01,176.4,0.4,10402.71,32,1,0,10742.56,8,2.27
295,2026-06-01,184.2,16.2,0,108,5,1,14084.23,2,3.22
661,2026-04-01,181.9,5.9,0,0,6,0,8580.66,2,3.9
55,2025-09-01,168.2,8.2,0,86,4,2,4899.65,6,3.33
447,2025-10-01,171.4,11.4,0,0,4,3,9963.33,0,3.05
752,2026-06-01,177.8,9.8,0,0,5,1,7345.23,8,3.29
448,2025-09-01,182.3,6.3,0,0,4,0,8694.69,6,2.43
317,2026-04-01,174.6,6.6,0,0,4,1,11370.69,2,2.54
1159,2026-06-01,171.5,11.5,0,0,3,2,11469.09,6,2.8
1464,2026-05-01,179.6,11.6,0,111,5,0,9676.97,6,3.44
583,2026-01-01,162.8,2.8,21440.36,63,2,2,7736.87,6,4.44
810,2026-05-01,96,0,0,0,4,1,7919.83,8,4.42
1417,2025-12-01,206.4,22.4,0,165,5,0,14443.55,8,2.95
452,2025-10-01,191.7,7.7,0,0,6,0,11462.23,6,4.31
937,2025-09-01,188.9,12.9,0,0,5,0,8035.45,2,4.36
345,2026-02-01,162.3,2.3,0,0,3,0,9674.3,4,3.2
620,2026-04-01,163.7,3.7,0,0,4,2,9296.09,0,3.56
693,2026-08-01,175,7,27498.56,97,2,0,7580.12,0,
1393,2026-01-01,176.1,0.1,22890.17,63,2,0,9188.44,8,3.76
574,2025-12-01,196.4,20.4,0,0,4,1,9441.72,6,3.2
967,2025-11-01,147.1,19.1,0,129,3,4,14844.42,2,4.17
167,2026-06-01,186.2,10.2,0,0,5,0,8464.01,6,3.95
69,2025-11-01,169.8,9.8,0,148,6,0,25079.67,4,4.49
600,2026-01-01,170.5,2.5,0,0,4,1,8008.08,2,3.26
1144,2026-01-01,173.9,5.9,0,0,3,1,14308.22,6,3.12
741,2026-01-01,172.2,4.2,23973.72,73,2,1,6047.77,2,4.39
876,2026-08-01,177.1,9.1,28370.35,62,2,0,9684.12,6,3.54
825,2025-09-01,184.9,8.9,0,108,4,0,16829.68,4,3.55
763,2026-01-01,183.9,7.9,0,99,5,0,13251.29,0,3.51
313,2025-11-01,172.7,12.7,0,0,4,0,7503.87,2,3.33
1422,2025-12-01,204.4,20.4,0,0,9,0,8827.57,4,4.61
849,2026-05-01,184.8,16.8,0,146,4,0,11144.02,0,3.91
363,2026-02-01,140.4,4.4,0,0,4,3,10690.98,12,4.14
1090,2026-02-01,152,0,0,0,4,1,10481.83,12,3.29
374,2025-11-01,164.2,20.2,0,0,3,2,10164.24,8,3.72
459,2026-01-01,91.2,0,0,34,2,3,7980.83,4,2.85
583,2026-08-01,166.8,6.8,22663.31,69,3,1,7998.35,2,4.3
1471,2026-08-01,177.4,9.4,22164.15,77,2,0,7981.42,0,3.69
1101,2025-11-01,96,0,13014.63,35,1,0,4524.17,6,3.07
619,2026-08-01,166.4,6.4,0,100,4,1,11008.72,6,3.83
409,2026-01-01,152,0,16777.34,47,2,3,7584.33,8,3.5
378,2026-07-01,195,11,0,0,4,0,8328.57,4,
584,2026-01-01,183.2,7.2,0,0,5,0,11847.74,4,3.81
1444,2026-01-01,179.5,3.5,18581.86,55,2,0,10684.09,0,3.53
1228,2026-01-01,178.6,2.6,0,0,5,0,8690.57,6,4.38
532,2025-09-01,183.5,7.5,0,0,3,0,11367.85,4,3.44
303,2026-05-01,176.1,8.1,22259.4,63,2,0,9127.74,4,3.21
952,2026-03-01,192.1,16.1,0,128,6,0,21046.6,8,4.24
502,2026-07-01,184.8,8.8,0,0,5,1,11214.42,4,4.15
191,2025-11-01,172.4,12.4,0,0,3,0,7047.28,2,3.41
641,2026-04-01,179,11,34982.01,75,3,1,8840.76,8,4.3
694,2025-10-01,110.4,0,0,72,3,0,5581.5,8,3.42
311,2026-04-01,180.9,12.9,0,0,4,1,8928.28,0,2.85
674,2026-01-01,177.2,1.2,0,0,5,0,9922.99,4,4.45
384,2025-10-01,192.9,16.9,0,147,4,1,10196.85,6,3.42
1205,2026-07-01,163.3,3.3,21343.44,61,2,3,7173.5,0,3.92
864,2026-02-01,148.8,4.8,0,75,4,2,10652.51,10,3.64
1410,2025-11-01,160.6,8.6,29363.96,96,2,1,7165.69,2,3.62
1066,2025-12-01,209,25,0,194,4,0,20280.54,8,3.4
416,2026-08-01,96,0,0,0,3,1,4229.33,6,
1298,2025-11-01,164,12,0,0,4,1,16474.54,6,4.62
644,2026-01-01,172.9,4.9,0,61,4,1,8339.23,8,2.89
873,2026-05-01,169.7,9.7,0,0,4,1,10513.16,4,4.1
814,2025-09-01,183,7,29203.4,77,2,0,5992.26,0,
1127,2026-06-01,184.9,8.9,0,0,4,0,14103.21,0,2.98
1063,2026-04-01,185.9,9.9,0,104,5,0,10960.41,4,3.41
829,2026-06-01,193.1,17.1,0,149,5,0,16339.59,6,3.91
420,2026-06-01,191,15,0,0,8,0,9889.77,2,4.68
634,2026-05-01,179.9,11.9,0,154,7,0,10282.91,2,4.19
787,2026-03-01,158.6,6.6,21831.94,62,1,3,12241.22,6,3.49
1049,2026-01-01,181.9,5.9,0,0,4,0,8441.75,0,3.22
977,2026-05-01,165.5,5.5,20332.57,75,2,1,9212.74,2,3.24
1171,2026-08-01,158.7,6.7,0,0,4,2,16101.94,0,3.8
1072,2026-04-01,169.1,1.1,0,0,5,1,9085.67,0,3.3
1449,2026-05-01,170.9,10.9,0,0,5,1,10925.4,0,4.72
706,2026-06-01,161.2,9.2,0,0,3,0,12715.98,0,3.66
888,2025-12-01,209.2,25.2,0,201,3,0,16445.66,8,3.33
1219,2026-03-01,186.8,10.8,0,71,2,0,17075.5,4,2.37
1169,2026-04-01,188.3,12.3,,67,2,0,9089.05,6,
1169,2026-01-01,181.5,5.5,14757.83,55,2,0,8605.65,0,3.01
314,2026-05-01,96,0,9861.06,31,1,1,5571.33,8,2.89
87,2026-02-01,165.6,5.6,0,0,3,0,13441.45,8,2.61
301,2026-06-01,176.2,8.2,0,0,4,1,8862.92,2,2.87
901,2026-02-01,137.8,9.8,0,65,3,4,9716.44,10,3.3
1074,2025-11-01,181.6,21.6,0,167,7,0,12392.86,4,4.22
991,2026-08-01,175,7,0,0,4,0,10804.1,6,3.34
271,2025-09-01,184.7,8.7,0,155,4,0,11336.59,0,4.1
1200,2025-09-01,177.7,1.7,0,0,4,0,10966.16,4,3.9
434,2025-12-01,201.2,17.2,0,0,5,0,11002.5,4,4.49
514,2026-05-01,184.5,16.5,0,135,5,0,15289.75,2,3.82
293,2025-12-01,110.4,0,0,93,3,0,6882.83,8,3.29
443,2026-01-01,149,5,20690.39,58,2,4,11699.05,4,4.03
162,2026-05-01,157.6,5.6,0,0,5,2,11288.26,0,3.81
964,2025-11-01,175.4,15.4,19184.25,56,2,0,11821.13,0,2.36
1452,2025-12-01,197.3,21.3,0,199,6,1,9716.81,2,3.73
1170,2025-09-01,186.2,10.2,0,0,5,0,8397.63,2,3.29
1198,2026-01-01,176.5,0.5,25891.62,61,2,0,8944.54,6,4.14
308,2025-09-01,174.9,6.9,0,0,4,1,11840.33,6,3.83
86,2025-10-01,188.6,12.6,0,0,4,1,15390.68,4,3.44
340,2026-06-01,170.9,10.9,0,0,5,2,6619.77,0,3.83
209,2026-04-01,179.6,11.6,0,0,4,1,10460.07,2,3.12
1146,2026-03-01,152,0,0,0,4,3,9099.17,4,3.24
1473,2025-12-01,200.1,24.1,0,0,6,1,13454.27,0,3.48
18,2025-09-01,176,8,0,90,3,1,9022.53,6,3.11
213,2026-04-01,183.4,7.4,0,64,2,0,10363.38,4,2.01
1144,2026-08-01,177.3,9.3,0,0,4,0,14708.76,6,3.07
1371,2026-03-01,181.8,5.8,25927.64,64,2,0,10271.23,4,3.32
211,2026-04-01,185.8,9.8,0,135,6,0,9356.47,2,4.34
551,2025-11-01,179,19,0,99,4,0,12633.99,0,2.76
436,2025-10-01,185.6,9.6,0,0,7,1,8379.59,4,4.12
1012,2025-10-01,181,13,0,0,4,2,9998.41,2,3.32
999,2026-07-01,185.8,9.8,0,85,5,1,11072.99,0,3.24
80,2025-11-01,171,11,32630.9,90,3,0,14508.2,4,3.79
1336,2026-02-01,91.2,0,0,0,2,1,4636,10,3.65
1346,2026-04-01,170.1,10.1,27206.27,74,2,2,6964.82,4,3.76
1202,2025-10-01,196.4,12.4,0,144,3,0,10447.08,2,3.26
129,2026-05-01,100.8,0,0,0,3,0,5093.5,8,3.82
1434,2026-07-01,171.3,3.3,0,0,5,2,9223.08,8,3
577,2025-12-01,195.7,19.7,0,0,2,1,9734.11,2,2.57
73,2026-04-01,190.6,14.6,0,0,4,0,15195.72,6,3.01
354,2026-08-01,160.7,8.7,0,91,4,2,10691.59,2,3.38
59,2025-10-01,191.9,7.9,0,0,5,0,8037.67,6,4.44
318,2026-05-01,180,12,22288.56,59,2,0,8977.95,6,3.1
418,2025-09-01,184.3,8.3,0,0,5,0,9774.53,8,3.48
1051,2026-06-01,180.6,4.6,0,0,4,0,8552.24,6,2.81
1012,2026-05-01,160.2,8.2,0,0,3,2,9625.09,8,3.5
1312,2026-02-01,96,0,12296.69,34,2,0,3954.83,12,
715,2025-11-01,163.7,11.7,0,0,6,1,12573.15,6,4.75
1298,2026-03-01,160.7,0.7,0,0,5,2,15015.08,4,4.42
903,2026-07-01,183.6,7.6,0,0,4,1,8278.18,8,3.64
732,2025-11-01,172,12,0,0,5,0,7828.11,8,3.31
406,2026-03-01,178.8,2.8,0,0,3,0,8927.88,12,3.34
333,2026-03-01,182.1,14.1,0,131,5,1,18036.14,10,3.63
1184,2025-09-01,171.3,11.3,0,0,4,2,9475.56,,3.66
1389,2025-09-01,105.6,0,0,55,2,0,9170.33,2,2.73
818,2026-01-01,105.6,0,10198.17,30,1,0,5622.17,2,2.93
715,2026-04-01,171.3,11.3,0,0,6,2,12533.63,0,4.66
1157,2025-09-01,175.2,7.2,0,0,2,1,11977.34,4,2.62
1410,2025-10-01,181.2,5.2,26832.28,73,2,1,6969.45,2,3.41
15,2025-11-01,179.6,19.6,0,174,4,0,4994.26,6,4.33
716,2026-07-01,192.1,8.1,0,0,4,0,8616.41,8,3.54
538,2026-05-01,174.1,6.1,0,0,3,0,9504.57,8,3.16
1366,2026-07-01,180.9,4.9,0,0,4,1,8339.23,0,3.76
1231,2025-10-01,197.9,13.9,0,0,7,0,7482.97,8,4.48
1100,2026-05-01,180.7,12.7,0,127,5,0,16858.33,4,4.01
1062,2026-05-01,174.3,6.3,0,0,4,0,9756.06,0,4.74
28,2026-08-01,168.9,0.9,0,0,6,0,11372.89,6,5
1210,2026-08-01,100.8,0,12436.18,47,2,0,5276.5,0,3.72
372,2025-12-01,197.2,13.2,0,0,4,0,10976.84,4,4.17
1021,2026-02-01,158.1,6.1,16374.06,47,2,1,9515.28,6,3.2
1210,2026-03-01,105.6,0,14150.25,45,1,0,5276.5,4,3.66
786,2025-11-01,175.5,15.5,0,0,5,0,12510.45,4,4.67
403,2025-10-01,190.7,6.7,0,0,7,0,8110.13,4,4.28
623,2026-05-01,178.6,10.6,0,101,5,0,11221.35,0,3.42
1483,2026-01-01,168,0,0,0,3,1,8143.5,2,3.17
712,2025-12-01,110.4,0,0,0,3,0,6455.83,8,3.26
548,2026-08-01,175.7,7.7,0,78,4,0,19953.18,4,2.82
287,2026-04-01,105.6,0,0,50,2,0,5652.67,8,2.5
505,2025-10-01,187.9,11.9,0,0,6,1,8858.77,2,3.62
685,2026-06-01,186.3,10.3,0,0,3,0,8348.94,8,2.22
598,2025-12-01,205.3,21.3,40221.16,109,2,0,13232.68,2,3.31
1180,2025-10-01,200.4,16.4,0,158,8,0,13513.52,4,4.37
361,2026-04-01,180.8,4.8,21327.21,60,2,0,6586.34,6,3.33
90,2026-01-01,176,0,15086.09,45,2,0,10410.67,2,2.77
779,2026-02-01,172.7,12.7,0,78,5,0,12186.74,12,3.54
1470,2026-06-01,100.8,0,0,73,2,1,8021.5,2,4.06
708,2025-12-01,190.4,22.4,0,0,7,2,7318.87,8,4.38
1338,2026-07-01,184,0,0,0,4,0,7341.67,0,4.3
1288,2026-03-01,179.1,11.1,0,0,3,1,11510.98,12,3.79
499,2025-10-01,110.4,0,13189.4,43,1,0,4859.67,0,2.74
105,2025-10-01,193.7,9.7,38188.69,97,4,0,10215.61,4,4.51
1351,2026-06-01,176.4,16.4,0,147,5,2,13107.18,2,4.05
210,2025-09-01,183.9,7.9,0,0,3,0,10253.46,8,3.37
1009,2026-02-01,141.4,5.4,0,0,2,3,9173.2,12,3.34
1303,2025-11-01,171.1,11.1,25640.16,73,1,0,9260.04,8,2.58
265,2025-11-01,179.2,19.2,0,93,4,0,16029.17,2,2.41
525,2026-03-01,186.5,10.5,0,113,4,0,10735.57,12,3.18
1454,2026-02-01,171,11,0,83,5,0,14062.82,8,3.63
920,2026-03-01,182.9,6.9,0,0,6,0,10590.58,4,3.97
1338,2025-09-01,184.9,8.9,0,0,6,0,7907.12,8,4.38
872,2026-06-01,186.5,10.5,0,0,3,0,9504.53,4,
555,2026-03-01,96,0,12926.38,37,1,2,3863.33,6,3.82
824,2025-12-01,195.5,19.5,0,0,4,1,9743.48,6,3.4
272,2026-05-01,174.3,6.3,0,0,5,0,10978.25,8,3.94
295,2025-09-01,171.8,11.8,0,95,3,2,13613.88,6,3.38
1203,2026-07-01,91.2,0,0,0,2,4,4890.17,8,3.13
595,2026-01-01,183.5,7.5,0,86,4,0,11075.53,8,3.42
938,2026-01-01,176,0,19436.75,63,3,0,9424.5,0,3.7
1453,2026-03-01,183.2,7.2,25700.33,70,2,0,7689.69,12,3.35
968,2025-09-01,170.5,2.5,0,0,5,1,8475.48,4,3.62
868,2026-06-01,183.5,7.5,31408.06,85,3,0,7708.48,8,3.79
952,2026-06-01,192,16,0,176,8,0,21030.61,0,4.61
1308,2026-08-01,100.8,0,0,0,2,0,6018.67,8,2.95
960,2026-01-01,161.1,1.1,0,91,3,2,10920.31,4,3.74
430,2025-10-01,185.4,9.4,0,0,4,1,10059.22,0,4.34
627,2026-02-01,156,4,0,93,5,1,16460.75,12,4.28
1263,2026-08-01,91.2,0,9045.22,28,1,2,5286.67,6,3.3
342,2026-03-01,85.5,5.5,0,44,2,0,4400.6,10,3.56
379,2026-03-01,183.3,7.3,20936.52,63,2,0,7663.53,8,3.18
1462,2025-11-01,170.7,10.7,20701.11,77,2,0,9253.01,8,3.07
116,2025-12-01,110.4,0,0,0,3,0,4524.17,2,3.06
982,2026-03-01,186.8,10.8,22471.39,81,3,0,9282.58,8,3.26
74,2026-05-01,179.8,11.8,0,127,4,0,23642.21,8,3.38
1431,2026-02-01,169,9,0,0,5,0,8459.96,4,4.08
422,2026-01-01,171.8,3.8,0,0,4,1,8904.84,4,3.75
762,2026-04-01,171.5,3.5,0,0,4,1,9814.7,0,2.47
160,2026-07-01,197.3,13.3,0,135,7,0,9534.07,6,4.51
1144,2026-05-01,171.9,3.9,0,0,2,0,14072.61,8,2.82
1009,2026-06-01,180.2,12.2,0,0,3,1,9688.91,0,3.46
668,2026-01-01,170.4,2.4,19509.86,50,2,1,7534.3,6,3.74
476,2026-06-01,181.5,5.5,0,0,5,0,7753.61,6,3.15
1337,2025-12-01,189.7,13.7,32649.9,103,3,1,11644.93,0,3.6
288,2025-10-01,186.6,2.6,0,0,6,0,11310.21,4,4.58
1245,2026-01-01,182.3,6.3,10803.26,28,1,0,8512.43,2,1.68
1239,2026-02-01,155.9,3.9,0,0,3,1,7808.78,4,3.88
301,2026-08-01,175.4,7.4,0,0,4,0,8805.63,2,3.21
915,2026-05-01,173.7,5.7,0,0,4,0,7681.07,4,3.64
1487,2026-07-01,194.8,10.8,0,115,4,0,9593.85,2,3.98
795,2026-04-01,89.1,1.1,8356.07,29,1,0,3905.8,2,2.87
98,2026-07-01,110.4,0,0,0,2,0,6222,6,3.03
505,2025-11-01,165.3,13.3,0,0,4,1,8956.08,8,3.56
1006,2026-06-01,159.5,7.5,20425.18,60,1,3,6420.13,4,2.91
725,2026-07-01,182.7,6.7,0,0,5,1,10110.77,2,3.35
1208,2025-09-01,156.6,4.6,24706.86,76,3,3,8583.96,0,4.38
491,2026-03-01,158.3,6.3,0,0,3,3,9209.29,6,2.86
1224,2026-02-01,149.7,5.7,0,0,3,2,14209.99,12,2.64
935,2026-05-01,86.4,0,0,64,3,3,6476.17,6,3.67
911,2026-01-01,176,0,0,0,4,0,7706.33,4,3.93
1250,2026-05-01,179.1,11.1,0,110,5,0,11822.99,0,3.66
918,2025-09-01,183.6,7.6,27181.38,81,2,0,10001,8,3.72
656,2025-09-01,161.6,9.6,0,107,2,3,11760.05,,3.26
976,2026-01-01,177,9,0,101,3,1,16810.33,2,3.65
178,2025-09-01,181.8,13.8,0,123,6,1,10584.15,8,3.91
1070,2026-06-01,190.6,14.6,0,144,7,0,9515.94,2,4.33
453,2026-05-01,171.8,11.8,0,101,5,1,15496.29,2,
1446,2026-01-01,181.1,5.1,17236.78,40,2,0,13078.13,0,
33,2025-09-01,179.5,19.5,0,81,3,2,8198.78,8,2.46
968,2025-11-01,166.3,14.3,0,0,6,1,9322.63,6,3.74
503,2026-02-01,156.6,4.6,19376.03,53,1,1,10909.66,8,3.88
654,2025-09-01,190.7,14.7,0,146,7,0,8576.2,0,3.91
54,2025-09-01,186.8,10.8,0,90,3,0,11116.86,16,3.43
44,2025-09-01,180.6,4.6,0,0,4,0,11311.37,6,2.75
1127,2025-10-01,187.2,3.2,0,0,4,0,13457.29,0,2.84
680,2026-08-01,180.8,12.8,0,0,4,0,10265.17,8,4.11
1361,2026-01-01,100.8,0,0,0,3,1,5286.67,6,3.89
1210,2026-02-01,96,0,11198.57,31,1,0,5276.5,10,3.69
475,2025-09-01,172.5,4.5,0,0,5,1,7721.25,6,4.12
702,2026-01-01,178.6,2.6,0,96,6,0,13181.39,0,3.37
52,2025-11-01,169.7,9.7,0,0,5,0,11020.08,4,3.35
1400,2025-09-01,176.3,8.3,0,0,4,1,11703.28,6,2.36
37,2026-02-01,148.5,4.5,22633.63,65,2,2,6865.68,6,4.55
207,2025-11-01,184.7,24.7,24720.44,68,1,0,11352.61,8,2.73
1084,2026-03-01,156.7,12.7,19710.07,63,2,4,9072.35,6,3.58
1298,2025-10-01,198.6,14.6,0,0,6,0,16810.34,4,4.57
328,2026-08-01,175.6,15.6,0,113,6,1,12831.55,0,3.68
602,2026-04-01,174.8,6.8,0,0,6,1,6771.14,4,4.36
689,2026-06-01,189.5,13.5,0,0,4,0,7914.02,0,4.04
740,2026-08-01,178.9,10.9,0,95,4,0,11448.3,4,3.58
1091,2026-01-01,168,0,0,0,4,1,11630.67,6,3.85
1251,2025-11-01,163.2,11.2,0,0,3,1,9981.09,4,3.29
694,2026-02-01,96,0,0,48,2,0,5581.5,6,3.5
386,2026-06-01,185.3,9.3,0,0,6,0,9798.52,8,4.08
1277,2026-07-01,160,8,0,0,3,4,8794.24,4,3.82
794,2026-05-01,178.8,10.8,0,0,7,0,11372.55,0,3.87
1384,2025-12-01,197.7,21.7,47583.24,117,2,1,11339.22,2,3.43
665,2026-02-01,164.1,4.1,0,0,5,0,9664.14,8,4.3
429,2026-06-01,185.2,9.2,0,0,4,0,10734.62,0,3.86
1388,2026-03-01,105.6,0,0,0,2,0,5713.67,4,3.48
484,2026-05-01,174.5,6.5,0,146,7,0,10255.31,4,4.45
1197,2026-08-01,96,0,0,0,2,1,4239.5,4,
1039,2026-02-01,147.5,3.5,0,0,5,2,9259.55,4,4.36
836,2026-01-01,179.5,3.5,0,0,3,0,7855.95,4,2.88
592,2026-03-01,186.9,10.9,0,117,5,0,10863.38,10,4.08
808,2026-06-01,96,0,0,0,2,2,4188.67,8,3.19
1470,2026-04-01,105.6,0,0,66,2,0,8021.5,8,4
859,2026-04-01,176.3,8.3,27425.26,91,2,1,6788.77,4,
816,2026-03-01,105.6,0,15966.73,46,2,0,5683.17,6,3.76
597,2025-09-01,159.3,7.3,26249.64,70,2,3,6269.18,8,4.41
707,2026-04-01,188.3,12.3,0,0,7,0,10112.7,2,3.99
636,2025-11-01,162.9,18.9,22025.82,82,2,2,7641.86,2,3.26
213,2025-12-01,197.1,21.1,0,118,2,1,11518.09,2,2.16
515,2026-01-01,105.6,0,13569.49,31,1,0,5368,6,3.83
532,2026-07-01,194.5,10.5,0,0,6,0,11644.99,2,3.42
13,2026-01-01,176.7,0.7,0,0,4,0,11353.36,4,3.8
1168,2026-01-01,160,0,16341.85,51,2,2,7137,8,3.29
1006,2026-07-01,184.5,0.5,19248.79,73,2,0,6054.92,0,3.4
77,2026-03-01,172.1,4.1,0,0,5,1,14433.05,6,4.58
1254,2025-09-01,168.4,8.4,0,0,4,2,8375.58,8,3.46
237,2025-11-01,172.6,12.6,0,0,4,0,9561.39,0,3.04
1151,2026-05-01,167.4,7.4,0,0,5,1,9941.49,6,3.57
748,2026-07-01,105.6,0,0,51,2,1,5683.17,0,3.49
108,2026-08-01,168,8,0,0,4,1,10794.42,6,4.28
662,2025-11-01,166,14,0,0,4,1,9050.33,0,3.37
1100,2025-11-01,172.1,20.1,0,147,4,1,17831.01,4,3.58
975,2026-02-01,167.2,7.2,0,0,3,0,8402.5,8,3.1
650,2026-01-01,181.7,5.7,19316.97,57,3,0,8438.51,0,3.28
448,2026-04-01,183.1,7.1,0,0,2,0,8751.77,0,2.64
899,2026-03-01,182.2,6.2,0,0,4,0,5473.91,8,4.27
248,2026-08-01,172.6,4.6,25438.6,67,2,0,9693.95,6,3.36
802,2026-06-01,188.2,12.2,30879.22,102,4,0,7182.38,8,4.59
143,2025-10-01,197.2,13.2,0,0,8,0,7080.01,2,4.58
1240,2026-07-01,188.9,4.9,28352.59,92,3,0,8340.45,8,
908,2025-12-01,194.5,18.5,0,0,5,1,8385.76,6,3.14
357,2026-04-01,169.3,9.3,0,0,4,2,7107.22,8,2.56
1366,2025-09-01,192.2,16.2,0,0,5,0,9121.54,0,3.61
126,2026-05-01,180,12,0,153,6,0,10953.1,4,5
1324,2025-09-01,186.5,10.5,0,74,3,0,12742.94,,2.7
1460,2026-02-01,171,11,0,59,3,0,13684.25,6,2.33
270,2026-02-01,160,0,0,0,3,0,7960.5,12,3.45
158,2025-09-01,186.7,10.7,0,102,4,0,13118.62,6,3.3
1040,2025-09-01,176,0,0,0,4,0,9770.17,2,2.89
660,2026-03-01,185.6,9.6,0,0,7,0,9106.33,4,4.21
1468,2026-05-01,174.5,14.5,0,0,3,1,8101.21,0,3.33
1205,2025-11-01,170.8,10.8,30804.12,105,2,0,7626.17,0,4.33
1453,2026-07-01,189.3,5.3,21472.45,65,3,0,7570.67,6,3.46
900,2026-06-01,188.4,12.4,0,144,4,0,13193.94,2,4.27
1038,2025-11-01,173,13,36425.8,103,3,0,6313.44,0,3.86
531,2026-04-01,185.4,9.4,0,114,6,0,12554.79,8,3.88
1391,2026-07-01,177.1,9.1,0,0,4,2,9355.1,2,3.56
65,2025-12-01,197.3,21.3,53775.67,137,4,1,23780.3,4,4.13
60,2025-09-01,163.6,3.6,17451.16,60,2,2,4507.86,8,3.24
278,2026-06-01,177.7,9.7,0,0,4,1,12144.13,0,4
51,2026-08-01,157.2,5.2,0,0,5,2,5843.29,8,3.78
172,2026-02-01,153.2,1.2,25032.46,65,3,1,8063.71,4,4.17
1291,2025-10-01,192.6,8.6,21286.1,70,2,0,8924.34,2,2.95
728,2025-10-01,198,14,0,0,5,0,9768.43,8,3.49
1196,2026-08-01,173.7,5.7,20601.9,53,2,0,9377.31,2,3.12
945,2026-08-01,167.2,15.2,0,108,3,2,12159.7,0,4.18
1357,2025-10-01,176.2,8.2,0,0,7,2,8852.03,4,4.3
803,2025-11-01,158.1,6.1,25162.24,69,2,1,8969.41,8,
464,2025-12-01,205.1,21.1,0,0,5,0,6888.62,0,3.67
53,2026-06-01,183.3,15.3,0,147,3,1,10016.11,4,3.76
1093,2026-05-01,184.6,16.6,0,105,5,0,11751.04,4,3.42
600,2025-09-01,182.3,6.3,0,0,4,0,8265.85,0,3.17
530,2025-11-01,177.2,17.2,28895.08,85,2,0,11983.61,2,3.72
1063,2025-11-01,174.4,14.4,0,127,4,0,11353.55,6,3.63
950,2026-06-01,183.8,15.8,0,144,5,1,10240.05,8,4.78
510,2026-03-01,181.6,5.6,25409.89,85,3,0,6790.01,6,3.85
894,2026-05-01,182.3,14.3,0,119,4,0,9768.2,8,3.25
198,2025-11-01,163.6,11.6,0,0,5,1,7629.7,8,4.43
174,2026-04-01,187,11,23685.11,80,2,0,8929.83,4,3.26
376,2026-02-01,168.8,8.8,0,0,3,0,9759.28,6,3.31
1040,2026-06-01,189.3,13.3,0,0,4,0,10894.68,0,2.98
336,2026-01-01,163.9,3.9,0,81,5,2,12887.42,4,3.49
759,2026-04-01,177.4,9.4,0,0,4,1,5848.64,2,3.03
481,2025-09-01,105.6,0,0,0,2,0,4595.33,2,3.03
65,2026-05-01,174.2,6.2,25477.16,76,2,0,21156.49,4,3.67
76,2026-08-01,177.8,9.8,0,0,6,0,12231.03,2,4.89
284,2026-04-01,185.3,9.3,29645.33,85,3,0,6118.58,2,4.25
126,2026-04-01,155.6,11.6,0,138,7,4,10918.75,4,4.68
675,2026-02-01,170.1,10.1,0,101,7,0,15499.49,10,4.59
568,2026-05-01,172.1,12.1,20752.34,79,2,1,8142.64,2,3.25
990,2025-09-01,184.1,8.1,0,0,5,0,9486.76,8,3.02
710,2026-01-01,185.5,9.5,0,102,3,0,15007.39,2,3.62
633,2026-04-01,162.1,10.1,21647.86,68,2,3,8877.38,2,3.42
1267,2026-07-01,193.2,9.2,0,142,6,0,14718.94,8,
1374,2025-10-01,196.5,12.5,0,110,5,0,10060.92,0,2.76
40,2026-03-01,173.9,13.9,0,57,3,2,9681.16,6,
1403,2026-08-01,177.4,9.4,15922.02,58,2,0,8432.16,8,2.93
1319,2026-05-01,100.8,0,0,0,3,0,4961.33,6,2.78
712,2025-10-01,105.6,0,0,0,3,1,6455.83,0,3.34
1216,2026-02-01,152.2,0.2,0,0,2,1,6558.67,12,3.44
699,2026-05-01,147,3,24009.49,82,2,3,11202.47,0,4.47
183,2026-05-01,182.2,14.2,0,0,6,0,11324.67,6,4.14
373,2026-04-01,177.9,1.9,24913.68,71,2,0,8887.09,4,3.69
206,2025-10-01,110.4,0,0,0,3,0,4148,8,3.78
1001,2025-12-01,189.1,21.1,41126.63,126,2,2,8041.65,4,3.77
1153,2026-04-01,180.8,12.8,0,108,5,1,13314.24,2,3.32
439,2026-03-01,105.6,0,0,0,2,0,4961.33,6,3.78
209,2025-09-01,180.7,4.7,0,0,4,0,9892.46,6,3.06
32,2025-11-01,169.2,17.2,0,111,4,1,9927.95,8,2.73
416,2026-02-01,96,0,0,0,3,0,4229.33,6,4.15
289,2026-06-01,187.3,11.3,0,0,6,0,7634.02,0,3.67
25,2026-04-01,146.9,2.9,0,0,3,4,9066.98,2,3.51
216,2026-07-01,190.6,6.6,0,0,4,0,9350.19,8,3.32
1200,2025-10-01,188.7,4.7,0,0,5,0,11246.73,6,3.9
986,2026-07-01,191.8,7.8,0,90,5,0,12252.94,0,3.29
140,2026-08-01,169.6,1.6,0,0,2,0,8235.64,6,2.8
1030,2026-04-01,179.6,11.6,0,94,3,1,10325.83,6,2.6
1475,2026-03-01,187.6,11.6,25722.13,78,2,0,8446.37,4,3.74
1417,2025-09-01,182.8,6.8,0,95,3,0,12810.27,2,3.09
1460,2026-08-01,163.1,11.1,0,60,3,2,13695.06,6,
348,2025-12-01,110.4,0,0,108,3,0,7808,6,3.63
213,2026-05-01,178.9,10.9,0,83,3,0,10658.38,,2.17
1301,2026-08-01,166.5,6.5,19535.21,62,3,1,7957.26,8,3.4
365,2026-02-01,160,0,0,0,3,0,6537.17,12,2.83
928,2025-09-01,186.4,10.4,0,0,4,0,8965.07,0,2.62
1150,2026-04-01,156.5,4.5,14555.25,53,2,3,7277.62,6,2.73
943,2026-01-01,168.3,8.3,0,56,3,2,8859.19,2,2.45
1113,2025-10-01,185,9,0,0,5,1,8657.21,8,4.35
1393,2025-10-01,191.7,7.7,36582.12,89,3,0,9792.24,6,4.05
1172,2026-01-01,176,0,0,0,6,0,7309.83,4,3.91
974,2026-02-01,86.4,0,0,47,3,2,7004.83,10,4.42
370,2026-06-01,161,9,24797.38,66,2,3,10399.61,4,2.98
1331,2025-11-01,174.5,14.5,0,0,4,0,9314.1,6,4.26
776,2025-12-01,110.4,0,0,0,3,0,7543.67,2,3.74
1213,2025-10-01,190,14,0,0,6,1,10589.11,0,3.91
1041,2026-04-01,183.1,7.1,25476.21,83,2,0,7888.46,4,3.51
970,2026-05-01,179.5,11.5,0,105,3,0,12598.11,8,3.03
78,2026-03-01,185.4,9.4,0,0,7,0,15786.93,6,4.24
516,2025-11-01,174.9,14.9,0,0,4,0,6266.76,8,2.37
771,2026-06-01,96,0,0,0,1,2,7879.17,8,2.92
785,2026-06-01,171.4,3.4,31141.98,90,3,1,13783.46,8,4.58
142,2025-12-01,197,21,36976.45,93,3,1,7088.42,14,3.62
758,2026-06-01,179.9,11.9,25961.47,75,2,1,7408.35,2,3.38
680,2026-08-01,180.8,12.8,0,0,4,0,10265.17,8,4.11
381,2026-06-01,187.9,11.9,0,0,2,0,10137.13,8,2.53
987,2026-01-01,176.1,0.1,19499.96,62,2,0,6858.26,,3.47
1022,2025-10-01,179.3,11.3,0,0,4,2,9531.37,2,3.37
1464,2026-08-01,163.8,11.8,0,92,5,2,9692.19,8,3.65
1281,2026-07-01,186,2,0,0,3,0,9173.91,2,3.22
1258,2026-08-01,176,8,0,0,3,0,9848.68,4,3.26
106,2025-10-01,195,11,0,128,5,0,12314.71,4,3.5
1215,2026-03-01,154.9,10.9,21024.12,54,2,4,8399.87,6,3.18
741,2026-03-01,180.3,4.3,34022.96,97,2,0,6052.82,10,4.58
243,2026-02-01,163.6,3.6,0,0,3,0,9728.59,12,3.37
949,2026-08-01,170.7,2.7,0,0,4,0,5805.55,2,4.03
1318,2026-02-01,165.8,5.8,0,101,6,0,10708.99,8,4.2
1363,2026-04-01,188.9,12.9,0,166,5,0,10928.67,8,4.4
996,2026-06-01,187.9,11.9,0,0,4,0,10809.95,8,3.25
170,2025-11-01,162.7,10.7,0,0,4,1,8564.31,2,3.87
309,2026-05-01,178.4,10.4,25415,72,3,0,8588.29,2,3.61
1242,2026-03-01,164.9,12.9,0,97,3,3,12816.04,6,3
205,2026-06-01,178.8,10.8,0,0,5,1,8593.33,6,3.9
933,2026-03-01,174.3,6.3,22616.4,60,2,1,10452.92,6,3.22
76,2026-06-01,174,14,0,0,7,2,12640.82,0,4.64
628,2026-01-01,172.1,4.1,0,53,3,1,18138.69,4,2.61
506,2025-09-01,168.4,8.4,0,0,5,2,8877.24,0,3.25
303,2026-02-01,152.3,0.3,18965.15,58,2,1,8551.98,4,3.54
447,2025-12-01,172.3,20.3,0,0,4,4,10661.79,2,2.94
976,2025-12-01,208.1,24.1,0,194,4,0,18848.26,2,3.75
51,2026-06-01,180,4,0,0,5,0,5785.22,4,4.13
46,2026-02-01,151.8,7.8,12879.85,47,1,2,6620.28,8,3.03
583,2025-11-01,175.9,15.9,36106.26,103,3,0,8593.21,0,4.45
1332,2026-03-01,168.1,8.1,0,0,3,2,12761.43,10,3.28
68,2025-09-01,181.3,5.3,0,0,3,0,17682.62,8,2.92
275,2026-07-01,196.9,12.9,0,143,7,0,16884.62,2,4.04
394,2025-09-01,165.7,5.7,0,0,4,2,8235.82,4,3.85
1432,2025-10-01,195.9,11.9,0,125,4,0,14241.32,4,3.12
251,2025-09-01,174.9,6.9,21753.58,65,3,1,9373.15,8,3.51
560,2026-04-01,180.4,4.4,0,0,5,0,9413.97,0,3.14
313,2026-07-01,191,7,0,0,5,0,7170.38,6,3.42
177,2026-03-01,171.9,11.9,0,0,2,2,9419.46,6,2.97
1030,2026-02-01,165.3,5.3,0,67,2,0,9814.23,4,2.83
77,2026-06-01,186.1,10.1,0,0,6,0,15156.78,8,4.63
693,2026-05-01,174.6,14.6,27625.39,91,3,1,8050.18,8,4.42
231,2026-05-01,174.8,6.8,24143.55,72,2,0,9010.25,0,3.12
1317,2026-06-01,184.9,8.9,0,0,5,0,7281.55,0,3.52
1389,2025-10-01,105.6,0,0,68,3,1,9170.33,2,2.92
971,2025-09-01,105.6,0,0,87,3,0,6669.33,4,4.58
913,2026-01-01,178.4,2.4,20820.72,63,2,0,5222.94,4,3.82
1343,2026-05-01,173.9,13.9,0,0,5,1,12437.44,2,3.32
984,2025-11-01,177.8,17.8,0,170,4,0,12059.7,4,3.84
722,2026-06-01,191.1,15.1,0,111,4,0,19714.23,0,3.35
790,2026-01-01,181.3,5.3,21862.95,60,2,0,7400.54,6,3.86
1286,2026-06-01,184.3,8.3,0,0,6,0,9251.47,2,3.59
244,2026-06-01,160.6,8.6,0,0,4,3,8684.02,0,2.76
1042,2025-12-01,202.1,18.1,35960.87,85,3,0,13370.12,8,3.01
1122,2026-02-01,162.8,2.8,0,0,5,0,9444.6,,4.13
1344,2026-03-01,185.8,9.8,0,0,4,0,9848.79,4,3.29
648,2026-02-01,96,0,0,0,2,0,4361.5,12,4.11
1290,2025-12-01,190.6,14.6,0,0,3,1,8645.65,4,2.92
1202,2026-02-01,164.8,4.8,0,81,4,0,9826.57,4,3.51
92,2026-02-01,172.5,12.5,0,109,7,0,12629.66,6,4.79
634,2026-04-01,184.1,8.1,0,126,5,0,9976.33,6,3.97
810,2025-12-01,110.4,0,0,0,2,0,7919.83,0,4.53
1055,2026-03-01,105.6,0,13959.46,41,2,0,4087,4,3.59
347,2025-09-01,188.5,12.5,0,0,4,0,7931.56,2,2.8
221,2026-07-01,174.2,6.2,0,0,4,2,8548.29,4,2.86
1238,2026-05-01,179.8,11.8,34734.17,96,3,0,10330.86,8,4.28
1106,2025-09-01,182.8,6.8,18601.84,66,1,0,6222.13,8,3.27
740,2026-05-01,146,10,0,77,3,4,11366.82,8,3.19
1055,2026-02-01,96,0,10103.25,30,2,0,4087,6,3.74
1160,2026-08-01,165.1,5.1,24282.6,66,2,1,6666.45,2,4.11
319,2025-11-01,164,12,0,0,3,1,9606.41,2,3.18
848,2025-09-01,100.8,0,9277.85,32,1,1,5063,6,2.99
645,2026-05-01,175.5,7.5,28599.46,82,2,0,10534.21,8,3.87
176,2025-10-01,186,10,0,0,3,1,8991.83,2,2.66
50,2026-05-01,158.6,6.6,0,0,2,2,7738.08,6,2.58
1059,2025-10-01,192,8,0,0,5,0,8859.47,2,3.87
644,2026-04-01,186.6,10.6,0,110,5,0,8733.85,6,2.98
1339,2026-07-01,190.9,6.9,0,0,6,0,9739.46,8,4.67
629,2025-10-01,200.8,16.8,0,70,3,0,10911.12,0,1.95
1291,2025-12-01,200.4,16.4,31382.71,94,2,0,9485,2,3.2
1029,2026-01-01,152.9,0.9,17850.2,53,2,3,9713.07,2,3.59
350,2026-02-01,152.5,0.5,0,0,5,1,7494.62,8,3.66
948,2025-12-01,203.8,19.8,24760.78,67,1,0,9538.86,6,2.31
123,2026-01-01,181.8,5.8,17087.17,48,2,0,6491.59,8,3.14
1491,2026-06-01,180.8,12.8,0,0,4,1,10445.86,0,3.33
966,2026-08-01,169.2,1.2,23532.19,88,2,0,8186.98,2,4.05
47,2025-11-01,172.3,12.3,0,0,3,0,8999.06,8,3.2
1214,2026-04-01,181.5,5.5,28783.32,91,3,0,8398.23,6,4.12
20,2026-07-01,192.7,8.7,0,0,7,0,11806.67,6,4.73
695,2026-08-01,173.8,5.8,24687.2,67,2,0,6769.19,2,3.64
1414,2025-12-01,195.4,19.4,37763.77,120,1,1,9736.26,0,3.21
1410,2025-09-01,174.3,6.3,22116.3,69,2,1,7032.94,6,3.62
1149,2026-02-01,160.4,0.4,10538.37,33,1,0,6978.07,8,2.19
294,2025-11-01,165,13,0,0,2,1,8742.95,0,2.72
1423,2026-03-01,178.4,10.4,0,117,7,1,10993.01,12,4.25
1499,2025-12-01,188,20,0,0,2,2,12367.55,6,2.37
568,2025-11-01,153.4,9.4,21909.17,73,1,2,7970.42,6,3.04
14,2025-12-01,185,17,0,141,4,2,12012.21,0,2.8
1077,2025-09-01,181.6,5.6,11646.48,31,1,0,11746.61,10,3.26
639,2026-06-01,188.1,12.1,0,0,5,0,9782.4,6,3.86
146,2025-12-01,200.2,16.2,0,150,4,0,15927.35,0,2.47
1186,2026-06-01,177.2,9.2,0,0,4,1,10054.1,0,2.53
1243,2025-11-01,145.2,9.2,0,0,2,3,13390.83,6,2.02
109,2025-10-01,166.3,6.3,0,0,3,3,6475.45,4,2.6
72,2026-03-01,181.4,5.4,0,0,5,0,15345.42,12,3.55
1098,2025-12-01,105.6,0,0,0,2,1,4107.33,6,3.75
804,2026-08-01,174,6,24270.09,55,2,0,7582.61,4,3.36
1308,2025-12-01,105.6,0,0,0,2,1,6018.67,2,2.92
1119,2026-02-01,152.8,0.8,17229.09,49,2,1,11905.69,6,3.58
1305,2026-07-01,193.9,9.9,30910.87,79,4,0,9282.69,6,4.21
1439,2026-05-01,180.1,12.1,0,0,4,0,8603.13,4,2.78
701,2026-03-01,183.4,7.4,0,108,5,0,11769.68,4,3.6
130,2026-02-01,96,0,9567.99,35,1,0,6130.5,10,3.81
540,2025-11-01,81.6,0,0,57,2,3,5296.83,4,3.51
1310,2026-02-01,160,0,0,0,4,0,7747,12,3.45
575,2025-12-01,195.4,11.4,0,0,5,0,10990.93,6,3.78
951,2026-01-01,165.6,5.6,15202.94,45,2,2,7482.87,6,3.01
887,2026-05-01,181.1,13.1,28923.61,71,2,0,10990.96,4,3.48
980,2025-11-01,170,10,20777.16,77,2,0,11013.33,4,2.91
54,2025-11-01,172.4,20.4,0,107,3,1,11961.47,4,3
309,2026-08-01,142.9,6.9,17497.54,41,2,4,8349.64,4,2.9
1246,2026-06-01,187,11,21605.86,63,1,0,8929.83,4,2.88
639,2026-02-01,159.7,7.7,0,0,5,1,9445.23,4,3.95
1481,2026-04-01,170.5,10.5,0,94,3,2,13474.91,8,3.45
1031,2026-04-01,186.7,10.7,29004.22,82,3,0,8364.37,6,3.43
1248,2026-01-01,184.3,8.3,0,86,3,0,9469.41,2,3.57
580,2026-02-01,96,0,0,0,4,0,4209,10,4.54
762,2025-11-01,175.5,15.5,0,0,4,0,10803.96,4,2.38
1470,2025-09-01,105.6,0,0,62,2,0,8021.5,4,4.04
1111,2026-07-01,172.7,4.7,0,0,2,2,9003.73,6,2.9
462,2026-06-01,191.6,15.6,0,157,4,0,12739.24,0,3.77
675,2026-05-01,168.9,8.9,0,138,5,1,15351.47,6,4.62
1235,2025-09-01,181.7,5.7,0,0,3,0,10540.14,6,3.74
185,2026-03-01,185.9,9.9,0,0,3,0,8752.88,12,3.3
42,2025-10-01,193.8,17.8,0,112,3,1,11615.4,4,2.75
1440,2025-10-01,197.4,13.4,0,0,6,0,7896.54,6,3.36
881,2026-02-01,91.2,0,0,59,2,1,8041.83,4,4.29
1238,2025-12-01,206.3,22.3,47051.66,171,4,0,11182.6,4,4.29
93,2026-08-01,176.7,8.7,0,0,5,0,10593.2,6,3.43
1263,2025-10-01,110.4,0,16520.04,56,1,0,5286.67,0,3.45
529,2026-04-01,180.2,4.2,0,0,4,0,6311.18,4,4.01
61,2026-04-01,178.1,10.1,0,0,5,1,14979.89,6,3.44
981,2026-08-01,154.8,2.8,24544.68,82,2,2,8007.61,4,
1065,2025-12-01,199.4,15.4,32091.3,115,2,0,8963.78,4,3.31
1025,2025-12-01,180.8,12.8,0,0,4,2,14646.79,4,3.48
1253,2026-08-01,159.3,7.3,0,0,4,2,4784.28,2,2.75
1226,2025-12-01,182.3,22.3,0,0,5,3,10030.38,0,3.23
1375,2026-04-01,149.6,5.6,0,0,5,1,10089.02,8,3.73
1300,2026-07-01,189.2,13.2,0,107,4,1,10897.55,8,3.64
706,2026-03-01,154.6,10.6,0,0,4,4,14717.62,12,3.24
1467,2025-12-01,205.8,21.8,0,0,7,0,9281.01,0,3.87
300,2025-11-01,164.5,12.5,0,0,4,1,13756.31,2,2.85
920,2026-08-01,171.3,3.3,0,0,3,0,10279.23,0,3.77
230,2026-03-01,134.6,6.6,0,0,3,0,6248.96,10,3.72
1063,2025-10-01,160.2,8.2,0,107,3,4,10811.89,8,3.37
730,2026-08-01,167.1,7.1,0,0,5,1,13877.65,2,3.99
1197,2025-09-01,105.6,0,0,0,4,0,4239.5,6,4.61
112,2026-05-01,178.4,10.4,0,0,5,0,9652.13,6,3.37
641,2025-10-01,175.9,7.9,38239.16,93,2,2,8624.2,8,4.52
147,2025-11-01,174,14,0,0,4,0,10839.88,6,3.57
722,2026-08-01,173.1,13.1,0,117,5,1,19412.45,2,3.94
386,2025-12-01,193.6,17.6,0,0,5,1,10449.89,2,3.66
536,2026-01-01,105.6,0,0,66,4,0,7533.5,6,4.22
441,2025-12-01,197.6,13.6,0,0,4,0,7772.43,8,3.6
1047,2025-10-01,190.2,6.2,0,0,5,0,11526.27,4,4.19
822,2026-01-01,182.9,6.9,0,81,6,0,16429.94,4,3.76
578,2026-04-01,184.7,8.7,0,141,6,0,13306.11,2,4.26
515,2026-04-01,100.8,0,16490.66,45,2,1,5368,6,3.59
827,2026-01-01,176.6,0.6,16445.45,53,2,0,8533.25,0,3.73
108,2025-10-01,192,8,0,0,5,0,10794.42,2,4.14
1160,2026-02-01,140.7,4.7,15833.78,46,2,3,6644.35,4,3.94
587,2026-06-01,171,11,29139.43,84,2,2,13539.5,8,3.49
82,2026-06-01,162.2,10.2,0,0,5,3,17204.63,6,4.02
604,2026-03-01,169.9,9.9,0,114,5,2,13421.81,10,3.59
1122,2026-01-01,168.9,0.9,0,0,6,1,9292.99,0,4.19
1422,2026-03-01,182.2,6.2,0,0,8,0,7905.56,6,4.96
312,2026-08-01,174.7,6.7,0,0,4,0,12337.29,0,3.71
694,2026-07-01,105.6,0,0,51,2,1,5581.5,8,3.27
7,2026-03-01,184,8,0,0,5,0,10000.87,4,3.19
1195,2026-05-01,166.2,6.2,0,0,5,1,12704.61,0,3.7
1368,2025-12-01,194.3,10.3,0,0,3,0,6643.72,2,3.28
550,2026-03-01,96,0,0,51,2,2,8468.83,8,3.35
784,2026-03-01,175.2,7.2,23878.88,67,3,1,9658.15,12,3.85
273,2026-05-01,182.1,14.1,0,117,4,0,13034.32,2,3.71
1161,2025-11-01,150.1,14.1,0,113,3,3,12285.55,2,3.22
1225,2026-03-01,182.9,6.9,0,0,3,0,8425.06,4,3.42
756,2025-09-01,181.5,5.5,0,0,4,0,9052.98,6,3.27
173,2025-10-01,187.9,11.9,23316.82,78,2,1,9195.18,6,3.24
1091,2025-10-01,192.7,8.7,0,0,4,0,12506.32,2,3.69
1032,2025-12-01,197.9,13.9,39076.51,136,3,0,8223.29,0,3.95
713,2026-07-01,176.4,8.4,17779.91,66,2,2,10436.76,8,3.57
1275,2025-09-01,176.3,8.3,0,0,3,1,6538.14,4,3.08
340,2026-07-01,186.8,2.8,0,0,5,0,6195.74,2,3.82
909,2025-10-01,197.5,13.5,0,169,5,0,13670.71,4,
509,2026-02-01,96,0,0,0,2,0,3914.17,12,3.19
1273,2026-08-01,182.7,14.7,0,93,5,0,12846.64,6,3.14
1259,2026-02-01,141.5,5.5,10501.74,37,1,3,10213.89,12,2.74
180,2026-06-01,189.4,13.4,0,104,4,0,9916.06,8,3.03
1081,2025-10-01,193,9,0,0,6,0,7681.9,0,3.68
648,2026-05-01,96,0,0,0,3,1,4361.5,8,3.66
1459,2025-09-01,184.4,8.4,0,0,4,0,8299.24,0,2.92
302,2025-11-01,174.5,14.5,0,0,5,0,13479.13,0,3.32
615,2026-06-01,171.2,11.2,0,0,4,2,10639.06,4,3.69
557,2026-06-01,191.5,15.5,32727,89,2,0,11830.16,4,3.83
123,2026-04-01,180.5,4.5,22089.88,60,1,0,6422.05,2,2.83
844,2026-01-01,168.8,0.8,0,0,6,1,8783.39,4,4.14
1330,2026-07-01,165.3,5.3,25208.8,74,3,3,7772.7,0,3.83
1302,2025-09-01,179.5,11.5,0,116,5,1,13525.92,2,3.24
1417,2026-08-01,178.9,10.9,0,99,3,0,13239.53,2,3.25
924,2026-04-01,181.3,5.3,0,0,5,0,12685.13,0,4.31
630,2026-01-01,180,4,0,0,4,0,8267.61,6,3.99
1401,2026-07-01,184,0,0,0,4,0,7442,4,3.88
703,2026-01-01,105.6,0,8711.53,25,1,0,3812.5,2,2.85
1280,2026-04-01,153.6,9.6,0,0,3,4,9700.94,2,2.38
1199,2026-08-01,174.8,6.8,0,0,6,0,12465.8,8,3.75
1357,2026-07-01,185.8,1.8,0,0,6,0,8394.25,2,4.02
793,2025-11-01,167.1,15.1,0,107,3,1,13506.83,2,2.49
1020,2026-02-01,159.1,7.1,0,0,3,1,16111.46,4,3.51
1360,2025-10-01,171.1,11.1,0,114,5,3,11132.11,4,3.88
1192,2026-07-01,192.7,8.7,0,102,5,0,10932.1,4,3.12
39,2025-12-01,193.7,17.7,0,0,3,1,8792.94,0,3
1265,2026-05-01,159.5,7.5,0,0,4,2,8899.4,0,2.55
119,2026-06-01,179.5,11.5,0,0,5,1,10225.53,0,4.09
1111,2026-08-01,167.8,7.8,0,0,5,1,9235.83,4,3.21
1322,2026-08-01,174,6,0,121,6,0,13346.8,8,3.69
150,2026-02-01,163.9,3.9,18822.17,61,2,0,8786.19,10,4.47
868,2026-01-01,178,2,17420.76,55,2,0,7363.95,4,3.79
468,2026-04-01,170.7,2.7,0,0,5,1,8593.88,0,3.32
553,2026-02-01,154.9,2.9,0,0,5,1,7566.23,4,3.63
110,2025-11-01,173.5,13.5,35788.47,120,3,0,8061.63,2,4.37
912,2026-01-01,145,1,0,0,2,4,7773.02,0,3.22
103,2026-04-01,175,7,0,99,5,1,11289.31,2,3.66
564,2026-02-01,156,4,15872.79,46,1,1,7587.18,6,3.54
131,2026-08-01,161.3,9.3,0,0,2,2,6832.6,0,
1395,2026-08-01,174.6,14.6,0,80,3,1,16558.41,4,2.63
50,2026-02-01,155.2,3.2,0,0,2,1,7522.71,4,2.51
730,2026-07-01,167.9,7.9,0,0,4,3,13968.17,8,3.7
981,2026-01-01,176,0,24155.05,64,2,0,7818.17,6,4.31
433,2026-03-01,175.8,7.8,20485.28,61,1,1,11221.92,12,3.03
1107,2025-12-01,172.4,20.4,0,0,4,4,9928.02,6,2.86
619,2026-02-01,166.7,6.7,0,89,3,0,11035.8,,3.75
1130,2026-03-01,176.9,8.9,0,0,3,1,11289.14,6,3.3
1430,2026-05-01,181,13,0,88,3,0,10179.38,8,2.86
1375,2025-11-01,172.2,12.2,0,0,4,0,12229.15,6,3.98
1267,2025-11-01,169.6,17.6,0,178,5,1,15709.99,0,4.37
1332,2025-11-01,171.3,11.3,0,0,5,0,13091.68,4,3.35
600,2026-06-01,184.7,8.7,0,0,4,0,8428.65,8,3.16
1494,2025-10-01,190,6,20018.58,64,2,0,8823,6,2.34
352,2026-04-01,181.1,5.1,0,0,3,0,7982.76,6,2.79
257,2025-11-01,160.6,8.6,0,0,4,1,7984.93,0,3.23
382,2026-04-01,166.4,14.4,0,132,3,3,11044.85,0,3.96
980,2025-09-01,150.3,6.3,14597.16,53,1,4,10688.78,4,2.8
1020,2025-12-01,197.4,21.4,0,0,5,1,17989.84,6,3.34
1387,2026-03-01,177.5,9.5,0,0,5,1,8372.89,8,4.24
1268,2025-09-01,173.5,5.5,0,85,4,1,10480.15,2,2.98
829,2026-07-01,194.5,10.5,0,119,6,0,15526.65,8,3.82
724,2025-09-01,173.9,5.9,26863.96,95,2,1,8762.32,0,4.2
261,2025-09-01,100.8,0,13614.24,42,1,1,5083.33,8,4.09
1002,2025-09-01,168.5,8.5,0,0,3,2,7356.38,4,3.45
827,2026-06-01,184.2,8.2,30639.9,99,3,0,9091.57,4,3.92
245,2026-06-01,181,13,0,0,5,1,8776.88,0,3.76
212,2025-11-01,169.1,17.1,32401.63,123,3,1,9208.53,4,4.7
472,2025-09-01,162.1,2.1,14500.18,57,1,2,8156.92,6,2.8
931,2026-06-01,180.2,12.2,0,142,4,1,14342.28,0,3.88
1074,2026-02-01,168,8,0,106,4,0,11164.02,10,3.97
814,2025-12-01,177.8,9.8,36928.93,123,2,2,6129.16,0,3.72
1408,2026-08-01,177,9,0,98,3,0,18026.72,0,3.07
1169,2025-11-01,178.2,18.2,26575.9,72,2,0,9508.48,2,3.04
421,2026-07-01,190.4,6.4,0,137,6,0,7809.85,8,4.06
1334,2026-01-01,176,8,0,98,3,1,13262.03,6,4.13
334,2025-12-01,193,17,0,0,5,1,14053.12,2,4.12
66,2025-11-01,169.6,17.6,0,0,2,1,13847.28,2,1.93
1010,2025-11-01,91.2,0,0,0,2,1,6354.17,6,4.01
148,2026-06-01,188.5,12.5,0,106,4,0,10151.05,2,3.33
41,2026-06-01,185.4,9.4,0,0,7,0,7035.96,6,4.43
1223,2026-07-01,189.8,5.8,0,0,5,0,8861.87,8,3.49
567,2025-09-01,182,6,0,0,4,0,7689.38,6,3.39
1073,2026-03-01,188,12,0,0,4,0,11727.45,4,3.98
745,2026-08-01,176.6,8.6,0,0,6,0,11414.85,6,3.59
183,2025-09-01,170.6,2.6,0,0,5,1,10312.25,4,3.88
838,2026-03-01,105.6,0,0,50,3,0,8113,8,3.19
844,2026-03-01,184,8,0,0,4,0,9326.9,6,3.92
1203,2026-05-01,100.8,0,0,0,2,0,4890.17,6,2.99
839,2026-01-01,189.3,13.3,0,47,2,0,12493.17,10,4.22
166,2026-07-01,169.4,9.4,19922.97,57,2,3,6343.36,2,3.19
1007,2026-04-01,172.4,4.4,26404.25,79,2,1,9720.03,,3.61
1291,2026-02-01,167.9,7.9,16723.68,55,2,0,8874.02,8,3.25
1274,2026-08-01,164.7,12.7,0,0,3,2,8293.76,8,2.1
921,2026-07-01,197.1,13.1,0,0,5,0,10334.44,8,3.15
362,2026-02-01,91.2,0,0,0,2,1,6943.83,10,3.71
1480,2026-07-01,171.2,3.2,0,0,3,2,9560.11,2,3.81
1042,2026-08-01,176.3,8.3,17752.03,65,2,0,12389.78,4,
835,2025-12-01,202.8,18.8,0,0,4,0,12860.93,2,2.74
603,2026-08-01,96,0,16615.61,39,1,1,4808.83,0,4.15
319,2026-06-01,176.6,8.6,0,0,5,1,9350.35,4,3.63
337,2025-09-01,105.6,0,0,0,3,0,5723.83,8,3.04
1444,2026-05-01,175.7,7.7,31413.82,69,3,0,11061,4,3.81
1014,2026-03-01,185.4,9.4,0,105,6,0,13291.37,12,3.54
1207,2025-12-01,201.2,17.2,45473.28,135,3,0,8000.76,2,3.62
1056,2026-08-01,170.1,2.1,0,0,4,0,9751.04,2,2.99
81,2025-11-01,175.2,15.2,0,0,5,0,14529.52,0,3.14
846,2025-09-01,171.4,11.4,0,120,3,2,13828.02,6,3.85
1016,2026-03-01,34,2,0,0,1,1,3070.91,4,3.9
667,2025-10-01,194.6,10.6,0,0,4,0,9356.68,8,3.69
971,2026-07-01,100.8,0,0,83,2,2,6669.33,6,4.73
898,2026-05-01,183.3,15.3,0,129,4,0,10361.5,0,3.99
903,2025-10-01,195.6,11.6,0,0,3,0,8547.05,0,3.82
499,2026-03-01,105.6,0,9828.2,37,1,0,4859.67,10,3
1375,2025-09-01,186.3,10.3,0,0,6,0,12047.28,2,4.15
1110,2026-04-01,180.5,4.5,32856.27,84,4,0,10404.14,6,4.63
517,2026-01-01,177.7,1.7,0,0,4,0,13442.05,2,2.45
529,2025-11-01,153.7,9.7,0,0,4,2,6601.03,0,4.11
306,2026-08-01,187.3,19.3,0,71,5,0,11876.56,8,2.62
1170,2026-01-01,178.6,2.6,0,0,4,0,7890.12,8,3.44
75,2025-11-01,174.7,14.7,20056.52,62,1,0,12067.36,6,2.46
211,2025-12-01,179.5,19.5,0,212,6,3,10080.47,4,4.07
1140,2026-06-01,186.1,10.1,0,0,6,0,8523.62,6,3.91
409,2025-12-01,207.8,23.8,38306.67,116,3,0,9146.41,6,3.28
1377,2026-02-01,164.5,4.5,0,0,6,0,10361.89,10,4.5
152,2025-11-01,168.1,8.1,24084.51,76,2,0,6951.88,0,2.84
68,2026-05-01,173.2,5.2,0,0,5,0,17667.99,8,2.98
1265,2026-08-01,177.1,9.1,0,0,4,0,9015.11,8,3.23
74,2025-09-01,191.6,15.6,0,104,5,0,24347.64,8,3.19
575,2025-09-01,184.5,8.5,0,0,4,0,10739.87,4,3.85
308,2026-08-01,163.3,3.3,0,0,4,1,11492.25,2,3.78
1221,2026-08-01,181.8,13.8,0,102,4,0,17139.49,2,3.36
980,2026-07-01,181,5,19337.28,58,2,1,10574.75,8,2.98
227,2026-05-01,171.5,11.5,0,0,4,1,10787.2,4,3.35
909,2026-01-01,180,4,0,104,4,0,12664.38,6,4.04
710,2026-02-01,164.3,4.3,0,92,5,0,14383.36,10,3.62
32,2026-01-01,167.5,7.5,0,66,3,2,9202.54,4,2.9
1077,2025-11-01,178.3,18.3,29820.07,80,1,0,12977.94,16,3.18
651,2026-08-01,152,0,15180.85,53,2,2,11142.67,6,2.99
992,2026-06-01,96,0,14463.79,43,1,2,5134.17,8,4.27
1330,2026-04-01,183.7,7.7,31123.69,84,2,0,7927.05,0,4.15
689,2026-08-01,173.2,13.2,0,0,5,1,7895.62,2,3.56
780,2025-10-01,195.6,11.6,0,0,5,0,12015.1,8,4.09
1294,2025-11-01,158.2,14.2,0,0,4,2,9657.93,2,3.25
823,2026-05-01,159.3,7.3,0,0,5,2,9825.31,6,4.35
971,2026-01-01,105.6,0,0,74,2,0,6669.33,6,4.8
328,2026-01-01,173.5,5.5,0,93,5,1,11843.42,8,3.69
1113,2026-04-01,188.1,12.1,0,0,5,0,8872.67,2,4.08
1064,2025-10-01,185.1,9.1,0,0,4,1,10484.73,8,2.9
404,2026-06-01,190.1,14.1,33879.17,115,3,0,8583.45,0,4.27
49,2025-12-01,197.9,21.9,36655.65,106,1,1,8707.28,2,2.95
818,2025-10-01,105.6,0,14738.63,50,1,1,5622.17,0,3.27
836,2026-05-01,166.8,6.8,0,0,4,1,8073.7,2,2.87
571,2026-01-01,166.8,6.8,0,62,3,2,10183.63,8,3.03
601,2026-04-01,174.8,6.8,0,0,3,1,8009.11,4,3.05
1346,2026-06-01,183.2,7.2,25550.43,97,3,0,6804.08,0,3.82
1463,2025-10-01,180.5,4.5,33469.71,90,3,1,7974.75,0,4.27
601,2025-12-01,189.8,13.8,0,0,4,1,8467.32,6,3.12
827,2026-05-01,174,6,25560.62,74,2,0,8929.95,2,
268,2025-11-01,165.2,13.2,32302.09,83,2,1,11758.48,4,3.72
965,2026-04-01,96,0,14216.05,48,1,2,6242.33,2,4.58
1212,2025-09-01,180.2,4.2,33910.44,94,3,0,7786.24,8,4.29
378,2026-08-01,171.4,3.4,0,0,3,0,7828.42,4,
579,2026-01-01,170.9,2.9,0,0,5,1,10536.45,2,3.12
420,2025-09-01,183.7,7.7,0,0,6,0,9336.79,0,4.71
315,2026-03-01,158.5,6.5,0,0,4,3,8440.49,6,3.48
712,2026-05-01,100.8,0,0,0,3,0,6455.83,0,3.45
47,2025-10-01,192.5,8.5,0,0,4,0,8731.6,4,2.99
117,2025-09-01,179.5,3.5,21245.39,50,2,0,9458.56,2,2.86
418,2026-07-01,190.3,6.3,0,0,6,0,9616.69,8,3.75
551,2026-07-01,191.2,7.2,0,80,3,0,11526.04,4,2.3
986,2026-04-01,185.7,9.7,0,98,5,0,12441.67,8,3.25
248,2026-05-01,156.8,4.8,23838.13,59,1,2,9710.09,8,3.15
1147,2026-03-01,111,7,0,64,3,1,9154.55,6,3.24
701,2026-06-01,186.8,10.8,0,126,3,0,12095.14,2,3.72
692,2026-02-01,162.6,2.6,0,0,5,0,10561.74,10,4.36
416,2025-09-01,100.8,0,0,0,2,1,4229.33,8,3.69
1305,2026-02-01,161.7,1.7,23145.64,62,2,0,8675.95,12,4.2
599,2025-11-01,170,18,0,150,6,1,11092.3,4,4.39
515,2025-09-01,105.6,0,16011.13,40,2,0,5368,6,3.79
993,2026-01-01,163.9,3.9,0,75,4,2,10289.09,8,3.14
238,2026-04-01,180.1,4.1,26539.48,62,2,0,8211.36,0,3.3
1102,2025-11-01,167.5,7.5,0,0,5,0,7676,2,4.39
1492,2026-03-01,153.9,9.9,0,0,4,4,13201.06,4,3.66
1354,2025-09-01,182.8,6.8,0,0,6,0,8482.77,2,3.58
1335,2026-08-01,171.6,3.6,0,0,5,0,10106,0,4.2
495,2025-10-01,193.4,9.4,0,0,4,0,11048.65,0,3.24
306,2026-07-01,197.4,13.4,0,93,4,0,11356.95,,
5,2026-04-01,182.8,6.8,0,0,4,0,8289,0,3.38
683,2026-01-01,183.3,7.3,0,0,4,0,10019.87,0,3.64
394,2026-01-01,169.9,1.9,0,0,5,1,7977.72,6,3.82
1088,2026-05-01,179.5,11.5,0,71,2,0,11748.55,0,
208,2026-07-01,186.2,2.2,0,0,6,0,6620.18,6,3.48
1399,2026-03-01,185.4,9.4,0,0,4,0,9520.53,8,3.87
1102,2026-04-01,166.1,6.1,0,0,5,2,7588.67,8,4.26
1444,2025-12-01,200.7,16.7,48231.8,121,3,0,11868.66,0,
803,2026-03-01,182.7,6.7,26298.82,66,3,0,9013.64,4,3.22
1309,2026-03-01,157.6,5.6,0,0,3,3,9273.64,8,3.5
759,2026-02-01,165.8,5.8,0,0,3,0,5680.14,12,3.03
117,2026-04-01,183.5,7.5,,58,1,0,9776.35,6,3.14
968,2026-06-01,187.4,11.4,0,0,4,0,9114.43,8,3.66
1244,2025-11-01,91.2,0,0,55,2,1,9861.67,8,3.05
224,2025-11-01,178,18,0,129,4,0,13677.37,0,3.29
654,2026-02-01,150.5,6.5,0,98,4,2,8036.3,4,4.34
667,2026-06-01,186.5,10.5,0,0,6,0,9349.26,6,
441,2026-07-01,192.5,8.5,0,0,4,0,7465.52,2,
1155,2026-02-01,152.5,8.5,0,61,2,2,9069.95,12,2.8
1451,2026-07-01,191.6,7.6,0,99,6,0,12176.41,0,3.2
404,2026-01-01,168,0,20285.86,62,3,1,7650,4,4.19
1061,2025-11-01,91.2,0,0,0,3,1,4137.83,8,4.76
1223,2025-11-01,172.3,12.3,0,0,3,0,9336.53,8,3.31
746,2026-02-01,160.9,8.9,0,123,5,1,10312.46,6,4.58
587,2026-02-01,158,6,19687.37,56,2,1,13004.57,12,3.4
1007,2026-01-01,160.8,0.8,16221.86,52,2,2,9428.32,0,
1448,2025-12-01,105.6,0,0,73,2,1,6476.17,6,2.86
698,2025-11-01,171.3,11.3,0,0,5,0,8951,6,3.66
1240,2026-01-01,176.1,0.1,24649.46,81,2,0,8008.09,0,4.45
811,2026-02-01,161.7,1.7,17858.53,47,2,0,9088.6,4,3.51
26,2026-05-01,180.9,12.9,0,149,7,0,11075.59,8,4.46
1157,2026-07-01,187.6,3.6,0,0,4,0,11626.09,0,2.8
1164,2026-02-01,154.5,2.5,0,0,5,1,6772.08,12,3.91
636,2025-10-01,197.1,13.1,28849.93,72,3,0,7312.21,6,3.15
650,2026-05-01,163,3,22327.96,61,1,1,8250.61,6,3.24
553,2026-05-01,173.4,5.4,0,0,5,0,7725.92,0,3.54
1439,2025-10-01,182.3,6.3,0,0,4,1,8212.24,6,2.86
375,2026-06-01,184.4,8.4,26070.44,68,2,0,6696.1,6,3.29
689,2026-07-01,182.5,6.5,0,0,4,1,7484.76,2,3.98
398,2025-09-01,187.9,11.9,25124.67,72,3,0,8959.7,4,3.72
1319,2026-02-01,96,0,0,0,2,0,4961.33,12,
768,2026-01-01,179.2,3.2,0,0,4,0,8452.6,4,3.24
157,2025-11-01,91.2,0,13235.35,37,1,1,3975.17,8,3.1
1076,2026-08-01,176.5,8.5,16969.4,60,2,0,9561.1,6,
511,2025-09-01,180.2,12.2,0,148,7,1,12375.28,6,4.16
616,2026-02-01,166.7,6.7,0,82,2,0,10411.94,6,3.21
1080,2025-09-01,178.9,2.9,0,0,7,0,11985.08,2,4.59
83,2026-07-01,183.4,7.4,0,0,5,1,19244.73,8,3.11
228,2025-11-01,172.4,20.4,0,103,4,1,11602.63,8,3
179,2026-07-01,188.3,4.3,0,0,6,0,8541.44,2,3.89
256,2026-05-01,100.8,0,0,0,3,0,6791.33,0,3.57
685,2026-03-01,186,10,0,0,4,0,8329.04,12,2.69
857,2026-03-01,187.5,11.5,0,174,6,0,12631.64,10,4.63
588,2026-06-01,190.5,14.5,0,0,3,0,11854.31,8,3.29
709,2025-09-01,179.6,3.6,12677.12,42,1,0,9560.86,2,2.1
959,2026-03-01,186.5,10.5,0,0,4,0,12864.94,12,3.19
1136,2026-06-01,187.8,11.8,0,0,5,0,8486.29,8,3.7
486,2025-12-01,187.6,19.6,0,0,5,2,11213.3,2,3.25
1271,2025-11-01,164,12,28541.8,104,1,1,8933.06,6,3.95
10,2026-06-01,186.3,10.3,0,0,4,0,12069.43,8,3.01
232,2026-04-01,166.2,6.2,0,0,3,2,6984.32,6,3.68
6,2026-05-01,173.9,13.9,0,0,4,1,12414.66,4,3.63
927,2026-01-01,169.1,1.1,0,0,4,1,8416.03,4,3.68
46,2025-10-01,191.8,7.8,23665.19,66,2,0,6620.28,8,3.12
415,2026-03-01,105.6,0,13221.14,40,2,0,4483.5,8,3.92
314,2026-06-01,105.6,0,15545.26,39,1,0,5571.33,2,3.11
706,2026-04-01,180.6,4.6,0,0,4,0,14017.65,8,3.72
1240,2025-11-01,158.2,14.2,30252.85,99,3,2,8984.39,8,4.28
597,2025-10-01,191.8,7.8,34360.84,115,3,0,6294.69,0,4.63
986,2026-01-01,183.2,7.2,0,72,5,0,12193.34,6,3.3
285,2026-02-01,149.6,5.6,0,55,4,2,12340.98,4,2.88
831,2026-04-01,166.6,6.6,0,0,4,2,10661.36,2,2.99
1190,2026-02-01,150.7,6.7,0,0,4,2,12079.14,8,2.88
145,2026-07-01,194,10,0,102,5,0,11444.15,4,3.46
956,2025-11-01,180.7,20.7,0,0,5,0,10597.28,8,4.37
86,2026-04-01,181.9,5.9,0,0,5,0,14586.05,6,4
563,2026-07-01,193.6,9.6,0,145,7,0,11793.08,2,4.08
937,2025-10-01,192.2,8.2,0,0,6,0,7741.45,4,4.25
686,2026-05-01,184.1,16.1,0,0,3,0,8339.87,4,3.4
302,2026-05-01,171.1,3.1,0,0,4,0,12297.62,6,3.17
841,2026-04-01,180.1,4.1,24836.93,69,2,0,7516.55,4,
920,2025-12-01,199.3,15.3,0,0,4,0,11317.06,4,3.78
475,2026-02-01,160.5,0.5,0,0,3,0,7463.99,8,4.21
1442,2026-01-01,176.6,0.6,0,0,5,0,9412.12,0,3.53
314,2026-02-01,81.6,0,5403.72,20,1,3,5571.33,12,2.72
1024,2026-06-01,188.5,12.5,0,0,6,0,11784.68,0,3.6
238,2026-06-01,179,11,35465.96,81,3,1,8684.88,0,3.89
1221,2026-07-01,184.1,8.1,0,116,3,1,16384.24,0,3.38
561,2026-02-01,160.3,0.3,0,0,4,0,8103.48,6,3.88
101,2026-06-01,185.6,9.6,0,0,4,0,7267.45,4,3.75
318,2026-06-01,172.3,4.3,27421.63,69,3,1,8435.99,4,3.17
1416,2025-09-01,186.1,10.1,24987.53,92,3,0,8899.49,0,3.94
120,2026-03-01,161.5,9.5,25418.3,64,2,3,8691.96,6,3.42
879,2026-03-01,188.4,12.4,0,96,3,0,14308.45,10,3.33
225,2025-12-01,192,16,0,0,3,1,10440.07,0,3.68
98,2025-12-01,110.4,0,0,0,3,0,6222,6,3.29
1367,2026-06-01,184.8,8.8,0,0,3,0,11586.41,8,3.31
756,2026-02-01,164.7,4.7,0,0,3,0,8993.15,10,3.47
225,2026-03-01,181,13,0,0,3,1,10202,6,3.28
626,2025-10-01,196.7,12.7,30247.6,92,4,0,9410.87,6,4.33
1387,2025-12-01,199.9,15.9,0,0,5,0,8801.39,2,3.95
918,2025-10-01,191.8,7.8,26603.29,92,2,0,10017.24,0,3.49
1163,2025-12-01,204.9,20.9,0,0,5,0,7767.54,6,3.59
1311,2026-01-01,171.5,3.5,0,91,5,1,13093.25,,3.61
38,2026-02-01,161.8,1.8,18622.17,60,2,0,6814.52,6,4
1172,2026-04-01,176.1,8.1,0,0,4,1,7822.22,4,3.77
1023,2026-05-01,177.6,9.6,0,0,4,0,9315.54,4,3.9
953,2026-06-01,187.9,11.9,0,93,5,0,10473.54,8,2.94
886,2025-10-01,195.4,11.4,0,0,5,0,7077.16,0,3.58
151,2025-11-01,86.4,0,0,0,2,2,3395.67,0,3.49
762,2026-01-01,170.2,2.2,0,0,3,1,9707.53,8,2.35
823,2026-02-01,156.5,4.5,0,0,4,1,9601.39,12,4.56
158,2025-10-01,199.4,15.4,0,137,4,0,13606.97,4,3.75
391,2026-08-01,176.8,8.8,0,0,5,0,8621.43,2,3.75
140,2026-01-01,178,2,0,0,3,0,8263.76,2,2.95
893,2025-09-01,191.7,15.7,0,49,2,0,10819.12,16,3.45
1241,2026-07-01,186.8,2.8,19920.65,60,3,0,7903.48,4,
1470,2026-08-01,91.2,0,0,69,3,2,8021.5,4,4.05
1323,2026-07-01,110.4,0,0,0,2,0,6100,8,3.46
1026,2026-01-01,173.7,5.7,0,0,4,1,9814.7,4,3.16
1265,2025-12-01,201,17,0,0,3,0,9586.44,0,2.92
1251,2026-04-01,181.6,5.6,0,0,5,0,9540.13,0,3.26
1004,2026-08-01,159.7,7.7,0,0,3,2,6430.56,6,3.46
618,2025-11-01,163.4,11.4,0,0,3,1,14877.97,0,3.21
64,2025-11-01,175,15,0,124,4,0,26648.4,2,3.62
969,2025-11-01,175.7,15.7,21663.42,82,2,0,11086.05,4,3.04
941,2026-05-01,177.9,9.9,0,0,4,0,6744.02,8,3.88
926,2026-07-01,182.6,6.6,0,0,5,1,5664.38,2,3.87
1045,2026-03-01,184.7,8.7,0,0,5,0,8188.14,4,3.79
744,2026-05-01,171.7,3.7,0,0,6,0,5634.31,8,3.93
863,2026-01-01,177.7,1.7,20065.23,73,2,0,7664.96,0,4.34
38,2025-12-01,194,18,45735.05,141,2,1,7755.21,6,3.96
1279,2026-05-01,158.3,6.3,0,0,4,2,8598.2,6,3.12
661,2026-08-01,179.4,11.4,0,0,3,0,8969.23,0,3.6
207,2026-01-01,179.9,3.9,16995.53,50,2,0,9669.01,0,2.99
701,2026-07-01,190.8,6.8,0,114,5,0,11712.25,4,
168,2025-09-01,149.6,5.6,0,0,4,4,10062.43,6,2.94
460,2025-11-01,168.7,16.7,33107.23,94,3,1,12694.82,0,4.28
805,2025-09-01,188.3,12.3,23500.61,64,2,0,12789.92,6,3.15
713,2026-06-01,163.2,11.2,23231.72,61,1,3,10672.51,2,3.34
753,2026-03-01,183.8,7.8,22781.42,77,2,0,8866.83,12,3.45
1353,2026-08-01,163.7,3.7,0,0,3,1,9096.73,2,3.03
1124,2026-02-01,155.2,3.2,19394.38,44,2,1,9455.63,10,3.44
566,2026-08-01,170.2,10.2,0,132,6,1,17038.67,0,4.33
526,2026-08-01,175,7,0,0,5,0,7267.43,4,4.31
248,2025-12-01,196.4,12.4,33114.55,105,3,0,10323.25,8,
143,2025-11-01,175.2,15.2,0,0,4,0,7189.98,8,4.99
256,2026-01-01,105.6,0,0,0,3,0,6791.33,4,3.29
1290,2026-04-01,177.6,9.6,0,0,5,1,8313.52,4,3.13
643,2025-09-01,183.6,7.6,0,115,4,0,12233.08,0,3.69
12,2025-10-01,165.4,5.4,0,0,5,3,11067.43,0,4.14
15,2026-08-01,169,9,0,148,5,1,4602.57,2,4.66
1322,2026-03-01,181,13,0,117,4,1,14115.4,8,3.59
1335,2025-09-01,183.1,7.1,0,0,5,0,10402.84,0,4.02
1303,2026-02-01,157.9,5.9,11323.82,41,1,1,8879.86,6,2.36
1264,2025-09-01,180,12,0,0,3,1,8573.94,6,3.7
457,2026-02-01,161.9,1.9,0,0,3,0,6654.99,10,3.3
756,2026-07-01,180.1,4.1,0,0,5,1,8948.28,2,3.39
1340,2026-08-01,175.6,7.6,16160.25,40,2,0,5462.07,4,2.39
293,2026-03-01,105.6,0,0,55,2,0,6882.83,10,
1151,2026-07-01,190.5,6.5,0,0,5,0,9868.72,6,3.83
522,2025-12-01,204.5,20.5,34412.14,121,2,0,9487.91,6,3.6
859,2026-06-01,180.1,12.1,31683.17,93,2,1,6997.06,2,3.92
1487,2025-11-01,171.2,19.2,0,127,4,1,10231.64,0,3.7
303,2025-11-01,153.4,9.4,19107.83,68,1,2,9223.7,6,2.77
1477,2025-09-01,180.3,12.3,0,0,3,1,10528.91,0,3.46
407,2025-11-01,165.9,5.9,28336.61,81,2,0,9050.83,4,3.24
451,2026-04-01,176.9,0.9,0,0,4,0,6567.59,4,3.66
534,2025-10-01,177.9,1.9,22788.08,68,2,1,9164.92,0,3.16
1445,2025-09-01,181.1,5.1,23664.73,86,2,0,11061.21,0,3.6
770,2025-11-01,163.6,11.6,25052.93,92,2,1,8726.05,8,3.74
949,2026-06-01,175.6,7.6,0,0,5,1,6046.11,0,3.89
765,2025-10-01,192.2,8.2,27914.11,102,2,0,8525.39,6,3.69
690,2026-05-01,168.3,8.3,0,0,5,1,8020.12,6,4.03
1053,2026-06-01,186.1,10.1,0,0,5,0,12127.63,8,4.42
1095,2025-11-01,167.1,15.1,40525.75,117,2,1,7253.46,0,4.73
123,2026-06-01,174.7,6.7,19205.7,74,2,1,6539.73,8,2.98
273,2025-09-01,172.7,4.7,0,85,5,1,12089.33,6,3.32
1490,2026-06-01,193.4,17.4,0,139,4,0,13873.27,8,3.37
14,2026-04-01,190.2,14.2,0,99,3,0,11758.47,8,2.79
1187,2026-08-01,161,9,19383.64,60,1,2,7590.1,4,3.47
97,2025-09-01,167.5,15.5,17943.32,62,1,3,9662.45,2,3.31
1151,2025-10-01,193.5,9.5,0,0,5,0,10111.28,6,3.56
1362,2026-01-01,179.1,3.1,0,0,4,0,7819.12,8,3.61
136,2026-06-01,169.9,9.9,0,0,3,2,10971.45,0,2.83
49,2026-03-01,182.3,6.3,21980.64,57,2,0,7719.08,12,2.96
1091,2025-12-01,200.3,16.3,0,0,7,0,13271.26,8,3.66
37,2026-03-01,177.4,9.4,41370.09,119,4,1,7145.9,4,4.99
247,2026-05-01,159.6,7.6,0,0,3,2,8321.53,8,2.8
227,2026-03-01,179.5,11.5,0,0,5,1,10787.2,,3.53
163,2026-05-01,169.4,9.4,0,114,5,1,14533.65,6,3.4
851,2026-01-01,158.6,6.6,0,106,4,3,13928.55,6,4.6
1320,2026-01-01,176.6,0.6,15431.47,51,1,0,9279.27,4,3.57
392,2026-08-01,153.3,9.3,0,0,4,3,8403.44,6,
33,2025-11-01,174.5,14.5,0,92,3,0,7895.25,0,2.61
914,2026-04-01,161.8,9.8,0,0,6,3,10477.43,0,3.81
622,2026-03-01,193.1,17.1,34930.9,109,2,0,9511.98,4,4.42
1447,2026-04-01,176.2,8.2,0,93,4,1,14154.54,6,3.24
1354,2025-10-01,183.2,7.2,0,0,4,1,8510.5,4,3.38
201,2026-04-01,192.3,16.3,0,171,5,0,17517.14,8,4.87
1008,2026-03-01,183.2,7.2,0,0,2,0,13154.56,4,2.19
1209,2026-06-01,185.6,9.6,0,0,4,0,7328.82,0,2.6
227,2025-11-01,174.2,14.2,0,0,5,0,11016.43,8,3.32
889,2025-12-01,204.4,20.4,0,0,4,0,11327.52,4,4.08
1340,2026-01-01,169.2,1.2,10002.74,32,1,1,5178.22,6,1.97
526,2026-05-01,173.9,5.9,0,0,7,0,7202.2,8,4.51
1418,2025-11-01,96,0,0,72,2,0,8346.83,6,3.22
1093,2026-07-01,192.5,8.5,0,121,6,0,11030.81,4,3.64
1167,2025-12-01,202.8,18.8,0,0,6,0,12742.72,8,4.34
617,2026-07-01,170.6,2.6,0,0,5,2,9636.55,6,3.68
527,2026-08-01,170.8,10.8,0,113,3,1,12282.35,8,
346,2025-09-01,177.2,9.2,0,0,5,1,11195.61,8,3.47
268,2026-05-01,158.1,6.1,23553.64,74,3,2,11110.08,0,3.82
1410,2026-07-01,166.4,6.4,21196.85,66,2,3,7038.71,6,3.48
336,2026-08-01,175.8,7.8,0,99,3,0,13308.17,8,3.4
676,2025-10-01,179.1,3.1,0,0,3,1,8069.66,4,3.4
192,2026-06-01,183,7,27994.47,68,3,0,8863.24,6,3.47
1189,2026-05-01,180.2,12.2,20334.01,61,2,0,11003.99,4,2.77
893,2026-04-01,184.3,8.3,0,119,5,0,10209.15,0,3.85
1003,2025-11-01,180.6,20.6,0,129,3,0,11140.54,8,2.96
1275,2025-12-01,197.1,13.1,0,0,5,0,6791.53,8,2.94
277,2026-06-01,185.9,9.9,0,0,4,0,10993.53,0,3.44
99,2026-08-01,91.2,0,14034.7,35,1,2,6923.5,8,
461,2026-06-01,184.8,8.8,0,0,5,0,10929.96,8,3.75
222,2025-12-01,190.9,14.9,0,0,3,1,8677.05,0,3.46
72,2025-11-01,168.4,8.4,0,0,4,0,15726.03,8,3.35
83,2026-06-01,166.4,6.4,0,0,2,2,19088.21,0,2.8
680,2025-11-01,170.2,18.2,0,0,5,1,10697.04,0,4.18
173,2025-12-01,188.3,20.3,29979.81,117,2,2,9801.19,4,3.28
1022,2026-01-01,173.6,5.6,0,0,4,1,9103.09,8,3.64
279,2026-05-01,181.3,13.3,0,80,2,0,13717.54,8,2.58
853,2026-06-01,168.1,8.1,0,0,4,2,7561.12,4,4.09
565,2026-05-01,169.4,9.4,0,0,3,1,9003.83,0,3.05
799,2026-05-01,158,6,0,0,3,2,6299.09,4,3.53
357,2025-12-01,185.9,17.9,0,0,5,2,7596.77,6,2.68
544,2026-02-01,160,0,0,0,4,0,8997.5,8,3.59
407,2026-02-01,164.1,4.1,16643.3,55,2,0,8916.7,4,3.2
994,2025-11-01,162.2,10.2,0,0,3,1,10367.03,0,3.52
464,2025-09-01,189.9,13.9,0,0,6,0,6525.68,0,3.36
1258,2026-01-01,176.2,0.2,0,0,3,0,9226.94,6,2.99
190,2026-04-01,105.6,0,0,0,3,0,6608.33,8,4.78
329,2026-01-01,183.5,7.5,17182.87,57,2,0,9267.5,6,3.29
310,2025-12-01,187.6,19.6,0,0,4,2,12545.1,6,3.2
816,2026-06-01,105.6,0,16713,46,1,0,5683.17,6,3.43
1062,2026-02-01,154.8,2.8,0,0,6,1,9475.84,6,4.51
830,2026-04-01,184.5,8.5,30255.71,79,3,0,8284.11,2,4.24
1390,2025-12-01,197.4,21.4,0,0,6,1,11061.4,6,3.6
396,2025-09-01,182.8,6.8,0,70,4,0,18203.51,0,2.31
1296,2026-02-01,96,0,8175.85,32,1,0,3873.5,6,3.16
236,2025-09-01,181.8,5.8,0,0,5,0,9534.52,8,4.35
570,2026-03-01,176,8,30843.09,79,2,1,9511.7,10,4.43
1094,2026-06-01,105.6,0,13961.36,47,2,0,5256.17,4,3.82
837,2026-08-01,100.8,0,0,0,3,0,5246,8,3.72
1404,2025-09-01,175.2,7.2,24148.07,74,2,1,7055.49,8,3.6
704,2026-06-01,105.6,0,0,58,2,0,5408.67,8,2.88
1146,2026-08-01,178.7,10.7,0,0,5,0,9941.71,0,3.47
1394,2025-11-01,176.1,16.1,0,0,4,0,9417.11,8,3.86
845,2026-06-01,169.8,9.8,30109.42,96,3,0,8396.95,4,4.52
751,2025-10-01,180.2,12.2,0,114,5,2,12645.04,6,3.13
877,2026-01-01,160,0,0,0,3,2,6974.33,0,2.32
926,2026-04-01,187.9,11.9,0,0,6,0,5910.14,6,3.35
29,2026-03-01,186,10,0,0,5,0,5523.24,10,4.8
477,2025-11-01,91.2,0,10345.25,37,1,1,4188.67,0,2.62
302,2026-04-01,176.3,8.3,0,0,5,1,12836.56,2,3.59
954,2026-06-01,177.8,9.8,0,0,3,1,9683.36,6,3.16
1382,2026-02-01,96,0,0,0,2,0,5774.67,6,2.43
96,2026-07-01,110.4,0,0,70,2,0,5805.17,8,4.15
1459,2026-06-01,173.7,13.7,0,0,5,2,8654.09,4,2.95
1380,2026-06-01,194.3,18.3,0,158,7,0,13743.43,8,4.56
132,2026-08-01,162.2,10.2,19679.89,69,3,2,7778.04,6,
1416,2026-08-01,177.1,9.1,24067.16,68,3,0,8828.67,4,3.98
1129,2026-06-01,174.6,14.6,0,109,4,2,13134.51,8,3.25
1160,2026-04-01,167,7,,81,2,2,6771.43,2,
991,2026-02-01,152,0,0,0,3,1,10187,10,3.6
1327,2026-01-01,169.6,9.6,0,71,3,2,10592.85,4,3.18
227,2025-10-01,186.8,10.8,0,0,4,1,10727.77,4,3.35
205,2026-01-01,177.8,1.8,0,0,6,0,7981.25,4,4.21
431,2026-06-01,185.8,9.8,0,0,4,0,8856.19,8,3.58
910,2025-10-01,183.2,7.2,0,0,6,1,7970.49,6,3.61
451,2025-10-01,167.2,7.2,0,0,4,3,6922.88,4,3.34
1284,2026-01-01,179.8,3.8,0,79,3,0,10816.02,2,3.26
647,2026-04-01,183.9,7.9,0,0,4,0,9232.46,2,3.59
780,2025-09-01,184.4,8.4,0,0,7,0,11712.73,4,4.2
353,2026-03-01,171.9,3.9,0,0,3,1,7304.31,12,2.85
132,2026-04-01,188.8,12.8,30970.85,99,2,0,7938.85,8,4.34
832,2026-08-01,168.8,0.8,19016.74,67,2,0,8425.09,8,3.81
165,2025-10-01,184,8,29886.61,80,2,1,8446.39,8,3.7
978,2026-07-01,178,2,18165.17,69,2,1,7777.66,8,3.51
1052,2025-09-01,185.7,9.7,0,0,5,0,8860.14,0,2.86
920,2025-10-01,196.2,12.2,0,0,5,0,11048.95,6,3.85
1113,2025-11-01,157.4,5.4,0,0,6,1,8406.99,4,4.23
888,2026-06-01,182.2,6.2,0,127,3,0,14225.73,8,3.75
883,2025-11-01,177.7,17.7,39578.76,130,3,0,8710.88,6,4.43
1328,2025-11-01,91.2,0,0,0,2,1,4056.5,4,3.53
465,2026-06-01,100.8,0,11274.1,34,1,1,5256.17,2,2.86
1499,2025-10-01,190.8,6.8,0,0,4,0,11163.24,4,2.47
1261,2026-04-01,183.9,7.9,0,0,6,0,8200.59,2,4.15
860,2026-05-01,91.2,0,0,60,3,2,7431.83,0,3.92
630,2026-02-01,169.3,9.3,0,0,4,0,8634.12,8,3.35
681,2025-10-01,193.9,9.9,0,0,4,0,10066.36,8,3.48
1465,2025-09-01,187.1,11.1,15439.52,46,1,0,10296.37,2,1.93
507,2025-12-01,200.5,16.5,35533.73,108,2,0,8249.03,4,3.11
1130,2026-01-01,170.4,2.4,0,0,4,1,10699.53,6,2.92
622,2026-06-01,154.6,2.6,24831.96,76,3,3,8472.26,2,4.27
879,2026-01-01,170.8,2.8,0,84,5,1,13234.94,8,3.44
87,2026-06-01,173.8,5.8,0,0,3,1,13463.64,2,2.93
1029,2026-08-01,167.5,7.5,20048.66,78,2,1,10263.54,2,3.87
1121,2026-05-01,162,10,0,0,3,2,8682.53,2,3.5
765,2026-03-01,157.4,5.4,25084.71,70,3,3,8332.5,6,3.96
187,2025-12-01,110.4,0,0,0,3,0,5723.83,4,3.72
559,2025-09-01,177.5,9.5,0,93,4,1,12498.82,8,3.44
301,2026-02-01,157.9,5.9,0,0,3,1,8698.2,4,2.99
932,2025-10-01,164.1,12.1,0,98,3,4,13387.63,8,3.46
155,2026-05-01,164.3,12.3,0,0,5,2,7885.43,6,3.37
770,2025-12-01,201.3,17.3,36603.83,119,2,0,9117.21,6,3.77
969,2026-03-01,178.4,10.4,22414.5,76,3,1,10638.4,4,3.59
1129,2026-05-01,172.8,20.8,0,95,4,2,13760.18,2,3.42
638,2026-02-01,140.7,4.7,0,77,2,3,7189.32,12,3.69
573,2026-03-01,191,15,0,131,5,0,13599.87,10,3.97
911,2026-06-01,178.8,10.8,0,0,5,1,8426.58,2,4.2
616,2026-05-01,178.9,10.9,0,107,3,0,10769.64,0,3.07
737,2026-08-01,166.9,6.9,0,0,4,1,8683.63,6,4.4
1448,2026-08-01,100.8,0,0,60,3,0,6476.17,4,3.55
107,2026-02-01,167.1,7.1,17913.43,56,2,0,7510.77,12,3.79
13,2026-05-01,173.4,5.4,0,0,4,0,11812.36,2,3.92
10,2026-03-01,179.5,11.5,0,0,3,1,12184.51,8,2.82
1487,2026-02-01,169.1,9.1,0,90,3,0,9464.77,10,3.96
1352,2025-12-01,201.9,17.9,0,0,4,0,10943.1,4,3.37
644,2025-10-01,180.1,12.1,0,101,3,2,8837.69,0,2.76
753,2026-01-01,170.6,2.6,16222.34,46,1,1,8493.06,6,3.07
141,2025-11-01,163.4,19.4,0,129,3,2,11435.54,8,3.27
1298,2025-12-01,206,22,0,0,6,0,17766.09,6,4.62
28,2025-09-01,175,7,0,0,8,1,11968.61,0,4.99
566,2026-05-01,178.3,10.3,0,171,4,0,17052.22,0,4.57
1182,2025-11-01,139.9,11.9,0,0,5,4,8757.85,0,3.97
121,2026-03-01,166.9,6.9,0,0,4,2,12616.04,8,3.77
409,2026-04-01,153.4,1.4,16032.64,59,2,3,7676.22,0,
185,2026-05-01,167.5,7.5,0,0,6,1,8585.43,,3.7
610,2026-01-01,173.4,5.4,0,0,4,1,8289.93,0,2.76
673,2025-09-01,105.6,0,14171.19,47,1,0,5225.67,6,3.86
1294,2026-01-01,168,0,0,0,4,1,8601,2,2.84
704,2026-02-01,91.2,0,0,30,1,1,5408.67,,2.75
223,2025-09-01,186.6,10.6,0,83,4,0,10055.93,2,2.77
57,2025-10-01,183,7,0,0,5,1,10351.23,2,3.88
1036,2026-05-01,175.9,7.9,0,0,8,0,9525.72,2,5
1492,2026-04-01,182.8,6.8,0,0,5,0,12874.86,8,4.34
322,2026-04-01,173.7,5.7,20741.05,69,3,1,11372.26,0,3.52
197,2026-04-01,105.6,0,15214.32,34,1,0,5551,0,3
789,2026-08-01,167.1,7.1,0,0,6,1,8989.18,2,4.24
217,2026-01-01,182.3,6.3,0,67,4,0,16864.05,0,3.09
797,2026-01-01,185.9,9.9,0,68,5,0,12627.1,8,2.84
802,2026-08-01,166.7,6.7,27532.52,72,2,1,6873.17,8,4.61
982,2026-07-01,173.6,5.6,21966.15,59,1,2,8900.56,6,3.25
436,2026-06-01,173.4,13.4,0,0,5,2,8634.01,8,4.04
558,2026-01-01,176.1,0.1,0,0,3,0,9432.66,6,2.89
1110,2026-06-01,184.4,8.4,35107.96,129,4,0,10742.12,0,4.75
383,2026-02-01,157.9,5.9,0,0,3,1,7896.77,10,4.02
177,2026-08-01,164.9,4.9,0,0,3,1,8902.13,2,3.01
514,2026-03-01,176.7,8.7,0,98,4,1,14386.64,10,3.56
730,2025-09-01,173.1,5.1,0,0,5,1,13651.36,8,3.98
1467,2025-10-01,180.3,12.3,0,0,7,2,8639.1,6,4.11
488,2026-03-01,171.4,3.4,0,0,6,1,12255.45,10,4.05
127,2026-03-01,185.8,9.8,0,0,4,0,7389.35,8,3.39
1218,2026-07-01,184.7,0.7,19816.13,55,2,0,6627.91,8,
841,2025-09-01,168.1,8.1,18236.87,55,2,2,7767.83,10,3.27
789,2026-04-01,180.6,4.6,0,0,5,0,8805.96,8,
1328,2026-08-01,96,0,0,0,2,1,4056.5,8,3.52
513,2026-04-01,174.8,14.8,0,57,2,2,12111.03,14,
1404,2026-04-01,181.6,5.6,29810.21,73,3,0,6963.53,0,3.84
434,2026-03-01,173.8,5.8,0,0,7,1,10057.69,8,4.29
1201,2026-03-01,188.6,12.6,0,143,7,0,13282.21,8,4.14
1198,2026-02-01,0.7,0.7,97.56,0,0,2,944.55,0.1,4.03
1256,2026-06-01,157,13,0,0,3,4,9704.34,2,3.68
1126,2025-11-01,175.8,15.8,0,145,3,0,12735.55,8,3.23
1023,2025-12-01,191.5,23.5,0,0,5,2,10350.15,4,3.83
321,2026-07-01,160,0,0,0,3,3,7879.17,4,4
286,2026-03-01,192.7,16.7,0,0,5,0,7470.28,12,3.54
178,2026-08-01,178.2,10.2,0,116,6,0,10289.59,4,4.32
413,2026-05-01,179.1,11.1,28527.33,75,2,0,9282.33,4,3.39
1050,2026-05-01,168.4,16.4,0,97,3,2,14291.36,6,3.49
1499,2026-01-01,148.2,4.2,0,0,2,4,10926.02,2,2.45
1336,2026-04-01,100.8,0,0,0,2,1,4636,6,4.06
1166,2026-06-01,193.6,17.6,0,150,4,0,13284.96,4,4.15
579,2026-05-01,172.2,12.2,0,0,5,1,11363.67,0,2.95
930,2026-01-01,178.3,2.3,0,0,4,0,7548.65,8,4.56
1399,2026-05-01,174,6,0,0,6,0,9261.48,,3.95
1094,2026-03-01,105.6,0,13397.62,40,1,0,5256.17,10,3.27
1044,2025-12-01,185.4,17.4,0,0,5,2,9907.81,6,
323,2026-06-01,184.7,8.7,30266.75,84,3,0,7565.01,2,3.7
449,2025-11-01,167.8,15.8,0,115,5,1,14411.28,4,3.2
1434,2025-11-01,141.2,13.2,0,0,4,4,9991.31,4,
58,2025-11-01,173.9,13.9,0,0,4,0,5808.7,8,4.82
174,2026-08-01,174.4,6.4,18682.09,62,3,0,8605.25,4,3.31
1196,2025-09-01,182.6,6.6,19194.77,55,2,0,9446.91,6,2.86
1431,2025-11-01,172.6,12.6,0,0,3,0,8704.47,2,3.96
574,2026-03-01,174.7,6.7,0,0,5,1,8490.3,10,3.64
406,2025-09-01,182,6,0,0,6,0,9169.26,2,3.72
1013,2025-11-01,156.7,12.7,23451.6,67,2,2,8824.11,4,3.12
26,2026-06-01,190.3,14.3,0,166,4,0,11196.3,0,4.2
443,2026-04-01,182.8,6.8,34778.83,86,4,0,11873.72,2,4.14
420,2025-11-01,167.4,15.4,0,0,3,1,9920.07,8,4.32
492,2026-06-01,173.8,5.8,15579.24,50,1,1,8392.09,4,2.33
545,2026-04-01,181.1,5.1,0,0,4,0,12281.98,8,4.17
1462,2026-06-01,182.7,6.7,26484.9,81,2,0,8959.86,2,3.1
928,2025-10-01,199.7,15.7,0,0,4,0,9342.3,8,2.52
360,2026-04-01,175,7,0,0,4,1,10599.23,8,3.3
419,2025-11-01,157.5,13.5,0,0,4,2,8322.78,2,3.23
764,2026-03-01,183.2,7.2,0,124,5,0,13208.56,4,3.31
294,2025-09-01,181,5,0,0,2,0,8198.88,8,2.58
135,2026-02-01,135.3,7.3,19719.62,53,2,4,9360.53,12,4.13
1018,2025-12-01,192.2,16.2,0,0,6,1,13678.51,2,3.61
957,2025-11-01,172.6,12.6,33888.86,93,2,0,7779.9,6,
370,2026-07-01,170.5,2.5,18007.76,49,2,2,9856.9,8,3.01
724,2025-12-01,187.8,19.8,41878.39,113,2,2,9765.12,6,4.09
451,2026-02-01,167.9,7.9,0,0,4,0,6962.36,4,3.67
1211,2025-10-01,171.8,11.8,0,0,4,3,10465.32,2,3.38
525,2025-11-01,176.3,16.3,0,149,4,0,11229.53,6,3.45
1013,2026-03-01,182.4,6.4,25612.54,67,2,0,8390.66,10,3.38
39,2026-05-01,176.7,8.7,0,0,4,0,8199.07,2,2.51
880,2026-07-01,178.5,10.5,0,0,4,2,8273.49,6,
445,2026-08-01,96,0,0,0,2,1,5784.83,8,3
707,2025-11-01,149.8,13.8,0,0,5,3,10231.34,8,3.8
287,2026-07-01,105.6,0,0,37,2,1,5652.67,6,2.38
1187,2026-07-01,187.9,3.9,18960.42,66,2,0,7279.32,8,3.35
1090,2025-09-01,181.1,13.1,0,0,4,1,11670.11,2,3.42
1461,2026-05-01,179.5,11.5,0,85,3,0,14777.01,8,2.91
805,2026-01-01,179.4,3.4,22427.47,49,2,0,11899.62,6,3.59
318,2025-12-01,205,21,39134.34,113,3,0,9611.41,4,3.28
1476,2026-01-01,176,0,0,100,5,0,12118.67,0,3.6
1069,2025-11-01,174.2,14.2,0,0,3,0,7443.23,2,
1151,2025-09-01,160,0,0,0,5,2,9343.17,6,3.55
73,2026-01-01,177.2,1.2,0,0,3,0,13631.27,4,3.14
364,2026-08-01,183.2,15.2,0,89,4,0,18360.34,8,
6,2025-11-01,172.7,12.7,0,0,5,0,12299.58,6,4.01
274,2026-07-01,182.3,6.3,0,0,5,1,10077.69,2,3.57
841,2026-06-01,184.6,8.6,25760.22,83,2,0,7799.24,4,3.46
1201,2026-07-01,194.7,10.7,0,125,7,0,13085.3,2,3.9
1439,2026-06-01,177.9,9.9,0,0,3,1,8454.86,6,2.92
840,2026-05-01,167.6,7.6,22417.1,89,3,1,8494.89,2,3.87
193,2026-04-01,179.8,11.8,0,114,4,1,12728.7,4,4.06
810,2026-08-01,100.8,0,0,0,3,0,7919.83,6,
609,2026-05-01,177.4,9.4,25534.03,82,2,0,7442.73,4,3.87
940,2026-03-01,179.9,11.9,0,0,5,1,8376.59,6,3.79
24,2025-10-01,161.5,9.5,0,0,4,4,6381.44,6,4.75
1474,2026-02-01,163.5,3.5,0,0,5,0,7363.64,12,3.75
535,2026-07-01,187,3,0,0,6,0,11911.76,8,4.44
1115,2026-08-01,161.2,9.2,0,0,5,2,6475.89,6,3.55
1433,2026-02-01,163,3,17703.5,57,1,0,7124.11,8,3.44
218,2026-07-01,165.8,5.8,0,96,4,3,14851.64,2,3.27
1097,2026-03-01,169.5,9.5,20273.62,68,3,2,5843.94,4,3.29
24,2026-07-01,193,9,0,0,7,0,6355.93,8,4.98
1356,2025-10-01,162.2,10.2,0,107,5,4,15478.63,8,3.88
350,2025-11-01,174.7,14.7,0,0,5,0,8411.63,16,3.79
903,2025-11-01,157,13,0,0,3,2,8641.16,8,3.71
19,2025-12-01,190.9,14.9,0,0,6,1,5853.57,4,3.5
592,2025-09-01,181.6,13.6,0,135,6,1,11095.33,6,3.93
1213,2026-05-01,178,10,0,0,5,0,10262.17,4,3.59
786,2026-03-01,181.5,5.5,0,0,4,0,11555.86,10,4.26
286,2025-11-01,164.4,12.4,0,0,5,1,7227.4,2,3.99
1119,2026-07-01,180.2,4.2,28371.54,76,3,1,12253.58,2,
1348,2025-12-01,203.6,19.6,0,0,6,0,12200.26,,4.04
1273,2025-12-01,194.4,26.4,0,156,5,2,14000.57,8,2.91
653,2026-01-01,176,0,16400.3,46,2,0,9871.83,14,3.51
1323,2025-12-01,110.4,0,0,0,2,0,6100,0,3.28
469,2025-12-01,200,16,47259.25,122,2,0,10891.47,0,3.73
1155,2026-01-01,173.3,5.3,0,69,4,1,8835.99,6,2.85
222,2026-04-01,179.9,3.9,0,0,6,0,7945.4,2,3.75
37,2026-01-01,181.2,5.2,27366.96,78,4,0,6905.71,0,5
377,2026-01-01,176,0,24833.82,62,4,0,6750.67,4,4.6
638,2026-05-01,167.3,7.3,0,126,6,1,7344.75,2,4.15
1201,2026-01-01,182.1,6.1,0,86,5,0,12608.55,6,4.02
70,2026-07-01,181.9,5.9,23306.91,64,2,1,14778.4,4,3.34
1136,2026-01-01,160.8,0.8,0,0,5,2,7753.31,0,3.5
69,2025-09-01,184,8,0,118,4,0,24719.55,8,4.38
959,2026-08-01,178,10,0,0,4,0,12813.91,8,2.87
538,2025-09-01,183.3,7.3,0,0,4,0,9598.33,8,3.2
543,2026-05-01,163.7,11.7,0,0,3,2,6975.13,6,3.62
1051,2026-04-01,171.2,11.2,0,0,3,2,9022.01,6,2.88
177,2025-10-01,195.8,11.8,0,0,4,0,9412.07,0,2.73
333,2026-08-01,183.6,15.6,0,122,4,0,18244.81,6,3.74
1226,2026-01-01,176,0,0,0,3,0,8407.83,6,3.51
1328,2026-06-01,105.6,0,0,0,2,0,4056.5,8,3.67
1290,2026-01-01,176,0,0,0,5,0,7675.83,0,2.99
1297,2026-08-01,166.2,6.2,0,0,6,1,10401.5,4,4.26
35,2026-07-01,155.2,3.2,0,0,4,4,11597.51,8,3.98
701,2026-05-01,179.5,11.5,0,122,5,0,12162.15,8,3.8
342,2025-11-01,170.2,18.2,0,146,4,1,10143.94,6,3.39
411,2026-01-01,161.6,1.6,0,0,3,2,8709.78,8,3.05
188,2026-02-01,165.4,5.4,14442.62,44,2,0,8864.59,12,3.41
1124,2026-08-01,173.2,5.2,25143.88,88,2,0,9614.87,2,3.99
355,2026-08-01,172.5,4.5,0,0,5,0,9757.4,0,4.05
327,2026-06-01,178.8,10.8,0,0,6,1,9171.41,4,3.77
1131,2026-03-01,162.9,2.9,0,0,6,2,6753.33,4,4.72
104,2026-05-01,170.8,2.8,21571.27,59,2,0,9840.3,0,3.05
710,2026-03-01,188,12,0,116,4,0,15307.4,6,3.95
1495,2025-11-01,151.1,15.1,0,0,2,3,12242.36,2,3.56
1025,2026-01-01,178.7,2.7,0,0,3,0,13494.27,6,3.91
8,2025-11-01,171.4,19.4,0,0,3,1,9855,4,3.08
283,2025-09-01,185.1,9.1,0,0,6,0,10254.42,2,3.41
1185,2026-01-01,160,0,21366.18,47,2,2,8723,4,3.89
1043,2026-07-01,179.6,3.6,0,0,4,1,6615.02,4,
95,2025-09-01,182.5,6.5,0,0,4,0,6453.86,6,3.18
29,2025-11-01,165.3,13.3,0,0,4,1,5668.41,4,4.71
494,2026-07-01,186.6,2.6,19415.63,67,3,0,8856.9,0,2.98
93,2026-02-01,164.7,4.7,0,0,4,0,10252.19,4,3.25
37,2025-11-01,171.5,11.5,45787.68,101,2,0,7265.99,6,4.68
976,2026-04-01,181.5,13.5,0,111,5,1,17417.66,8,3.8
1443,2025-12-01,198,22,0,205,8,1,12320.08,8,4.18
413,2026-02-01,169.8,9.8,19407.9,51,2,0,9187.06,12,3.37
1345,2026-07-01,187.5,3.5,0,0,4,0,8170.19,8,
157,2026-02-01,96,0,9598.2,29,1,0,3975.17,8,3.03
282,2026-07-01,100.8,0,0,69,3,2,9414.33,4,4.34
1434,2026-04-01,185,9,0,0,4,0,9665.39,8,3.33
1394,2026-08-01,176.8,8.8,0,0,4,0,8894.95,2,
820,2025-11-01,170.1,18.1,23311.99,72,2,1,7547.04,0,3.07
565,2025-12-01,204.2,20.2,0,0,3,0,9782.04,4,3.02
432,2025-11-01,91.2,0,0,0,2,1,4046.33,2,3.24
451,2025-09-01,183.7,7.7,0,0,6,0,6951.08,2,3.4
860,2026-03-01,105.6,0,0,70,3,0,7431.83,4,
1169,2026-05-01,162.3,10.3,17124.72,56,2,2,8946.88,6,2.71
1245,2025-10-01,188.1,12.1,19313.54,55,1,1,8917.6,2,2.2
2,2026-04-01,164.7,4.7,0,0,4,2,4655.28,0,3.38
704,2025-10-01,110.4,0,0,62,2,0,5408.67,2,3.04
1437,2026-06-01,189.8,13.8,27292.13,98,2,0,10971.09,2,3.67
527,2026-06-01,164.2,12.2,0,138,3,3,12418.44,0,3.76
161,2026-01-01,180.7,4.7,15315.85,54,2,0,7903.39,0,3.25
169,2026-03-01,183.6,15.6,0,135,6,1,14781.67,10,3.91
1208,2026-06-01,187.2,11.2,37250.69,113,3,0,9055.47,6,4.53
810,2025-11-01,96,0,0,0,2,0,7919.83,2,4.34
1231,2025-11-01,170.4,10.4,0,0,4,0,7280.65,0,4.49
1429,2026-04-01,188.3,12.3,0,159,4,0,11080.1,4,4.18
1429,2026-06-01,183,15,0,143,5,1,11314.08,6,4.1
1234,2026-07-01,176.8,0.8,18794.05,73,1,1,9571.64,4,3.56
1006,2025-10-01,185.7,1.7,22059.62,61,3,0,6117.53,0,2.94
161,2026-04-01,188.1,12.1,,67,3,0,8389.73,4,3.46
74,2026-03-01,179.9,11.9,0,108,5,1,23660.78,8,3.31
1484,2026-03-01,170.2,2.2,24602.63,78,2,1,8847.63,8,3.73
240,2026-03-01,178.3,10.3,11095.4,38,2,1,7429.89,12,1.9
1108,2026-06-01,186.1,10.1,0,0,4,0,9264.32,0,3.68
1060,2025-12-01,179.5,11.5,0,0,3,2,9568.75,0,3.34
846,2026-03-01,185.9,9.9,0,134,6,0,13664.64,12,4.09
540,2026-07-01,0,0,0,0,0,1,230.3,0,3.7
635,2025-10-01,193.2,9.2,26025.36,82,3,0,8609.93,4,2.99
53,2026-07-01,162.3,10.3,0,91,4,4,9633.4,2,4.01
579,2025-09-01,173.5,5.5,0,0,5,1,10767.72,8,3.09
1135,2026-03-01,105.6,0,0,0,2,0,6872.67,10,3.14
1131,2026-06-01,181.2,13.2,0,0,6,1,7340.55,6,4.48
1108,2026-05-01,182.4,14.4,0,0,6,0,9581.35,2,3.5
693,2026-06-01,188.5,12.5,32991.28,117,4,0,7920.3,4,4.49
158,2026-03-01,182.5,6.5,0,101,4,0,12682.22,12,3.37
570,2025-09-01,178.2,2.2,34680.71,92,2,0,9065.2,0,4.26
550,2025-11-01,91.2,0,0,82,3,1,8468.83,0,3.37
1286,2025-12-01,183.6,15.6,0,0,4,2,9796.75,6,3.34
13,2026-07-01,189.9,5.9,0,0,4,0,11861.19,8,4.04
49,2025-09-01,179.7,3.7,21223.37,50,2,0,7554.38,8,2.91
527,2025-10-01,184.6,16.6,0,125,4,2,12846.14,8,3.76
731,2026-05-01,172.8,4.8,20672.98,69,3,0,9117.11,6,3.49
118,2025-11-01,157.2,13.2,0,0,4,2,8122.19,2,3.66
376,2026-01-01,178.2,2.2,0,0,4,0,9241.32,6,3.32
1097,2025-09-01,181.8,5.8,15905.42,41,1,0,5671.04,10,3.22
502,2026-03-01,180.6,4.6,0,0,6,0,10835.66,4,3.8
607,2026-07-01,191.1,7.1,0,0,7,0,8805.73,2,3.96
1112,2026-01-01,165.2,5.2,0,76,5,2,13768.92,2,3.14
258,2026-07-01,192.2,8.2,0,121,3,0,12205.57,6,3.61
788,2026-05-01,96,0,0,50,2,1,6689.67,6,3.26
840,2026-04-01,186,10,27710.09,71,2,0,8660.44,6,3.69
1011,2025-10-01,200.8,16.8,0,135,4,0,15638.89,6,3.86
1429,2026-08-01,168.8,8.8,0,126,5,1,10776.78,2,4.09
580,2026-04-01,105.6,0,0,0,5,0,4209,4,4.66
1173,2026-08-01,169.7,1.7,25146.25,75,3,0,6509.54,0,3.78
1232,2026-08-01,168.8,8.8,0,0,3,1,9277.88,6,2.83
661,2026-06-01,184.6,8.6,0,0,5,0,8771.41,6,3.96
724,2026-01-01,176,0,25705.43,72,4,0,8336.67,2,4.4
891,2025-12-01,203.5,19.5,0,0,5,0,10947.29,8,3.76
1367,2025-10-01,185.3,9.3,0,0,4,1,11633,0,2.67
525,2025-09-01,185.4,9.4,0,91,5,0,10641.89,8,3.1
43,2025-12-01,198.3,14.3,0,0,6,0,7083.37,4,3.24
384,2026-03-01,170.4,10.4,0,110,4,2,9696.46,4,3.64
570,2026-04-01,183.7,7.7,35151.73,78,2,0,9488.6,8,4.22
908,2026-08-01,173.8,5.8,0,0,3,0,7591.32,2,3.22
1462,2025-09-01,174.4,6.4,18846.64,60,3,1,8937.88,6,
941,2026-04-01,178.7,10.7,0,0,5,1,6787.03,6,3.85
180,2026-03-01,189.9,13.9,0,84,4,0,9954.51,12,2.61
1089,2025-09-01,169,9,0,126,5,2,10563.99,8,3.85
137,2026-06-01,164,12,0,0,3,3,10582.76,4,1.85
714,2025-09-01,189.6,13.6,35291.84,99,4,0,12681.34,0,4.63
1112,2026-02-01,166.2,6.2,0,91,3,0,13882.94,,3.88
390,2025-10-01,172.1,12.1,0,0,4,3,11085.23,0,3.28
256,2025-09-01,96,0,0,0,3,2,6791.33,2,3.61
686,2025-10-01,166.1,14.1,0,0,4,4,8213.18,0,3.04
483,2025-09-01,96,0,0,0,2,2,5581.5,6,3.35
539,2026-04-01,174.6,6.6,22647.05,70,2,1,11628.62,6,3.72
1285,2026-05-01,179.8,11.8,0,0,7,0,10274.84,0,4.28
1041,2026-03-01,182.1,6.1,24757.54,80,2,0,7824.15,8,
1257,2026-06-01,181.3,5.3,0,0,2,0,8102.32,8,1.78
540,2026-05-01,91.2,0,0,54,3,2,5296.83,4,3.54
1003,2026-06-01,171.4,11.4,0,121,4,2,10387.77,0,3.14
600,2026-02-01,144.4,0.4,0,0,3,2,7865.63,6,3.33
459,2026-04-01,105.6,0,0,62,2,0,7980.83,6,
109,2026-03-01,182.3,6.3,0,0,5,0,6475.45,4,2.82
170,2026-04-01,181.8,5.8,0,0,7,0,8231.93,4,3.92
67,2025-09-01,181.7,5.7,0,0,3,0,14263.33,2,3.54
427,2026-06-01,163.2,3.2,0,0,5,2,7376.43,4,3.02
1499,2026-07-01,188.1,4.1,0,0,5,0,10916.9,2,2.83
639,2025-09-01,159.1,7.1,0,0,3,3,9399.25,4,3.41
461,2025-11-01,171.4,11.4,0,0,6,0,11158.48,2,
697,2026-07-01,180.7,4.7,19895.16,63,2,1,8030.35,6,3.03
477,2025-09-01,105.6,0,9792.93,35,1,0,4188.67,6,2.9
1302,2025-11-01,141.9,13.9,0,120,3,4,13781.42,0,3.25
1248,2026-07-01,185.7,9.7,0,120,4,1,9576.45,6,3.67
658,2026-01-01,176,0,22460.39,53,2,0,11010.5,4,3.79
907,2025-11-01,86.4,0,13228.2,33,1,2,6415.17,8,3.27
877,2026-07-01,170.3,2.3,0,0,4,2,7113.15,0,
810,2026-01-01,105.6,0,0,0,2,0,7919.83,4,4.24
856,2025-12-01,197.2,21.2,0,0,6,1,10311.3,2,3.29
767,2025-10-01,194.9,10.9,0,0,5,0,6931.28,0,3.03
1253,2025-10-01,180.8,4.8,0,0,4,1,4686.92,8,2.52
314,2025-12-01,105.6,0,14322.9,54,1,1,5571.33,0,2.76
1439,2026-01-01,174.2,6.2,0,0,4,1,8205.5,0,2.63
1363,2026-03-01,175.5,15.5,0,115,5,2,11149.87,10,4.04
1460,2025-10-01,175,15,0,82,2,3,14116.76,6,2.47
1101,2025-10-01,105.6,0,11027.77,33,1,1,4524.17,6,2.8
611,2026-07-01,189.3,5.3,0,0,7,0,9282.58,8,3.86
490,2026-06-01,187.7,11.7,0,0,5,0,10009.26,8,3.78
666,2025-12-01,208.1,24.1,0,192,4,0,12680.19,8,3.67
591,2026-05-01,169.2,9.2,0,0,4,1,8374.76,8,3.69
1327,2026-02-01,161.6,9.6,0,80,4,1,10592.85,6,3.34
1380,2026-08-01,163.3,11.3,0,108,4,2,13024.71,4,4.48
492,2026-03-01,185.5,9.5,15616.59,48,2,0,8647.95,6,2.41
682,2026-06-01,184.6,8.6,0,0,4,0,8498.33,4,4.6
39,2025-10-01,194.6,10.6,0,0,6,0,8324.45,2,3.11
1331,2025-09-01,167.7,7.7,0,0,5,2,8827.11,4,
801,2025-11-01,86.4,0,10466.36,35,1,2,4554.67,6,2.74
391,2025-10-01,185,9,0,0,6,1,8635.29,8,3.82
473,2025-11-01,174.4,14.4,0,0,3,0,10175.89,2,2.36
369,2026-06-01,190.5,14.5,0,137,5,0,11396.62,2,3.38
192,2025-09-01,151.9,7.9,16404.49,45,2,4,8928.33,6,2.99
1003,2026-05-01,155.3,11.3,0,80,3,3,10379.59,4,2.91
543,2026-04-01,186.6,10.6,0,0,4,0,6914.84,4,3.83
1458,2025-11-01,174.6,14.6,0,0,5,0,16226.33,4,3.81
251,2026-06-01,178.2,10.2,23056.13,76,3,1,9625.74,8,3.45
696,2025-10-01,184.4,8.4,0,0,5,1,11549.14,0,4.6
324,2026-03-01,175.9,7.9,23731.41,77,2,1,6534.83,6,3.29
1437,2025-09-01,149.8,5.8,16568.68,55,2,4,10292.58,,3.2
736,2026-07-01,190.3,6.3,0,120,4,0,12071.78,6,4.05
981,2025-10-01,193.9,9.9,34027.96,111,4,0,8487.97,2,4.45
256,2026-07-01,96,0,0,0,3,3,6791.33,2,3.77
278,2025-10-01,195.7,19.7,0,0,6,1,13113.68,8,3.77
252,2025-09-01,176.8,0.8,0,0,4,0,6664.32,8,
65,2026-07-01,188.7,4.7,24491.41,66,3,0,20895.85,6,4
354,2025-11-01,177.2,17.2,0,126,5,0,11422.98,4,3.28
1489,2026-08-01,164.6,12.6,0,0,6,2,8648.1,2,3.81
83,2025-12-01,203.2,19.2,0,0,4,0,21091.64,2,2.74
1161,2025-10-01,194.8,10.8,0,101,4,0,11972.86,4,3.11
20,2025-11-01,165.9,5.9,0,0,7,0,11540.61,0,4.47
1067,2026-02-01,154.5,2.5,0,0,3,1,6938.26,4,3.16
624,2025-12-01,200.6,16.6,0,0,3,0,7685.54,4,2.55
919,2026-07-01,177.7,1.7,0,0,5,1,9841.69,4,3.17
358,2026-07-01,179.4,11.4,21317.11,52,2,2,10186.72,4,2.99
1268,2026-05-01,184.9,16.9,0,119,4,0,11467.08,0,2.99
103,2026-05-01,181.5,13.5,0,107,5,0,11888.06,0,3.2
160,2025-11-01,172,12,0,186,7,0,9437.88,8,4.35
1049,2026-03-01,181.7,5.7,0,0,3,0,8427.84,6,3.15
361,2026-02-01,162,10,14529.04,37,2,1,6870.91,12,2.82
883,2026-05-01,176.5,8.5,32746.08,86,3,0,8109.48,2,4.2
429,2025-12-01,184.7,16.7,0,0,4,2,11379.95,8,3.36
11,2025-10-01,179.2,3.2,0,0,4,1,9298.9,2,2.58
453,2025-11-01,153.8,9.8,0,120,4,2,15252.94,0,3.25
1219,2026-06-01,190.6,14.6,0,91,3,0,17589.02,0,2.49
1448,2026-04-01,105.6,0,0,65,3,0,6476.17,0,3.16
1306,2026-04-01,185.1,9.1,0,0,6,0,8675.13,2,4.16
747,2025-10-01,192.7,8.7,0,0,4,0,8537.97,0,
155,2026-06-01,178.5,10.5,0,0,4,1,7774.42,,3.34
1313,2026-02-01,161.9,1.9,0,0,4,0,7977.72,8,3.41
315,2025-12-01,189.9,13.9,0,0,4,1,8952.23,2,3.68
1435,2025-09-01,186.3,10.3,0,0,4,0,7607.06,,2.57
650,2026-02-01,153,1,14471.14,42,2,1,8111.43,6,3.06
770,2026-08-01,171.6,3.6,25318.32,76,3,0,8177.05,2,3.79
675,2026-03-01,191.2,15.2,0,150,6,0,16128.57,10,4.43
418,2026-05-01,178.6,10.6,0,0,4,0,9956.04,8,3.31
1330,2026-03-01,181.4,13.4,26786.37,82,3,1,8293.64,12,4.21
1498,2026-08-01,172.2,4.2,0,0,3,0,8007.5,4,2.92
1445,2026-03-01,187.5,11.5,22186.05,86,2,0,11647.94,10,3.7
1206,2025-09-01,179.8,11.8,0,0,4,1,12571.83,6,4.06
802,2025-10-01,194.6,10.6,35252.91,113,3,0,7092.43,8,4.16
121,2026-02-01,160,0,0,0,5,0,11905.17,10,4.08
1132,2026-02-01,160,0,21072.02,61,2,0,9475.33,10,3.84
1479,2026-08-01,176.4,8.4,0,0,4,0,10698.5,4,3.07
275,2025-09-01,188.8,12.8,0,135,7,0,16871.47,2,4.16
1141,2026-06-01,185.8,9.8,0,0,5,0,9584.1,0,3.4
270,2026-07-01,182,6,0,0,4,1,8373.83,0,3.53
637,2025-11-01,171.4,11.4,0,0,4,0,7489.16,2,3.2
1043,2026-01-01,173.8,5.8,0,0,3,1,6737.16,8,4.28
130,2026-04-01,105.6,0,14253.93,48,1,0,6130.5,8,4.06
411,2026-03-01,189.1,13.1,0,0,3,0,9564.74,8,3.39
866,2025-10-01,192,8,0,0,5,0,14631.71,2,3.38
885,2025-12-01,187.4,19.4,0,0,4,2,10698.02,0,2.84
332,2026-02-01,142.1,6.1,0,0,4,3,8808.86,10,3.68
931,2026-02-01,163.7,3.7,0,94,6,0,13388.04,6,3.89
98,2026-06-01,105.6,0,0,0,2,0,6222,8,3.02
567,2026-03-01,163.2,3.2,0,0,3,2,7512.26,12,3.23
1361,2025-10-01,105.6,0,0,0,4,1,5286.67,0,3.89
1378,2026-02-01,165.3,5.3,0,0,5,0,8878.53,8,3.31
672,2025-10-01,191.1,7.1,28022.81,77,2,0,9685.66,6,3.49
120,2025-12-01,199.3,15.3,39242.16,125,3,0,9095.09,2,3.44
1024,2025-10-01,184.4,8.4,0,0,3,1,11407.37,2,3.18
718,2025-11-01,96,0,18555.72,55,1,0,6171.17,2,4.12
1340,2026-02-01,156.4,4.4,8468.81,25,1,1,5320.14,8,1.97
1044,2026-04-01,184.2,8.2,0,0,5,0,9222.23,6,4.24
1249,2026-01-01,180.9,4.9,0,80,3,0,14925.05,6,3.1
226,2026-06-01,167.5,7.5,0,0,3,2,9971.23,2,2.81
290,2026-08-01,96,0,0,0,3,1,6069.5,4,
603,2026-04-01,96,0,12366,45,1,2,4808.83,6,3.69
700,2026-06-01,174,6,0,0,4,1,10298.85,2,3.6
1183,2026-03-01,96,0,11640.5,33,1,2,5113.83,10,2.99
757,2025-09-01,183,7,0,0,3,0,10146.36,2,2.69
648,2026-06-01,105.6,0,0,0,2,0,4361.5,2,3.72
595,2026-03-01,187.5,11.5,0,108,6,0,11435.55,8,3.68
512,2025-09-01,105.6,0,0,0,3,0,5063,4,4.24
1078,2026-07-01,188,4,21728.74,65,3,0,8362.28,6,3.35
537,2025-09-01,96,0,0,42,2,2,8937.72,4,2.54
32,2025-12-01,207.3,23.3,0,158,5,0,10384.13,8,2.82
425,2026-04-01,183.6,7.6,0,0,5,0,9437.56,0,2.89
1298,2026-08-01,170.7,2.7,0,0,7,0,15273.39,2,4.77
1471,2026-05-01,170.3,10.3,25413.9,75,2,1,8038.9,6,4.11
1460,2026-05-01,175.8,15.8,0,82,3,1,14203.26,8,2.54
494,2026-08-01,175.1,7.1,19299.04,52,2,0,9194.21,0,3
1268,2025-10-01,193.6,9.6,0,118,3,0,10835.1,8,2.87
274,2025-11-01,177.2,17.2,0,0,4,0,10979.14,2,3.23
791,2026-01-01,154.9,2.9,0,0,4,3,6176.2,4,2.51
1017,2026-03-01,187.1,11.1,0,97,3,0,10920.39,12,3.22
1105,2026-04-01,105.6,0,0,69,4,0,6577.83,0,3.81
857,2026-05-01,176.7,16.7,0,141,5,1,13148.62,6,4.78
782,2025-12-01,203.1,19.1,41202.47,120,3,0,7653.23,0,3.82
176,2025-11-01,157.9,13.9,0,0,2,2,9271.13,2,2.58
433,2026-05-01,177.2,9.2,27036.08,73,1,0,11349.28,0,2.97
1239,2026-06-01,163,3,0,0,5,2,7749.94,8,3.96
245,2025-10-01,179,3,0,0,4,1,8094.15,6,3.45
75,2025-09-01,163.2,3.2,15713.32,48,2,2,11001.96,0,2.25
480,2026-07-01,191.9,7.9,0,0,5,0,14674.18,8,
819,2025-11-01,96,0,0,0,3,0,4463.17,2,3.72
548,2025-10-01,196,12,0,93,4,0,20649.28,6,2.53
63,2025-12-01,196.7,20.7,0,0,6,1,33086.52,6,3.23
24,2025-09-01,172.7,4.7,0,0,5,1,6136.5,2,4.74
148,2025-10-01,190.8,14.8,0,97,3,1,10333.37,0,2.82
1115,2025-10-01,185.8,1.8,0,0,5,0,6091.77,6,3.63
925,2025-12-01,199.9,15.9,40964.69,137,2,0,8674.17,8,3.66
873,2026-08-01,161.8,9.8,0,0,4,2,10521.55,4,3.69
82,2025-12-01,207.5,23.5,0,0,4,0,19024.2,2,3.65
619,2025-12-01,208.1,24.1,0,214,7,0,12606.47,8,3.96
236,2026-03-01,186,10,0,0,4,0,9864.5,12,4.41
266,2026-02-01,143.7,7.7,0,0,2,3,11527.3,10,2.68
1106,2026-06-01,186.7,10.7,29564.39,82,3,0,6420.46,0,3.48
496,2025-12-01,91.2,0,0,81,3,4,7604.67,,3.75
18,2025-12-01,196.9,20.9,0,134,5,1,9964.54,0,2.89
60,2026-02-01,144,0,13658.69,39,1,2,4371.67,4,3.22
478,2026-03-01,177.5,1.5,20127.91,69,3,0,8012.34,4,3.12
1131,2025-10-01,191.2,15.2,0,0,5,1,7454.58,2,4.69
1048,2025-12-01,207.2,23.2,0,211,7,0,13831.46,6,4.26
589,2026-01-01,172.8,4.8,0,0,3,1,8513.54,2,3.41
831,2026-06-01,189.1,13.1,0,0,5,0,11228.66,6,3.13
424,2026-02-01,165.6,5.6,0,0,5,0,7067.15,4,3.56
364,2025-09-01,185.6,9.6,0,71,2,0,17574.01,6,
98,2025-09-01,100.8,0,0,0,3,1,6222,0,2.99
1242,2025-09-01,170.7,10.7,0,102,3,2,12596.54,4,3.09
678,2025-11-01,96,0,16467.98,46,1,0,6771,4,3.84
271,2026-06-01,192.3,16.3,0,136,5,0,12029.98,2,4.2
1299,2026-08-01,177.5,9.5,0,111,5,0,11200.89,4,4.18
1144,2025-11-01,141.7,13.7,0,0,2,4,15227.11,16,2.67
872,2025-11-01,170.9,10.9,0,0,5,0,9534.69,2,3.56
843,2026-03-01,186.7,10.7,25998.74,69,3,0,9408.53,8,3.54
1471,2025-10-01,189,5,28690.27,88,3,0,7700.37,6,
1241,2026-03-01,183.2,7.2,20827.72,86,2,0,8197.3,10,3.57
1276,2026-05-01,143.7,7.7,0,0,5,4,6712.51,8,3.98
734,2026-03-01,185.7,9.7,0,0,6,0,8121.8,6,3.42
1302,2026-06-01,188.5,12.5,0,140,6,0,13632.38,4,3.64
856,2026-05-01,164.8,12.8,0,0,4,2,9677.95,6,3.65
840,2025-09-01,187.4,11.4,30580.09,82,2,0,8757,0,3.81
487,2025-09-01,175.9,7.9,0,0,4,1,10872.58,4,3.25
389,2026-03-01,174.9,6.9,0,98,3,1,16882.44,8,3.24
519,2026-08-01,171.8,11.8,0,97,4,1,12314.12,4,
1384,2025-09-01,187.9,11.9,25933.17,72,3,0,10529.61,0,3.32
687,2026-01-01,144,0,9959.64,28,1,4,10492,8,2.52
1041,2026-06-01,186.4,10.4,25305.58,95,2,0,8100.7,2,3.71
17,2025-11-01,172,12,0,0,7,0,5611.22,4,4.67
386,2026-02-01,156.4,4.4,0,0,5,1,9413.97,10,3.91
652,2026-06-01,187.1,11.1,0,0,3,0,11154.4,4,3.08
144,2025-10-01,110.4,0,0,0,2,0,4432.67,0,2.72
1351,2025-09-01,164,12,0,140,5,3,12670.13,4,4.33
751,2026-02-01,158.2,6.2,0,69,4,1,12051.17,12,3.11
374,2026-05-01,174.8,6.8,0,0,6,0,9160.96,2,3.95
56,2026-02-01,149,5,16745.92,67,2,2,8167.06,4,4.11
1250,2026-04-01,189.9,13.9,0,129,5,0,12084.36,2,
656,2025-12-01,200.6,24.6,0,185,6,1,13169.5,8,3.33
79,2026-04-01,169.2,9.2,0,146,5,2,20228.93,8,4.57
1094,2026-07-01,110.4,0,14514.5,37,2,0,5256.17,4,3.5
972,2025-09-01,184.6,8.6,0,0,7,0,11229.15,0,3.97
473,2026-06-01,177.7,9.7,0,0,2,1,9807.87,4,2.37
1103,2025-12-01,202.8,18.8,41582.73,126,3,0,6762.99,8,4.17
781,2026-05-01,170.7,10.7,0,0,4,1,13674.02,0,3.12
1228,2026-05-01,175.2,7.2,0,0,4,0,9028.91,8,4.08
676,2026-06-01,174,14,0,0,4,2,8810.96,4,3.56
1083,2025-10-01,193.4,9.4,0,0,3,0,8630.04,4,2.58
229,2026-01-01,161.6,1.6,0,0,5,2,9111.77,8,3.65
532,2025-11-01,157.1,13.1,0,0,4,2,11885.18,2,
497,2025-10-01,110.4,0,0,0,2,0,5276.5,0,3.03
1243,2026-04-01,184.5,8.5,0,0,3,0,13315.69,6,2.54
826,2026-06-01,190.6,14.6,0,171,8,0,14817.83,0,4.28
1195,2026-06-01,177.4,9.4,0,0,6,1,13038.51,8,3.95
524,2025-11-01,176.7,16.7,0,111,4,0,12473.73,6,3.03
736,2026-03-01,182.5,14.5,0,140,6,1,12884.13,4,3.71
304,2026-08-01,152.1,8.1,0,0,5,3,8692.57,8,3.56
314,2026-07-01,110.4,0,9337.74,29,1,0,5571.33,6,2.38
282,2026-02-01,86.4,0,0,43,2,2,9414.33,10,4.26
633,2026-06-01,168.5,8.5,26031.81,87,3,2,8764.35,8,3.79
62,2026-01-01,168,0,0,0,5,1,23251.17,6,4.1
875,2026-08-01,100.8,0,0,0,3,0,6974.33,4,3.64
1296,2026-01-01,105.6,0,9337.64,28,1,0,3873.5,6,3.47
160,2026-01-01,183.3,7.3,0,105,7,0,9090.13,2,4.36
1001,2026-08-01,150.5,6.5,20083.68,54,1,3,7182.5,8,3.8
137,2026-01-01,172,4,0,0,3,1,9919.03,0,2.12
980,2026-06-01,156.5,4.5,22927.29,66,2,3,10530.89,0,3.17
1392,2025-10-01,181.8,5.8,30839.98,76,3,1,6918.67,6,3.77
412,2026-07-01,169.1,9.1,21673.39,58,2,3,11307.28,0,3.13
194,2025-10-01,188.7,4.7,0,99,3,0,12886.65,2,2.77
842,2026-06-01,180.6,12.6,21125.12,82,2,1,8975.08,6,3.33
328,2026-04-01,179.4,11.4,0,115,4,1,12420.65,4,3.46
670,2025-11-01,176.5,16.5,29853.77,78,2,0,10066.06,0,3.31
1448,2026-06-01,105.6,0,0,58,2,0,6476.17,0,3.17
993,2025-09-01,180.3,12.3,0,101,4,1,11012.6,8,3.36
514,2026-08-01,166.5,6.5,0,108,6,1,14131.92,0,3.99
894,2026-03-01,192.5,16.5,0,110,3,0,9933.69,12,3.38
216,2026-05-01,171.8,3.8,0,0,4,0,9135.86,6,3.96
1127,2025-11-01,167.5,15.5,0,0,3,1,14851.11,4,2.74
1476,2025-11-01,167.6,15.6,0,115,3,1,13754.69,4,3.53
243,2025-12-01,179.5,11.5,0,0,4,2,10373.6,0,3.14
689,2025-10-01,195.5,11.5,0,0,7,0,7791.38,6,3.96
103,2026-06-01,177.7,17.7,0,131,4,2,12274.95,0,3.2
946,2025-12-01,192.5,16.5,0,0,3,1,9951.78,0,3.45
1379,2026-02-01,162.1,2.1,0,0,3,0,10724.08,4,3.08
218,2026-04-01,184.6,8.6,0,108,4,0,15194.31,8,3.44
806,2025-12-01,180.7,20.7,0,0,4,3,10573.3,6,3.49
438,2026-06-01,177.3,17.3,0,133,5,2,10321.15,2,3.45
1454,2025-12-01,207.5,23.5,0,202,3,0,15451.81,8,3.44
358,2026-06-01,179.9,11.9,27244.47,58,2,1,10226.84,8,3.06
348,2026-01-01,105.6,0,0,56,3,0,7808,6,3.77
1304,2025-12-01,207.2,23.2,0,199,7,0,11231.19,0,3.49
344,2026-03-01,183.5,7.5,0,0,4,0,10761.56,6,3.61
690,2026-03-01,163.4,3.4,0,0,3,2,7702.83,6,3.68
872,2026-02-01,167.3,7.3,0,0,5,0,9263.25,4,3.45
151,2026-02-01,96,0,0,0,3,0,3395.67,12,3.96
569,2026-02-01,146.8,10.8,0,72,3,3,9869.1,8,3.27
1183,2026-08-01,91.2,0,12507.01,26,1,2,5113.83,4,3.08
558,2026-02-01,158.4,6.4,0,0,3,1,9946.47,4,3.17
334,2026-07-01,188,4,0,0,7,0,12674.9,2,4.3
876,2026-03-01,174.5,6.5,27554.08,62,3,1,9482.13,6,3.28
1409,2026-02-01,162.1,2.1,0,0,3,0,7918.84,12,3.3
739,2026-06-01,183.9,7.9,0,0,5,0,8493.86,8,3.31
64,2026-01-01,176.3,8.3,0,76,4,1,25280.82,4,3.42
1255,2025-12-01,110.4,0,24944.74,60,2,0,3832.83,4,3.75
63,2026-08-01,169.8,9.8,0,0,3,1,30439.7,,3.48
529,2026-01-01,152,0,0,0,3,3,6089.83,2,4.07
598,2026-01-01,178.8,2.8,18050.48,49,2,0,11443.9,4,3.27
1433,2026-07-01,173.4,5.4,16081.99,63,2,2,7268.32,8,3.31
1372,2025-11-01,163.4,11.4,0,93,2,1,14084.93,8,2.6
1015,2026-03-01,186.9,10.9,0,95,3,0,10213.35,12,3.26
1457,2025-10-01,192.2,8.2,0,0,6,0,7005.87,4,4.14
880,2026-01-01,180.8,4.8,0,0,4,0,7899.37,8,
1051,2026-08-01,161.6,9.6,0,0,2,2,8908.13,0,2.79
1489,2026-01-01,169.4,1.4,0,0,3,1,7892.31,8,3.84
477,2026-07-01,96,0,6665.17,19,1,3,4188.67,8,2.37
599,2025-09-01,185.7,9.7,0,156,6,0,10402.96,4,4.3
558,2025-12-01,195.2,19.2,0,0,4,1,10990.42,6,2.9
1211,2026-06-01,169.4,9.4,0,0,3,2,10268.1,8,
1153,2026-03-01,193.5,17.5,0,141,4,0,13801.76,10,3.62
1095,2025-12-01,201.2,17.2,55632.51,181,4,0,7370.04,6,4.78
1481,2026-01-01,170.2,2.2,0,84,4,1,12587.67,6,3.68
964,2026-02-01,152.7,0.7,11379.06,39,1,1,10494.19,4,2.58
1182,2025-10-01,195.8,11.8,0,0,6,0,8750.98,4,4.25
1011,2026-04-01,187.6,11.6,0,141,6,0,15024.47,4,3.77
656,2026-05-01,165.1,13.1,0,101,4,2,12088.92,2,3.35
1114,2026-07-01,191.4,7.4,23075.35,56,2,0,10504.01,2,3.29
1097,2026-06-01,184.1,8.1,24245.93,80,1,0,5778.52,6,3.45
225,2026-05-01,178,10,0,0,6,0,9963.92,0,3.51
1496,2026-02-01,161.1,9.1,0,102,5,1,15080.03,4,3.75
1321,2026-08-01,172.7,4.7,0,0,6,0,10675.4,6,4.05
237,2025-10-01,182.8,6.8,0,0,5,1,9128.67,0,2.84
1442,2026-03-01,185.2,9.2,0,0,3,0,10108.98,8,3.55
1141,2026-03-01,186.6,10.6,0,0,6,0,9645.26,6,3.78
93,2026-01-01,160,0,0,0,4,2,9851.5,0,3.35
1262,2025-12-01,190.8,14.8,0,0,6,1,6251.43,0,3.57
979,2025-12-01,192.7,16.7,31305.34,126,2,1,9087.67,2,3.44
933,2026-08-01,167.4,7.4,18628.41,62,2,1,10547.28,0,3.18
587,2026-05-01,179.4,11.4,23120.59,83,2,0,13582.29,8,3.52
388,2026-01-01,176,0,0,0,5,0,10522.5,6,4.36
1256,2025-09-01,176.5,8.5,0,0,6,1,9364.64,0,4.03
62,2025-12-01,201.1,17.1,0,0,6,0,26691.89,8,
720,2025-09-01,185.6,9.6,0,54,2,0,13830.17,10,4.45
1189,2025-11-01,161.4,9.4,23566.72,60,1,1,10762.82,8,2.82
855,2026-07-01,194.1,10.1,0,97,5,0,15488.44,4,3.19
1062,2026-06-01,189,13,0,0,4,0,10292.48,8,4.55
960,2025-12-01,205.6,21.6,0,186,8,0,12839.34,8,4.02
925,2026-02-01,148.6,4.6,15180.13,42,2,2,7928.53,12,3.56
754,2025-11-01,171,11,0,0,3,0,9241.6,4,3.5
361,2026-06-01,157.1,5.1,17246,50,2,3,6602.76,2,2.77
1092,2026-05-01,151.3,7.3,0,0,4,3,9122.73,6,3.4
1117,2025-09-01,183.6,7.6,0,115,3,0,11908.02,6,3.17
1248,2025-09-01,184.4,8.4,0,115,3,0,9477.06,2,3.65
829,2025-11-01,177.4,17.4,0,127,4,0,16376.54,8,3.79
907,2026-08-01,100.8,0,12664.76,36,2,0,6415.17,6,3.83
33,2026-02-01,157.8,5.8,0,50,2,1,7367.1,12,2.42
1300,2025-12-01,207.4,23.4,0,187,6,0,11760.85,4,3.72
726,2026-04-01,183.8,7.8,0,0,4,0,6815.63,0,3.41
147,2026-05-01,174.2,6.2,0,0,4,0,10187.25,4,4
1021,2026-06-01,180.7,12.7,24844.25,82,2,1,10031.5,4,3.12
1142,2026-07-01,110.4,0,0,67,2,0,5874.3,2,
518,2026-03-01,188.2,12.2,27582.83,85,3,0,6172.8,10,3.7
1463,2026-02-01,145.6,1.6,20839.01,54,2,2,7782.11,4,4.23
636,2026-08-01,174.6,6.6,21325.46,57,2,0,6942.78,8,3.25
76,2025-12-01,205,21,0,0,8,0,13323.82,6,4.71
898,2026-06-01,171.1,11.1,0,128,3,2,10028.93,8,3.74
904,2026-02-01,96,0,0,0,3,0,5225.67,12,3.36
991,2026-05-01,153.1,9.1,0,0,3,3,10989.23,4,3.55
1283,2026-05-01,184.7,16.7,0,136,4,0,11414.86,4,4.03
348,2026-03-01,100.8,0,0,70,2,1,7808,8,3.86
1498,2026-01-01,169.4,1.4,0,0,2,1,7820.28,8,2.69
674,2026-07-01,187.2,3.2,0,0,7,0,10092.97,6,4.74
1440,2026-02-01,164,4,0,0,5,0,7320.94,6,3.37
1293,2025-09-01,185.5,9.5,27660.29,69,3,0,12025.71,2,3.53
1467,2026-01-01,172.3,4.3,0,0,4,1,8098.55,2,4.06
545,2026-05-01,166.1,6.1,0,0,5,1,12383.78,0,4.24
1071,2026-05-01,167.5,7.5,19278.21,70,2,1,7686.83,4,3.09
590,2026-07-01,185.8,1.8,0,0,5,0,5833.64,8,3.95
271,2025-12-01,201.5,17.5,0,248,8,0,12139.46,0,4.18
646,2026-04-01,105.6,0,0,0,3,0,4229.33,2,2.94
1034,2025-12-01,192.6,16.6,50298.52,139,4,1,6929.78,2,4.58
216,2026-06-01,187.3,11.3,0,0,3,0,9709.94,0,3.78
812,2025-10-01,186.4,10.4,0,142,6,1,13508.55,0,3.66
586,2026-08-01,179.9,11.9,15054.66,39,1,0,7266.44,4,2.22
408,2026-04-01,181.4,5.4,0,0,5,0,8502.77,0,3.78
383,2026-04-01,185,9,0,0,6,0,8098.33,8,4.27
303,2026-04-01,179.3,11.3,22853.86,58,2,1,9363.95,0,
1411,2025-12-01,203.1,19.1,59812.55,165,4,0,9015.64,4,4.73
46,2026-05-01,174.2,6.2,23548.63,57,2,0,6534.41,2,
1166,2026-01-01,187.5,11.5,0,100,5,0,12676.36,6,4.41
76,2026-04-01,170.3,10.3,0,0,4,2,12279.81,2,4.95
436,2026-03-01,177.3,9.3,0,0,6,1,8359.5,12,4.15
495,2026-05-01,179.1,11.1,0,0,2,0,11198.97,6,2.58
203,2026-02-01,160,0,12510.37,38,2,0,7675.83,6,2.51
351,2026-03-01,187.1,11.1,0,137,5,0,11622.41,6,4.56
745,2026-07-01,187.3,3.3,0,0,4,0,10927.57,0,3.58
1221,2025-12-01,189.4,21.4,0,156,4,2,18146.48,6,3.32
1058,2026-01-01,176,0,22369.28,58,2,0,8483.33,8,4.15
309,2026-07-01,190.4,6.4,26156.83,62,3,0,8315.55,,
387,2026-01-01,176.9,8.9,0,0,6,1,12526.45,4,3.81
345,2025-09-01,164.2,4.2,0,0,3,2,9830.26,4,3.2
366,2026-05-01,171.3,11.3,22215.72,60,2,1,8973.32,4,2.99
438,2025-12-01,205.6,21.6,0,195,6,0,10655.21,6,3.53
415,2026-05-01,100.8,0,14129.59,55,1,0,4483.5,4,4.05
640,2026-07-01,187.4,11.4,0,0,4,1,10890.41,6,3.46
1347,2026-04-01,156.1,4.1,0,0,4,3,13938.26,0,3.42
1080,2025-10-01,197.5,13.5,0,0,6,0,13057.57,2,3.96
208,2026-04-01,172.9,4.9,0,0,5,1,6771.98,0,3.36
1179,2025-11-01,172,12,35715.46,116,3,0,10515.42,2,3.97
675,2026-06-01,175.5,15.5,0,151,4,2,16165.58,2,4.61
1355,2025-11-01,174.5,14.5,35184.45,76,2,0,11739.89,0,3.27
965,2025-10-01,100.8,0,20852.86,51,2,2,6242.33,0,
285,2026-06-01,191.9,15.9,0,106,5,0,13390.14,6,3.05
604,2025-10-01,201,17,0,162,7,0,14181.41,2,3.54
1407,2026-07-01,193.5,9.5,0,108,7,0,14270.22,0,3.74
149,2026-07-01,176,8,15838.75,44,1,2,7381.08,8,2.56
1500,2026-08-01,178.4,10.4,0,0,3,0,13375.57,6,3.62
224,2025-10-01,197.7,13.7,0,148,5,0,13237.01,4,3.38
411,2026-04-01,186.2,10.2,0,0,3,0,9349.14,4,3.33
704,2025-12-01,105.6,0,0,94,2,1,5408.67,2,3.01
1080,2026-04-01,178.2,2.2,0,0,6,0,11914.26,,4.05
756,2026-06-01,182.5,14.5,0,0,4,1,9726.03,0,3.13
682,2026-03-01,183.7,7.7,0,0,6,0,8436.72,8,4.54
819,2025-09-01,96,0,0,0,2,2,4463.17,4,3.45
451,2026-05-01,142.3,6.3,0,0,4,4,6872.13,6,3.47
1325,2026-03-01,175.6,7.6,23824.43,63,3,1,8657.42,12,3.46
921,2025-10-01,192.6,8.6,0,0,5,0,9972.97,4,3.52
1101,2026-01-01,100.8,0,7895.18,30,1,1,4524.17,6,3.26
314,2026-01-01,105.6,0,7123.1,26,1,0,5571.33,,
1254,2026-02-01,152,0,0,0,4,1,7808,10,3.3
33,2026-07-01,194.5,10.5,0,95,5,0,7652.42,2,2.88
397,2025-09-01,183.4,15.4,13335.8,37,2,1,7961.41,8,2.09
597,2025-11-01,175.2,15.2,38443.82,97,3,0,6672.31,8,4.54
640,2026-03-01,182.1,6.1,0,0,3,0,10435.77,8,3.38
875,2025-09-01,105.6,0,0,0,3,0,6974.33,0,3.48
377,2026-06-01,184.5,8.5,30460.56,119,2,0,7247.23,0,4.43
855,2025-10-01,191.7,7.7,0,112,6,0,15192.61,6,3.18
1355,2026-03-01,185.9,9.9,25461.07,76,2,0,11324.66,10,3.4
335,2026-04-01,183.5,7.5,0,100,4,0,9224.2,6,3.19
1442,2026-08-01,167.1,7.1,0,0,5,1,9938.82,8,3.58
1353,2026-05-01,159.9,7.9,0,0,5,2,9417.11,0,3.19
706,2025-09-01,181.1,5.1,0,0,4,0,14075.98,4,3.38
1236,2025-10-01,189.9,13.9,0,116,3,1,11833.79,6,2.89
1391,2026-08-01,173.7,5.7,0,0,3,0,9099.94,6,3.39
843,2026-02-01,152.5,0.5,16216.29,55,2,1,8648.43,10,3.6
1256,2026-01-01,176,0,0,0,4,0,8723,8,3.83
1042,2025-10-01,195.4,11.4,20839.11,71,2,0,12699.89,8,2.82
1241,2026-06-01,178.1,10.1,22635.35,72,2,1,8390.95,0,3.33
761,2025-10-01,186.7,10.7,0,0,4,1,6420.46,6,3.96
1410,2026-05-01,154.4,2.4,24440.32,69,2,2,6807.85,2,3.72
75,2026-07-01,161.6,1.6,13115.2,33,1,3,10853.73,8,2.3
547,2026-08-01,175.5,15.5,0,90,4,1,11161.4,0,2.61
399,2026-08-01,174.8,6.8,22640.33,74,2,0,8289,8,3.81
427,2025-09-01,178.2,2.2,0,0,3,0,7314.32,0,3.24
1054,2026-03-01,164.9,4.9,21184.72,60,2,2,10555.38,10,2.96
565,2025-11-01,172.7,12.7,0,0,5,0,9241.61,8,3.13
1296,2025-09-01,100.8,0,12861.86,40,1,1,3873.5,6,3.29
1223,2026-04-01,172,4,0,0,4,1,8730.43,6,3.37
1043,2026-03-01,183.1,7.1,0,0,5,0,6809.33,6,4.74
1100,2026-08-01,172.1,4.1,0,133,4,0,15727.92,4,4.06
1211,2026-01-01,168,0,0,0,5,1,9495.67,2,3.64
109,2026-01-01,156.1,4.1,0,0,4,3,6358.54,2,2.86
525,2026-08-01,180.9,12.9,0,114,3,0,10939.97,6,3.51
731,2025-12-01,203.1,19.1,37548.18,111,1,0,10200.35,8,3.2
28,2025-10-01,178.8,2.8,0,0,8,1,11558.44,8,4.98
99,2026-04-01,105.6,0,14162.43,56,2,0,6923.5,6,4.16
1188,2026-05-01,166.1,6.1,0,106,3,1,9055.03,4,3.21
270,2026-03-01,182.6,14.6,0,0,6,1,8966.28,4,3.78
1336,2026-03-01,105.6,0,0,0,3,0,4636,6,3.79
1078,2026-02-01,133.7,5.7,12787.16,33,1,4,8481.18,10,3.05
665,2025-11-01,177.2,17.2,0,0,6,0,10722.18,6,4.14
811,2026-01-01,154.1,2.1,15394.18,38,2,3,9119.61,0,2.97
897,2026-08-01,173.8,5.8,27911.1,76,2,0,9737.38,8,3.76
51,2026-04-01,152.1,8.1,0,0,3,4,5983.62,2,3.54
1405,2026-06-01,159.4,7.4,0,0,5,3,8167.38,2,3.47
311,2025-12-01,203.3,19.3,0,0,4,0,9373.11,8,2.56
1479,2025-11-01,167,15,0,0,4,1,11268.14,8,2.81
832,2025-09-01,175.3,7.3,19865.8,62,2,1,8895.75,8,3.47
444,2026-06-01,168.4,16.4,0,154,6,3,19805.89,4,4.21
162,2026-06-01,187.9,11.9,0,0,6,0,11875.24,6,3.93
1331,2026-06-01,185.3,9.3,0,0,5,0,8941.7,6,4.17
875,2026-03-01,105.6,0,0,0,3,0,6974.33,8,3.35
1042,2026-06-01,185.8,9.8,23494.22,63,2,0,12539.83,0,3.03
16,2026-01-01,173.5,5.5,0,0,4,1,9905.02,6,4.5
134,2026-04-01,192.8,16.8,0,135,6,0,12983.89,0,3.43
1446,2025-09-01,179.5,11.5,22295.78,56,2,1,13771.84,8,2.78
1067,2025-12-01,196,20,0,0,5,1,7966.76,2,3.09
589,2026-08-01,176.1,8.1,0,0,3,0,8746.97,4,
137,2025-12-01,191.7,15.7,0,0,2,1,10889.73,0,1.79
470,2026-08-01,152.8,8.8,0,0,4,3,11301.95,6,3.89
79,2025-12-01,189.6,21.6,0,210,6,2,22239.58,6,4.81
1137,2026-06-01,184.7,8.7,25193.47,79,2,0,7641.54,2,3.85
259,2026-01-01,170,2,0,0,5,1,8925.69,2,3.36
1265,2025-09-01,173,5,0,0,4,1,8718.6,0,2.82
1493,2026-07-01,177.6,1.6,0,0,5,1,8503.63,4,3.85
1299,2026-06-01,194.7,18.7,0,157,7,0,12024.91,2,3.79
401,2026-08-01,168.5,0.5,0,0,4,0,9740.97,2,2.85
787,2025-12-01,202.3,18.3,49936.9,129,3,0,13413.68,2,3.65
818,2026-08-01,100.8,0,10989.07,36,1,0,5622.17,,3.23
1161,2026-02-01,168.9,8.9,0,85,3,0,11792.82,10,3.53
1364,2025-09-01,175.9,7.9,0,0,4,1,7896.47,2,2.94
307,2025-10-01,178.1,10.1,26318.5,66,2,2,8015.07,0,3.29
1007,2025-12-01,204.1,20.1,34740.56,129,2,0,10992.21,6,3.56
45,2026-03-01,112.8,8.8,0,0,1,2,6935.44,10,2.47
688,2026-02-01,164.6,4.6,13412.14,42,2,0,6786.82,12,3.04
1134,2025-11-01,169.2,9.2,26351.32,79,1,0,7431.35,8,2.97
895,2026-01-01,105.6,0,0,0,3,0,3517.67,8,
664,2026-07-01,154.6,2.6,0,0,5,4,8056.45,8,3.67
944,2025-09-01,177.7,1.7,0,0,5,0,11471.65,8,3.61
78,2026-01-01,148.4,4.4,0,0,5,4,15155.23,8,4.13
1030,2025-10-01,193.9,17.9,0,120,5,1,10837.43,0,2.92
615,2025-12-01,184.5,16.5,0,0,4,2,11083.91,0,3.17
355,2025-10-01,190.1,6.1,0,0,5,0,9887.44,0,3.88
1111,2026-06-01,149.2,5.2,0,0,4,4,9041.17,8,2.98
116,2026-06-01,105.6,0,0,0,3,0,4524.17,0,3.58
197,2025-09-01,105.6,0,13700.44,33,1,0,5551,2,2.9
234,2026-04-01,105.6,0,0,77,2,0,5337.5,2,3.68
541,2025-11-01,171.4,19.4,0,0,4,1,9035.73,6,2.91
159,2026-05-01,161.6,9.6,0,0,4,2,9800.04,6,3.5
1314,2026-07-01,184.9,0.9,0,0,3,0,7592.17,0,3.74
334,2026-05-01,168.6,16.6,0,0,4,2,14010.71,4,4.55
697,2025-11-01,172.9,12.9,21639.49,84,1,0,8577.93,4,2.96
172,2026-08-01,174.7,6.7,25196.31,69,2,0,8443.57,8,4.29
863,2025-09-01,182.4,6.4,24990.11,86,3,0,7972.2,0,4.27
888,2026-08-01,177.4,9.4,0,94,3,0,14599.61,4,3.58
498,2026-02-01,91.2,0,0,42,1,1,5418.83,4,3.35
359,2026-07-01,184.6,8.6,0,0,6,1,10672.07,2,3.86
1490,2026-04-01,153.5,9.5,0,71,4,4,13048.95,6,3
1094,2026-02-01,96,0,10932.71,27,1,0,5256.17,4,3.42
1076,2026-05-01,161.7,9.7,17223.8,63,2,2,9653.59,2,2.82
1320,2026-07-01,189,5,20922.76,69,2,0,9630.77,6,3.51
655,2026-05-01,142.4,6.4,0,0,5,4,13251.23,0,4.13
306,2025-12-01,202.9,18.9,0,154,4,0,11841.33,0,3.08
958,2025-10-01,193.6,9.6,0,0,5,0,7421.6,6,3.88
1126,2026-01-01,175.5,7.5,0,70,4,1,11930.83,2,3.09
971,2025-12-01,105.6,0,0,127,4,1,6669.33,0,4.8
900,2025-12-01,188.5,20.5,0,237,6,2,14029.16,2,4.36
1330,2026-05-01,177.6,9.6,35209.42,86,3,0,8049.25,0,3.85
940,2026-02-01,165.8,5.8,0,0,6,0,7975.69,8,3.95
80,2026-03-01,169.1,9.1,27059.2,82,2,2,14290.38,,3.77
952,2025-11-01,169.8,17.8,0,146,5,1,21318.36,0,3.89
214,2025-11-01,171,19,34368.56,78,1,1,10263.81,2,3.45
49,2025-10-01,194.4,10.4,25765.48,71,2,0,7978.8,8,3.04
887,2025-10-01,196.7,12.7,30047.38,93,3,0,10956.79,2,3.27
963,2025-10-01,197.3,13.3,0,136,6,0,11336.81,2,4.09
336,2026-06-01,190.5,14.5,0,122,5,0,14030.99,2,3.5
742,2025-09-01,176.7,0.7,0,0,4,0,5441.43,12,
689,2025-12-01,202,18,0,0,5,0,8189.97,0,3.94
111,2026-01-01,169.8,1.8,0,97,4,1,14248.54,2,3.77
168,2025-10-01,193.2,9.2,0,0,5,0,10361.43,4,3.38
193,2026-06-01,186.2,10.2,0,148,6,0,12568.78,4,4.11
904,2026-05-01,100.8,0,0,0,3,0,5225.67,0,3.34
1019,2026-03-01,169,9,26906.13,92,3,2,8218.87,8,
1351,2026-04-01,191.2,15.2,0,155,5,0,12987.99,4,4.07
655,2025-11-01,172.6,12.6,0,0,6,0,13924.9,4,4.06
1034,2026-07-01,195.5,11.5,26329.55,103,4,0,6662.35,4,4.62
539,2025-09-01,159.4,7.4,18733.16,64,1,3,11704.78,0,3.64
337,2026-05-01,100.8,0,0,0,2,0,5723.83,2,3.3
333,2026-05-01,175.2,15.2,0,136,3,1,18189.16,8,3.72
1057,2026-02-01,164.3,4.3,0,0,4,0,8024.73,4,3.9
1247,2026-08-01,173.6,13.6,28195.82,79,2,1,9238.29,6,4.46
795,2025-10-01,194.2,10.2,21196.74,61,3,0,8342.31,4,2.84
1455,2025-09-01,105.6,0,0,61,2,0,7909.67,8,3.56
959,2025-12-01,178.3,18.3,0,0,3,3,13660.99,2,2.64
143,2026-03-01,159.9,7.9,0,0,4,3,6788.57,8,4.63
266,2026-03-01,167.7,7.7,0,0,3,2,11527.3,6,2.52
253,2026-02-01,153,1,0,38,2,1,9813.7,12,1.87
1389,2026-01-01,91.2,0,0,35,2,3,9170.33,6,3.21
1354,2026-01-01,171.6,3.6,0,0,4,1,8260.92,6,3.22
1203,2026-03-01,105.6,0,0,0,2,0,4890.17,4,
961,2026-03-01,177.5,9.5,0,0,5,1,10650.4,4,4.08
1097,2026-01-01,176,0,18324.08,59,2,0,5400,2,3.32
197,2026-06-01,96,0,14218.48,41,1,2,5551,2,2.96
319,2026-03-01,186.5,10.5,0,0,4,0,9493.44,12,3.44
966,2025-09-01,180.8,12.8,24561.98,81,2,1,9000.38,0,3.89
228,2025-12-01,205.6,21.6,0,177,4,0,11705.04,4,2.95
1342,2025-12-01,198.3,14.3,32132.92,105,2,0,10316.59,6,
1101,2026-04-01,96,0,9479.67,28,1,2,4524.17,2,2.73
499,2026-06-01,105.6,0,12326.74,35,1,0,4859.67,2,2.86
450,2026-05-01,91.2,0,15193.53,47,1,2,4656.33,2,3.76
1472,2025-12-01,197,21,0,0,6,1,8578.18,6,3.45
119,2025-09-01,187.1,11.1,0,0,4,0,10193.34,4,4.26
908,2026-06-01,183.3,7.3,0,0,3,0,7685.15,,3.1
31,2026-04-01,182,6,0,0,4,0,10266.77,4,3.32
728,2025-12-01,192.6,16.6,0,0,5,1,9964.47,4,3.1
843,2026-06-01,173.5,13.5,25262.2,80,2,2,9617.18,0,3.27
47,2026-01-01,170.2,2.2,0,0,4,1,8288.18,8,2.74
494,2026-04-01,182.2,6.2,24639.24,69,2,0,9126.75,0,2.98
1473,2026-03-01,186.1,10.1,0,0,4,0,12105.52,4,3.88
599,2026-04-01,192.6,16.6,0,125,8,0,10976.03,6,4.24
1031,2026-03-01,180.2,4.2,29317.07,72,3,0,7933.75,4,3.79
57,2026-04-01,182.9,6.9,0,0,4,0,10342.78,8,3.78
308,2026-06-01,185,9,0,0,5,0,12043.38,0,3.62
620,2025-12-01,192.1,16.1,0,0,6,1,10262.68,8,3.77
643,2026-06-01,185.9,9.9,0,166,7,0,12461.54,0,4.02
549,2026-08-01,177.2,9.2,0,93,3,0,8322.04,8,2.92
707,2026-06-01,179.2,11.2,0,0,3,1,10025.69,6,3.83
639,2026-05-01,162.9,10.9,0,0,3,2,9690.45,6,3.85
554,2026-05-01,141.4,5.4,19018.36,64,2,4,10099.03,6,3.38
829,2026-01-01,172.9,4.9,0,80,4,1,14836.88,0,3.65
56,2025-11-01,170,10,35407.51,89,2,0,8505.79,4,4.11
406,2026-05-01,173.1,5.1,0,0,3,0,9101.37,0,3.39
363,2025-09-01,171.9,3.9,0,0,5,1,10646.42,0,4.19
895,2025-12-01,110.4,0,0,0,3,0,3517.67,0,3.42
1345,2026-06-01,181.9,13.9,0,0,4,1,8883.89,2,3.37
291,2025-12-01,206,22,0,0,5,0,8544.18,2,3.58
313,2026-06-01,174.6,6.6,0,0,5,1,7146.98,0,3.23
246,2026-03-01,183.3,7.3,0,0,4,0,15921.55,8,4.03
410,2025-12-01,195.4,19.4,0,156,5,1,12894.61,,3.55
398,2026-01-01,180,4,16993.44,58,3,0,8404.35,2,3.83
942,2025-09-01,184.6,8.6,34326.24,91,2,0,13195.35,4,4.11
1138,2025-11-01,172.7,12.7,0,0,4,0,16226.42,4,3.17
1393,2025-11-01,175,15,40092.75,95,2,0,10372.2,2,3.78
786,2026-01-01,170,2,0,0,4,1,11221.75,6,4
1208,2026-04-01,171.7,11.7,28411.92,88,2,2,9091.19,4,4.28
794,2025-12-01,201.6,17.6,0,0,5,0,11984.58,6,3.89
900,2026-05-01,174.4,14.4,0,127,7,1,13400.17,0,4.44
961,2026-02-01,162.7,2.7,0,0,6,0,10071.28,4,4.32
296,2025-09-01,168,16,0,92,3,3,12234.1,6,2.99
678,2026-06-01,100.8,0,17860.7,45,1,1,6771,8,3.62
623,2026-03-01,193.3,17.3,0,129,3,0,11817.31,10,3.3
287,2025-09-01,105.6,0,0,40,2,0,5652.67,0,2.27
1087,2026-06-01,183.6,15.6,0,121,3,1,14343.18,6,3.16
497,2025-12-01,105.6,0,0,0,2,1,5276.5,4,3.1
965,2025-09-01,105.6,0,20095.99,58,2,0,6242.33,2,4.5
27,2025-11-01,175.2,15.2,0,0,5,0,8167.82,6,3.57
288,2026-07-01,178,2,0,0,5,1,11252.78,0,4.3
16,2026-02-01,158.7,6.7,0,0,6,1,10003.21,8,4.82
834,2025-12-01,192.3,16.3,0,0,3,1,11484.75,2,2.33
1238,2026-01-01,179.9,3.9,28129.78,78,3,0,9690.03,4,4.3
1123,2026-08-01,175.1,7.1,28370.94,77,2,0,8169.04,6,4.57
624,2026-01-01,160,0,0,0,3,2,6720.17,6,2.3
1409,2025-10-01,194.8,10.8,0,0,3,0,8504.4,8,3.17
1002,2026-01-01,171.5,3.5,0,0,5,1,7059.88,2,3.68
626,2026-05-01,178.3,10.3,30999.1,90,2,0,9234.77,0,4.13
222,2025-09-01,176.8,8.8,0,0,3,1,8271.32,6,3.35
438,2025-09-01,183.7,7.7,0,104,4,0,9575.36,4,3.53
828,2025-10-01,194.3,10.3,27267.54,90,3,0,8094.27,8,3.34
1261,2026-05-01,174.4,6.4,0,0,4,0,8100.96,8,4.2
666,2026-01-01,179.7,3.7,0,100,6,0,10827.95,4,4
1036,2025-10-01,189.1,13.1,0,0,8,1,9926.95,2,4.46
932,2026-01-01,180,4,0,76,4,0,12538.16,0,3.36
667,2026-04-01,186.7,10.7,0,0,4,0,9364.1,8,3.46
850,2026-01-01,171.2,3.2,0,51,2,1,12454.26,4,2.3
320,2026-01-01,179.6,3.6,14951.02,44,1,0,7506.11,8,3.11
438,2026-04-01,185.1,9.1,0,136,6,0,9684.12,8,3.67
288,2026-06-01,163.1,11.1,0,0,4,3,12123.86,6,4.62
606,2026-05-01,100.8,0,0,0,4,0,6028.83,6,4.99
899,2026-02-01,148.1,4.1,0,0,4,2,5379.5,6,3.9
775,2025-12-01,190.6,14.6,0,0,4,1,11565.7,6,3.64
576,2026-08-01,178.7,10.7,0,0,4,0,9963.93,2,4.5
547,2025-09-01,183.6,15.6,0,95,4,1,11169.91,2,2.71
449,2026-05-01,175.2,15.2,0,106,4,1,14345.46,2,2.79
771,2025-12-01,110.4,0,0,0,2,0,7879.17,8,2.94
353,2026-01-01,180,4,0,0,5,0,7310.42,2,2.93
832,2025-10-01,177.7,9.7,21203.84,77,2,2,9069.53,2,3.36
179,2026-03-01,185.6,9.6,0,0,3,0,8919.14,10,3.72
1073,2026-04-01,148.8,4.8,0,0,4,4,11065.48,0,3.53
804,2026-07-01,177.4,9.4,16400.88,54,2,2,7794.7,,2.84
674,2025-11-01,173.3,13.3,0,0,4,0,10951.36,6,4.55
803,2026-04-01,160,8,22884,62,1,3,9109.49,4,3.19
506,2026-08-01,175.6,7.6,0,0,5,0,8819.95,8,3.43
270,2026-01-01,180.9,4.9,0,0,3,0,8298.06,6,3.5
1315,2025-09-01,183.3,7.3,0,0,4,0,12484.31,8,3.56
1109,2026-07-01,189,5,0,0,6,0,8029.17,8,3.71
750,2026-05-01,169.6,9.6,11206.11,46,1,1,8126.33,16,2.94
700,2025-09-01,186.7,10.7,0,0,5,0,10697.06,6,3.53
700,2025-10-01,193.1,9.1,0,0,5,0,10561.5,6,3.74
393,2026-07-01,167.1,7.1,16841.16,55,1,3,9118.67,8,3.16
1348,2026-03-01,189.6,13.6,0,0,3,0,11658.65,10,3.98
1481,2025-12-01,209.2,25.2,0,196,4,0,15046.3,4,3.84
400,2026-02-01,150.7,6.7,0,64,4,2,9874.13,,3.25
982,2025-10-01,198.4,14.4,32760.75,93,2,0,9547.05,4,3.46
1245,2026-08-01,173.1,13.1,13295.12,38,1,1,8987.46,0,2.09
1260,2025-11-01,149.3,13.3,0,0,3,3,9897.04,6,3
385,2026-02-01,161.9,1.9,22939.41,62,3,0,7698.7,12,4.4
1399,2025-12-01,196.9,12.9,0,0,6,0,9787.2,0,3.61
511,2025-11-01,155.8,19.8,0,119,3,3,13111.46,4,3.91
598,2026-07-01,187.8,3.8,23169.02,57,2,0,11540.59,6,3.26
1157,2026-02-01,161.5,1.5,0,0,5,0,11421.19,,3.15
818,2025-11-01,91.2,0,12650.69,41,1,1,5622.17,0,3.03
599,2026-02-01,167,7,0,99,5,0,10178.71,6,4.66
155,2025-12-01,195.6,11.6,0,0,5,0,7842.26,4,2.99
1032,2026-06-01,172.4,12.4,24839.06,74,3,2,8128.01,4,3.8
815,2025-09-01,180.6,4.6,36293.2,90,3,0,11247.95,2,4.42
943,2026-04-01,186.8,10.8,0,88,4,0,9038.01,8,2.83
1220,2026-05-01,172.7,12.7,0,116,4,1,14364.56,6,3.69
1460,2025-12-01,200.6,24.6,0,115,4,1,15154.79,8,2.31
900,2025-11-01,169.9,17.9,0,178,4,1,13761.06,4,4.35
505,2025-09-01,171.9,3.9,0,0,4,1,8302.74,0,3.59
204,2026-05-01,181.4,13.4,0,131,4,0,10052.21,8,3.56
1471,2025-12-01,204,20,43338.87,116,3,0,8658.48,2,3.8
1032,2026-08-01,176.6,8.6,22430.04,77,2,0,7886.62,8,3.95
51,2026-02-01,164.5,4.5,0,0,5,0,5809.42,4,3.81
350,2025-12-01,199.9,15.9,0,0,6,0,8489.12,8,
381,2026-03-01,185.9,9.9,0,0,3,0,9978.06,8,2.5
1397,2025-09-01,186.5,10.5,0,68,2,0,9545.07,16,3.72
52,2026-02-01,151.8,7.8,0,0,2,2,10852.92,4,3.14
931,2025-11-01,172,20,0,141,3,1,15217.94,8,3.61
1203,2025-12-01,105.6,0,0,0,2,1,4890.17,2,2.96
786,2025-10-01,190.7,6.7,0,0,5,0,11670.41,0,4.26
865,2026-06-01,186.7,10.7,0,0,3,0,10119.44,6,2.37
190,2026-06-01,105.6,0,0,0,4,0,6608.33,8,4.7
201,2026-06-01,188.3,12.3,0,181,7,0,16985.73,4,4.71
437,2026-02-01,167.7,7.7,0,0,4,0,9781.39,6,3.5
1355,2026-07-01,193.2,9.2,23180.66,73,2,0,11261.47,8,3.29
1437,2026-04-01,173.1,5.1,22008.64,69,2,1,10233.22,0,3.19
1391,2025-09-01,184.3,8.3,0,0,4,0,9295.06,2,
776,2025-09-01,105.6,0,0,0,2,0,7543.67,6,3.57
454,2026-03-01,173.3,5.3,15952.11,55,2,1,6868.9,10,2.58
897,2026-05-01,174,6,26462.75,85,3,0,9753.43,0,3.84
852,2026-06-01,169.9,9.9,23480.85,56,1,2,11490.22,8,2.72
1168,2026-02-01,160.8,0.8,17864.15,56,1,0,7186.41,10,3.65
1373,2026-05-01,168,8,0,0,6,1,11294.46,6,3.89
720,2026-06-01,188.6,12.6,0,156,6,0,14161.68,2,4.54
1078,2025-10-01,186.9,10.9,27051.23,82,1,1,8844.9,0,3.19
37,2026-06-01,190.6,14.6,47855.59,132,2,0,7443.27,0,4.93
1332,2026-02-01,166.6,6.6,0,0,3,0,12606.63,12,3.15
691,2026-03-01,178.3,10.3,0,0,5,1,11870.12,8,3.54
1427,2026-03-01,176.7,8.7,0,0,3,1,14200.8,8,2.91
856,2026-06-01,185.1,9.1,0,0,5,0,9398.97,4,3.67
1162,2025-11-01,170.5,18.5,0,136,5,1,18328.36,2,3.34
1486,2026-07-01,187.8,3.8,0,0,6,0,8201.28,0,3.15
1115,2026-01-01,176,0,0,0,5,0,5998.33,2,3.53
1054,2026-01-01,179,3,21665.62,56,2,0,10388.89,6,3.36
387,2025-10-01,190.6,6.6,0,0,6,0,12294.96,8,3.48
840,2026-07-01,181,5,25390.23,68,2,1,8315.55,2,3.88
1407,2026-08-01,180.5,12.5,0,111,4,0,14612.55,2,3.68
316,2026-01-01,165.3,5.3,0,0,3,2,14078.05,8,3.64
196,2026-03-01,105.6,0,14694.47,41,1,0,5032.5,12,3.66
1470,2025-11-01,96,0,0,91,2,0,8021.5,8,3.93
1178,2025-11-01,161.7,9.7,0,0,5,1,6446.75,0,3.31
1436,2026-06-01,180,4,0,0,5,0,9256.36,2,3.94
1026,2026-07-01,182.5,6.5,0,0,4,1,9879.46,8,3.17
136,2025-09-01,180,4,0,0,4,0,10455.48,4,2.97
269,2025-09-01,173.2,5.2,0,110,5,1,14980.07,6,3.48
96,2025-10-01,110.4,0,0,79,3,0,5805.17,2,4
526,2025-11-01,167.4,15.4,0,0,5,1,7765.54,6,4.46
1356,2025-11-01,174.2,14.2,0,140,4,0,15970.98,2,3.8
1297,2026-01-01,171.7,3.7,0,0,6,1,10187.92,2,4.33
432,2025-10-01,100.8,0,0,0,2,2,4046.33,6,3.47
753,2026-02-01,165.4,5.4,17558.25,58,1,0,8694.32,8,3.56
406,2026-07-01,179.5,3.5,0,0,5,1,8980.68,6,
191,2026-08-01,178,10,0,0,3,0,6915.09,0,3.72
1229,2026-08-01,171.1,11.1,0,0,5,1,8636.02,8,3.21
1229,2026-05-01,166.5,6.5,0,0,5,1,8322.37,0,3.4
857,2025-11-01,182.3,22.3,0,210,6,0,13705.36,4,4.74
1171,2026-03-01,181.8,5.8,0,0,3,0,15983.4,,3.53
986,2025-12-01,200.1,16.1,0,149,5,0,13077.38,4,3.29
116,2026-05-01,100.8,0,0,0,3,0,4524.17,2,3.34
1234,2026-08-01,177,9,21496.34,72,3,0,10246.19,4,3.78
446,2025-10-01,199.3,15.3,0,0,5,0,9532.58,2,3.32
578,2026-07-01,182.6,6.6,0,135,6,1,13081.23,0,4.18
93,2026-04-01,183.9,7.9,0,0,4,0,10525,8,3.4
38,2026-01-01,163.6,3.6,16279.28,49,2,2,6919.04,0,3.3
1496,2026-01-01,176,0,0,80,3,0,13979.17,8,3.91
1123,2026-01-01,168,0,19823.96,63,3,1,7696.17,8,4.67
994,2026-04-01,178.2,2.2,0,0,6,0,9707.53,2,3.78
549,2025-12-01,209.1,25.1,0,116,3,0,9382.67,2,2.49
1037,2026-07-01,188.3,4.3,0,0,5,0,9216.32,8,3.31
1024,2026-01-01,179.8,11.8,0,0,3,1,11720.26,8,3.37
603,2025-12-01,105.6,0,21702.04,72,2,1,4808.83,6,3.9
1225,2026-04-01,181.1,5.1,0,0,6,0,8301.22,8,
1007,2025-10-01,192.7,8.7,31145.7,103,2,0,10068.46,2,3.68
120,2026-02-01,157.9,5.9,20720.99,49,2,1,8441.75,4,3.5
965,2025-12-01,110.4,0,28538.61,88,2,0,6242.33,6,4.5
509,2026-05-01,96,0,0,0,1,1,3914.17,6,3.05
564,2026-05-01,176.3,8.3,24169.07,68,2,0,7860.06,8,3.32
19,2026-02-01,149.6,5.6,0,0,4,2,5436.27,10,3.42
886,2026-03-01,188,12,0,0,4,0,7110.61,12,3.61
475,2026-05-01,175,7,0,0,4,0,7882.03,8,4.41
496,2026-08-01,96,0,0,51,3,1,7604.67,0,3.53
394,2026-04-01,173.2,13.2,0,0,6,2,8745.23,2,4.18
79,2026-02-01,171.4,11.4,0,130,4,0,20585.66,4,
728,2026-03-01,188,12,0,0,5,0,9617.63,8,2.7
415,2025-12-01,110.4,0,18741.54,74,1,0,4483.5,4,3.66
1290,2025-11-01,175.9,15.9,0,0,4,0,8732,6,3.07
156,2026-06-01,188.4,12.4,0,0,5,0,16244.76,6,3.33
601,2026-05-01,164.5,4.5,0,0,3,1,7858.56,0,3.31
355,2026-03-01,181.6,5.6,0,0,5,0,9846.8,4,3.66
543,2025-11-01,175.3,15.3,0,0,6,0,7172.46,0,3.9
331,2026-05-01,152.5,8.5,15198.97,43,1,3,7716.55,2,2.55
491,2025-11-01,154.7,10.7,0,0,3,2,9541.82,2,2.77
1239,2025-10-01,195.1,11.1,0,0,6,0,8279.44,0,3.8
1061,2025-10-01,96,0,0,0,3,3,4137.83,0,4.61
64,2025-10-01,171.4,11.4,0,111,5,3,25913.58,8,3.33
683,2025-11-01,168.3,16.3,0,0,6,1,10753.9,0,3.79
179,2026-04-01,182.8,6.8,0,0,5,0,8719.6,8,3.9
818,2026-05-01,96,0,12058.14,36,1,1,5622.17,0,3.16
867,2026-04-01,173.6,13.6,0,114,4,2,12306.35,2,3.61
575,2026-02-01,142.4,6.4,0,0,3,3,10558.07,6,3.88
1044,2026-05-01,181,13,0,0,7,0,9579.92,2,4.26
1334,2026-08-01,178.3,10.3,0,129,6,0,13508.9,4,3.98
304,2026-06-01,173.9,13.9,0,0,5,2,9100.29,2,3.8
682,2025-10-01,195.1,11.1,0,0,5,0,8669.45,0,4.14
1401,2026-05-01,179.1,11.1,0,0,5,0,8156.86,0,3.95
1239,2026-07-01,193.3,9.3,0,0,5,0,8161.77,0,4.04
719,2026-01-01,168.5,0.5,17325.8,58,2,1,6933.04,0,3.47
214,2026-02-01,149.9,5.9,15046.95,45,1,2,9264.55,8,2.89
857,2026-07-01,196.7,12.7,0,149,5,0,12750.95,0,4.63
714,2026-03-01,173.2,5.2,24532.04,94,2,1,11856.57,8,4.47
1296,2026-03-01,105.6,0,11412.75,34,1,0,3873.5,10,3.35
1444,2026-04-01,172,4,23173.61,67,2,1,10728.96,0,3.6
1426,2026-07-01,191.1,7.1,0,0,4,0,9183.42,0,
156,2025-09-01,180.8,4.8,0,0,4,0,15279.89,4,2.96
551,2026-03-01,166,14,0,67,3,3,12164.52,4,2.1
1085,2025-09-01,91.2,0,12673.99,36,1,3,5174.83,0,3.14
749,2025-10-01,196,12,29145.33,110,2,0,8585.16,2,3.89
449,2026-04-01,194.3,18.3,0,116,5,0,14685.56,0,3.18
135,2026-07-01,181.4,5.4,31992.19,86,2,1,9215.77,,4.02
1069,2026-06-01,188.5,12.5,0,0,5,0,7345.71,8,3.12
531,2025-09-01,174.9,14.9,0,110,5,2,13107.4,2,3.64
1438,2026-01-01,176.7,0.7,0,0,5,0,8254.2,4,
291,2026-08-01,173.9,5.9,0,0,5,0,7544.14,8,3.66
851,2026-03-01,188.1,12.1,0,135,5,0,14555.68,10,4.78
1415,2025-09-01,181.5,5.5,0,0,6,0,7359.54,2,3.3
1466,2026-06-01,186.4,10.4,0,0,5,0,8067.45,,3.58
1168,2026-03-01,165.7,5.7,24795.93,75,3,2,7489.05,8,3.53
690,2026-08-01,42,2,0,0,1,0,1911.09,4,4.1
363,2026-04-01,174.3,6.3,0,0,6,1,10860.32,2,4.17
344,2026-05-01,177.1,9.1,0,0,5,0,10901.49,0,3.54
1212,2026-05-01,177.9,9.9,26816.06,87,2,0,8156.84,0,3.67
686,2025-09-01,182.3,6.3,0,0,4,0,7719.08,8,3.25
775,2025-11-01,166.7,14.7,0,0,3,1,11574.58,2,3.41
966,2025-12-01,203.9,19.9,43489.81,146,2,0,9498.23,4,3.81
365,2026-03-01,182.3,6.3,0,0,4,0,6893.57,10,2.98
1001,2026-04-01,153.1,9.1,20174.05,72,2,4,7335.5,0,3.78
779,2026-07-01,191.5,7.5,0,107,7,0,11692.64,0,
549,2026-04-01,181.8,13.8,0,89,3,1,8628.89,8,2.74
548,2025-09-01,192.8,16.8,0,81,4,0,21426.33,0,2.62
302,2026-06-01,189.2,13.2,0,0,3,0,13344.4,8,3.21
693,2026-07-01,184,0,29347.03,83,3,0,7147.17,8,4.37
814,2026-08-01,167.3,7.3,22082.91,80,2,1,6006.93,0,3.76
564,2025-09-01,177.8,1.8,26499.64,76,3,0,7447.56,4,
378,2026-03-01,177.1,9.1,0,0,3,1,8203.53,10,3.09
239,2026-08-01,180.8,12.8,0,145,6,0,18678.33,2,4.18
793,2026-01-01,184.9,8.9,0,82,3,0,12865.89,8,2.94
1314,2026-03-01,167,7,0,0,5,2,7989.86,10,3.24
773,2025-10-01,195.3,11.3,0,0,5,0,12053.72,8,3.79
1049,2025-09-01,162.5,2.5,0,0,4,2,8205.43,4,3
1393,2026-08-01,162.6,2.6,25030.2,68,1,1,9387.06,4,
1010,2025-10-01,100.8,0,0,0,3,2,6354.17,0,3.61
468,2025-12-01,201.1,17.1,0,0,6,0,9640.36,2,3.17
617,2026-05-01,144.4,8.4,0,0,4,4,10109.59,4,3.53
955,2026-08-01,162.6,2.6,16715.45,53,2,1,6393.18,0,3.32
405,2025-12-01,193,17,0,0,7,1,12898.55,0,4.33
319,2026-04-01,181.7,13.7,0,0,5,1,9734.43,6,3.21
1029,2026-03-01,172.8,4.8,20864.03,75,2,1,10038.35,4,3.7
1390,2026-04-01,181.3,5.3,0,0,6,0,9761.06,8,3.76
511,2026-03-01,187.2,11.2,0,139,5,0,12278.41,4,4.22
1303,2026-07-01,179.2,3.2,14215.78,51,2,1,8682.46,2,2.41
460,2025-09-01,185.1,9.1,26022.06,91,2,0,11965.32,4,4.19
1012,2026-04-01,179.1,3.1,0,0,6,0,9228.44,0,3.67
1435,2025-11-01,159.2,15.2,0,0,4,2,7903.23,4,2.73
950,2026-07-01,188,4,0,118,5,0,9320.16,4,4.58
133,2026-08-01,177,9,0,117,3,0,14509.05,0,3.34
521,2026-04-01,177.9,1.9,0,0,5,0,10158.16,6,3.67
1454,2026-03-01,177.9,9.9,0,118,5,1,13940.59,12,3.67
1163,2026-06-01,182.3,6.3,0,0,4,0,6936.45,6,3.63
1189,2025-09-01,180.6,12.6,21079.72,51,2,1,11038.44,0,2.7
37,2025-09-01,163.1,3.1,36424.29,100,3,2,6785.61,4,4.8
111,2025-10-01,200.6,16.6,0,161,5,0,16045.46,6,
756,2026-08-01,171.5,3.5,0,0,4,0,8903.41,8,3.64
480,2026-01-01,176,0,0,0,3,0,13735.17,6,3.08
998,2025-10-01,199.7,15.7,0,187,5,0,9700.29,0,4.68
1023,2025-10-01,196.5,12.5,0,0,4,0,9531.4,2,3.64
978,2026-08-01,173.1,5.1,21301.4,60,1,0,7982.76,2,3.55
925,2026-08-01,173.8,5.8,23318.68,78,3,0,8007.72,2,3.65
783,2026-04-01,185.2,9.2,0,0,6,0,12644.46,6,3.81
440,2026-08-01,91.2,0,0,0,2,2,5368,8,2.88
206,2026-03-01,105.6,0,0,0,2,0,4148,10,3.96
535,2026-06-01,168.9,8.9,0,0,4,2,12504.55,4,4.44
1265,2026-02-01,168.7,8.7,0,0,3,0,8986.19,8,2.94
1082,2025-09-01,193.5,17.5,0,87,4,0,12923.79,8,2.43
1285,2026-06-01,185.2,9.2,0,0,7,0,10065.07,2,4.33
333,2025-09-01,177.7,9.7,0,97,3,1,17424.07,2,3.48
496,2026-06-01,105.6,0,0,78,3,0,7604.67,0,3.82
1018,2026-02-01,167.4,7.4,0,0,4,0,12764.91,8,3.46
359,2025-12-01,204.7,20.7,0,0,7,0,11712.15,4,3.76
69,2026-04-01,190.3,14.3,0,146,6,0,25979.98,8,4.36
3,2025-09-01,185.1,9.1,0,0,7,0,9322.2,2,4.32
490,2026-01-01,146.7,2.7,0,0,5,4,9301.37,0,3.8
1294,2025-10-01,193.9,9.9,0,0,4,0,9337.87,8,3.02
328,2025-12-01,187.8,19.8,0,178,6,2,13242.46,0,3.5
1086,2026-01-01,178.8,2.8,0,0,4,0,6841.35,2,3.52
1151,2025-12-01,202.2,18.2,0,0,7,0,10814.72,6,3.75
633,2025-12-01,190.6,14.6,41682.75,117,3,1,9195.3,4,3.49
95,2025-11-01,172.5,12.5,0,0,5,0,6771.12,8,3.47
903,2026-02-01,140.5,4.5,0,0,2,3,8069.81,12,3.32
572,2025-11-01,175.5,15.5,0,0,4,0,9950.71,6,3.3
753,2025-11-01,174.3,14.3,26787.58,66,2,0,9334.05,16,3.42
165,2026-05-01,178.4,10.4,25292.55,87,3,0,8610.45,2,3.92
1383,2026-02-01,91.2,0,9010.74,29,1,1,4493.67,8,3.63
658,2026-02-01,160,0,18269.8,46,2,0,11010.5,10,3.59
15,2025-10-01,198.9,14.9,0,146,5,0,4820.58,6,4.22
35,2025-09-01,184.1,8.1,0,0,6,0,12076.04,4,4.21
1253,2026-02-01,164.1,4.1,0,0,3,0,4659.66,10,2.91
118,2026-07-01,184.2,8.2,0,0,3,1,7806.77,0,3.86
1216,2025-12-01,203.1,19.1,0,0,5,0,7629.53,8,3.52
749,2026-03-01,182.1,6.1,29204.87,83,3,0,8188.06,6,4.31
695,2026-03-01,157.5,5.5,23606.66,60,2,3,6752.46,4,3.73
1365,2025-10-01,185.2,9.2,32235.79,71,1,1,9900.43,6,3.34
157,2025-10-01,110.4,0,14810.02,46,2,0,3975.17,6,3.21
899,2026-04-01,175.3,7.3,0,0,5,1,5523.36,8,4.38
511,2026-05-01,173.8,13.8,0,127,4,1,12530.26,0,
410,2026-05-01,181.4,13.4,0,128,4,0,12321.33,6,3.88
633,2026-03-01,186.4,10.4,30014.25,76,2,0,8898.58,10,
47,2026-06-01,178.3,10.3,0,0,3,1,8858.29,0,2.75
1234,2026-06-01,189.2,13.2,30249.54,100,3,0,10591.69,8,3.72
1187,2025-11-01,169.1,17.1,29079.97,87,2,1,8083.7,4,3.38
644,2025-11-01,176.5,16.5,0,105,4,0,9142.31,4,2.91
1383,2026-05-01,91.2,0,12616.04,44,1,2,4493.67,0,3.55
182,2026-03-01,183.4,7.4,0,0,6,0,7388.51,6,3.5
2,2025-10-01,192.3,8.3,0,0,3,0,4794.64,8,3.37
218,2026-03-01,187.1,11.1,0,114,5,0,15500.27,12,3.75
1376,2026-07-01,189.1,5.1,0,0,4,0,9001.83,2,3.08
648,2026-03-01,96,0,0,0,2,2,4361.5,10,3.84
1335,2025-12-01,198.6,14.6,0,0,8,0,11038.94,8,4.41
1392,2026-08-01,153.5,1.5,17698.36,53,2,2,6673.52,6,3.64
1490,2026-05-01,175.6,15.6,0,95,5,1,13685.45,0,3.1
573,2026-06-01,174.9,14.9,0,140,3,2,13589.45,8,3.67
455,2025-10-01,199.2,15.2,30205.82,94,2,0,12907.46,8,3.39
379,2026-06-01,175.8,7.8,20634.65,71,2,1,7694.72,4,3.09
321,2026-04-01,184.2,8.2,0,0,6,0,8438.28,2,3.58
1051,2026-07-01,181.4,5.4,0,0,2,1,8609.19,6,2.56
305,2026-08-01,171.3,3.3,0,0,4,0,9662.27,8,
106,2026-08-01,158.2,6.2,0,89,4,2,11847.64,2,
805,2026-02-01,154.9,2.9,15002.96,54,2,1,11849.6,4,3.27
765,2026-02-01,155.2,3.2,18368.15,53,3,1,8180.94,6,3.85
1441,2025-11-01,166,14,25286.11,92,2,1,7454.55,6,3.54
662,2026-05-01,169.9,9.9,0,0,4,1,8763.91,4,3.39
865,2025-10-01,184.8,8.8,0,0,3,1,9967.16,2,2.34
486,2026-01-01,179.6,3.6,0,0,4,0,9885.84,2,3.32
1167,2025-10-01,195.9,11.9,0,0,6,0,12088.3,2,3.82
873,2026-04-01,168.9,0.9,0,0,7,1,9774.54,0,4.19
643,2026-02-01,164.5,4.5,0,94,5,0,11925.15,,3.93
840,2025-11-01,171.1,11.1,28707.79,111,2,0,8736.31,0,4.02
292,2025-11-01,171.2,11.2,0,0,8,0,7070.4,0,4.81
1058,2026-03-01,179.6,11.6,29154.68,74,2,1,9334.93,6,3.77
1035,2026-08-01,172.8,4.8,0,0,3,0,6861.66,4,3.03
1390,2026-02-01,162.8,2.8,0,0,3,0,9559.15,6,3.76
1472,2026-04-01,187.4,11.4,0,0,5,0,7975.13,0,3.31
934,2026-04-01,168.3,8.3,33163.52,91,3,2,9295.06,0,4.51
1466,2026-05-01,173.2,5.2,0,0,5,0,7734.39,8,3.14
417,2026-03-01,184.8,8.8,0,0,4,0,6411.37,6,3.7
215,2026-02-01,162.4,2.4,22410.68,56,3,0,10024.97,12,4.4
423,2026-03-01,189.6,13.6,0,143,6,0,11874.55,8,3.82
214,2026-06-01,180.1,4.1,30869.03,92,3,0,9127.25,2,3.65
396,2026-04-01,185.1,9.1,0,65,3,0,18545.69,0,2.24
496,2025-09-01,105.6,0,0,67,2,0,7604.67,8,3.52
130,2026-01-01,100.8,0,10971.38,31,1,1,6130.5,0,3.7
419,2026-04-01,165.8,13.8,0,0,5,3,8342.13,8,3.38
109,2026-04-01,184.7,8.7,0,0,3,0,6602.99,0,2.99
286,2026-07-01,181.6,5.6,0,0,5,1,6843.31,0,3.94
622,2025-09-01,187.8,11.8,25094.41,86,3,0,9131.94,4,4.15
209,2026-02-01,160,0,0,0,3,0,9505.83,12,3.12
1247,2026-02-01,165,5,17240.16,61,2,0,8623.14,12,4.06
1465,2026-08-01,171.5,3.5,14129.11,39,1,0,9678.53,4,
687,2026-02-01,137.4,1.4,11524.21,26,1,3,10619.11,,2.34
897,2026-07-01,179.3,11.3,27278.69,65,2,2,10178.69,2,3.59
172,2026-07-01,187.6,3.6,33542.69,84,2,0,8229.47,8,4.32
226,2026-05-01,175.2,7.2,0,0,3,0,9946.92,8,3.15
1383,2026-07-01,110.4,0,15933.16,43,2,0,4493.67,4,4.12
663,2026-04-01,64.3,0.3,0,0,1,0,5532.92,4,3.8
1363,2026-01-01,178.5,2.5,0,97,6,0,10043.86,2,4.57
155,2026-07-01,187.7,3.7,0,0,4,0,7355.03,0,3.41
1447,2026-05-01,180.2,12.2,0,128,5,0,14612.04,6,3.42
299,2026-06-01,186.8,10.8,0,0,6,0,14018.36,4,4.04
101,2026-08-01,180.2,12.2,0,0,6,0,7418.42,0,3.4
355,2026-06-01,160.9,8.9,0,0,3,3,10115.01,0,3.65
15,2026-02-01,173.9,13.9,0,98,4,0,4783.63,6,4.35
853,2026-05-01,162.1,2.1,0,0,5,1,7194.24,0,4.08
152,2026-03-01,167.2,7.2,21173.49,55,1,2,6901.28,8,3.01
428,2026-08-01,174.2,6.2,0,0,5,0,9158.89,0,4.03
1054,2026-08-01,154.7,2.7,16343.87,45,1,2,10362.6,2,2.97
1134,2026-08-01,179.1,11.1,20497.16,60,1,0,7544.53,2,3.09
1491,2025-09-01,183.2,7.2,0,0,6,0,9990.12,6,3.59
192,2026-01-01,179,3,12873.64,44,1,0,8573.96,8,2.96
413,2025-10-01,202.1,18.1,33131.67,75,2,0,9795.35,4,3.33
1408,2026-05-01,173.7,13.7,0,88,5,1,18706.95,2,3.07
1010,2026-08-01,91.2,0,0,0,2,2,6354.17,2,3.97
424,2025-10-01,178.4,10.4,0,0,6,2,7347.14,0,3.7
863,2026-07-01,185,1,28047.27,93,2,0,7619.2,8,4.42
1321,2026-06-01,180.8,12.8,0,0,4,1,11394.46,8,4
862,2026-08-01,145.3,1.3,0,0,2,3,7702.35,14,3.75
987,2026-06-01,177.4,9.4,22796.2,65,3,1,7409.74,2,3.21
700,2026-08-01,156.1,4.1,0,0,5,2,10137.87,2,
758,2025-09-01,183.5,7.5,28792.28,82,3,0,7152.6,2,3.79
1490,2026-02-01,173.3,13.3,0,82,5,0,13445.46,12,3.36
338,2026-01-01,161.1,1.1,12557.5,39,2,2,9052.36,8,3.09
603,2025-09-01,105.6,0,16902.53,40,2,0,4808.83,2,3.83
115,2026-06-01,164.1,12.1,24680.3,69,3,3,11085.23,6,3.88
736,2026-04-01,183,15,0,130,6,1,12933.66,2,3.97
124,2026-03-01,177.9,1.9,0,0,4,0,6564.52,4,4.32
1219,2025-11-01,170.5,18.5,0,84,3,1,18116.06,6,2.45
974,2026-05-01,100.8,0,0,86,4,0,7004.83,0,4.99
1126,2026-08-01,178.1,10.1,0,84,4,0,12182.91,2,3.22
608,2026-02-01,148,4,16707.58,64,1,2,12443.49,12,4.16
547,2026-03-01,178.2,10.2,0,89,4,1,10710.02,4,2.93
169,2025-12-01,210.8,26.8,0,227,5,0,16043.95,0,3.61
664,2025-09-01,187.4,11.4,0,0,6,0,8656.48,8,3.72
417,2025-12-01,190,22,0,0,6,2,7091.91,2,3.46
17,2026-03-01,176.2,8.2,0,0,6,1,5444.05,8,4.32
808,2026-02-01,96,0,0,0,2,0,4188.67,6,3.45
1379,2026-04-01,161.4,9.4,0,0,2,3,11389.46,8,2.8
448,2026-02-01,157.4,5.4,0,0,3,1,8630.47,10,2.24
1418,2026-05-01,100.8,0,0,54,3,0,8346.83,2,3.18
992,2026-04-01,105.6,0,,49,2,0,5134.17,0,4.26
1332,2026-04-01,162.5,10.5,0,0,5,3,13009.12,6,3.59
1310,2025-11-01,179,19,0,0,3,0,9020.79,8,3.03
725,2025-10-01,196.8,12.8,0,0,3,0,10615.25,2,3.05
1201,2026-05-01,183.4,15.4,0,129,4,0,13572.41,4,3.86
259,2026-06-01,185.8,9.8,0,0,3,0,9517.92,6,3.33
924,2025-10-01,198.8,14.8,0,0,7,0,13682.26,0,4.22
376,2026-04-01,183.7,7.7,0,0,5,0,9672.95,2,3.61
33,2026-01-01,182.5,6.5,0,65,2,0,7409.59,2,2.28
973,2026-04-01,161.4,9.4,20039.95,57,2,3,9102.77,8,3.27
822,2025-10-01,186.3,10.3,0,141,5,1,16886.12,4,3.49
199,2026-04-01,179.5,11.5,0,105,4,1,14576.69,2,3.56
1225,2026-05-01,175.2,7.2,0,0,4,0,8445.7,6,3.47
1160,2026-03-01,184.1,8.1,29211.74,84,2,0,6832.21,12,4.01
1003,2025-09-01,178.2,10.2,0,90,4,1,10289.59,0,2.89
377,2025-12-01,204.2,20.2,56859.64,137,3,0,7930.74,8,4.71
870,2026-07-01,190.8,6.8,0,0,6,0,8453.12,6,
589,2026-05-01,173.4,5.4,0,0,6,0,8555.98,,3.55
421,2025-10-01,200.5,16.5,0,143,5,0,8456.63,2,4.22
1470,2026-05-01,91.2,0,0,66,2,2,8021.5,8,3.82
1125,2025-09-01,161.1,1.1,16814.08,53,2,2,8364.71,4,2.75
651,2025-12-01,198.1,14.1,33964.66,113,2,0,12502.29,4,3
455,2025-09-01,183.5,7.5,30678.2,68,3,0,12147.36,4,3.59
1117,2025-10-01,194.3,10.3,0,126,5,0,12169.08,8,3.21
339,2026-03-01,187.2,11.2,24009.04,70,3,0,11330.48,6,3.41
678,2026-05-01,100.8,0,15498.21,44,2,0,6771,8,3.94
1300,2026-02-01,162.8,2.8,0,83,5,0,10017.32,4,3.61
815,2025-10-01,196.6,12.6,34493.01,104,3,0,11996.84,8,4.48
1006,2025-12-01,196.4,20.4,36451.64,92,2,1,7093.15,4,
286,2026-06-01,180.9,12.9,0,0,6,1,7255.64,8,3.85
597,2025-12-01,195.2,19.2,42647.96,147,4,1,6876.42,0,4.3
1457,2026-02-01,165.5,5.5,0,0,6,0,6853.02,8,4.2
1395,2025-12-01,205.4,21.4,0,155,6,0,17423.51,4,2.92
632,2026-02-01,164.3,4.3,16889.84,60,1,0,8457.08,6,3.54
1300,2026-06-01,183.1,7.1,0,157,5,0,10381.26,6,3.86
410,2026-03-01,186.5,10.5,0,116,5,0,12044.24,8,3.61
985,2026-07-01,188.8,4.8,0,0,5,0,9328.89,4,3.47
1092,2026-08-01,171.1,3.1,0,0,4,0,8810.86,6,3.57
395,2025-10-01,110.4,0,0,66,2,0,7259,0,3.24
1240,2026-04-01,179,11,33391.38,91,3,1,8762.82,6,4.45
1439,2026-02-01,164.1,4.1,0,0,3,0,8063.98,12,2.6
994,2025-12-01,203.4,19.4,0,0,4,0,11125.46,6,3.64
9,2026-08-01,155.9,3.9,17275.35,53,1,2,10719.99,8,3.5
1448,2026-03-01,105.6,0,0,52,3,0,6476.17,4,3.03
1334,2026-06-01,169.5,17.5,0,139,4,3,14281.72,0,3.78
51,2025-12-01,209.2,25.2,0,0,7,0,6811.08,2,3.83
11,2026-07-01,179.6,3.6,0,0,3,1,9330.22,8,3.03
1059,2026-02-01,154,2,0,0,4,1,8429.24,4,3.68
1324,2026-08-01,182.7,14.7,0,104,3,0,13167.52,8,
127,2026-06-01,183.6,7.6,0,0,4,0,7259.66,8,3.07
121,2026-05-01,173.8,13.8,0,0,6,1,13326.92,6,3.99
1352,2025-09-01,182.8,6.8,0,0,3,0,10032.92,8,3
712,2026-08-01,100.8,0,0,0,3,0,6455.83,6,3.75
500,2026-06-01,177.7,9.7,0,0,2,1,10634.38,8,2.24
315,2025-10-01,191.6,7.6,0,0,6,0,8516.56,6,3.77
554,2026-06-01,180.5,4.5,34492.82,109,2,0,10023.89,0,4.08
29,2026-05-01,181.6,13.6,0,0,9,0,5681.6,0,5
1475,2026-06-01,187.3,11.3,24762.27,93,2,0,8426.44,2,3.68
811,2025-09-01,165.2,5.2,12311.18,35,2,2,9359.89,12,3.28
61,2026-03-01,182.8,6.8,0,0,3,0,14586.49,4,3.79
886,2025-09-01,167.9,7.9,0,0,4,2,6882.05,0,3.34
136,2026-05-01,169.2,9.2,0,0,3,1,10910.23,6,2.97
44,2025-10-01,194.9,10.9,0,0,3,0,11904.45,6,2.77
555,2026-02-01,96,0,10737.83,36,1,0,3863.33,12,3.89
412,2026-04-01,180.5,4.5,24322.48,71,1,0,10890.02,6,3.53
1071,2026-07-01,195.6,11.6,20493.44,56,2,0,7942.94,0,3.04
1316,2026-04-01,144.6,0.6,0,0,4,4,5997.65,8,3.43
627,2025-12-01,205.2,21.2,0,238,6,0,18828.9,6,4.43
450,2025-10-01,100.8,0,12616.47,46,2,2,4656.33,2,3.52
1251,2026-02-01,166.2,6.2,0,0,4,0,9587.37,10,3.24
1409,2026-08-01,163.2,3.2,0,0,4,1,7992.88,2,3.55
384,2026-06-01,189.7,13.7,0,130,4,0,9950.5,8,3.9
1161,2025-09-01,186,10,0,119,6,0,11897.05,0,3.65
588,2026-02-01,165.1,5.1,0,0,3,0,10997.52,4,3.29
611,2026-03-01,182.6,6.6,0,0,4,0,9382.43,10,3.76
594,2026-04-01,188.2,12.2,0,0,5,0,10633.07,8,2.65
152,2025-12-01,199.5,15.5,32737.45,111,3,0,7367.91,2,3.18
428,2026-02-01,152.2,0.2,0,0,6,1,8707.54,4,4.28
1242,2026-02-01,173.5,13.5,0,84,3,0,12875.9,6,3.2
816,2026-02-01,91.2,0,12787.57,35,1,1,5683.17,6,3.91
1465,2025-11-01,172.4,12.4,25404.94,61,1,0,10402.05,8,2.58
1022,2025-12-01,203.2,19.2,0,0,7,0,10124.94,4,3.86
1104,2026-04-01,173.3,13.3,0,113,3,2,10713.29,6,3.29
485,2025-09-01,175.7,7.7,0,0,5,1,8426.41,6,3.01
822,2026-02-01,157.6,5.6,0,73,4,1,16255.52,6,3.59
427,2026-04-01,170.7,10.7,0,0,3,2,7842.29,6,2.88
209,2026-03-01,180,12,0,0,5,1,10492.98,8,3.19
925,2025-10-01,193,9,33537.17,87,3,0,8218.87,2,3.74
346,2026-06-01,181.7,13.7,0,0,3,1,11599.44,8,3.24
551,2026-05-01,180.9,12.9,0,87,2,0,12061.24,2,2.38
1422,2026-06-01,187.7,11.7,0,0,7,0,8262.68,4,4.42
523,2026-05-01,181,13,0,88,2,0,18684.81,8,2.57
1288,2026-02-01,165.4,5.4,0,0,6,0,10992.94,10,3.99
968,2025-10-01,192,8,0,0,6,0,8870.34,2,3.93
829,2026-08-01,171,11,0,126,6,1,15588.24,8,3.95
849,2026-04-01,161.3,9.3,0,113,5,3,10512.54,0,3.77
503,2025-12-01,179.4,19.4,36468.45,106,2,3,12253.45,2,3.73
189,2025-12-01,168.1,16.1,31426.95,95,3,4,9162.28,0,3.65
1314,2025-12-01,183.2,15.2,0,0,5,2,8524.44,0,3.25
1446,2026-08-01,172.9,4.9,21248.27,60,2,0,13056.46,0,2.95
1148,2026-01-01,160,0,15582.23,48,2,2,10573.33,0,3.56
1092,2026-02-01,167.9,7.9,0,0,5,0,9167.29,6,3.76
1018,2026-05-01,173.4,5.4,0,0,4,0,12557.28,6,4.07
1369,2025-10-01,185.1,9.1,28330.95,84,2,1,7315.18,8,4.32
74,2026-06-01,184.8,8.8,0,111,4,0,23085.29,8,3.13
479,2026-07-01,184.3,0.3,20063.04,76,2,0,6839.54,8,3.73
1015,2025-11-01,172.4,12.4,0,123,5,0,10334.5,4,3.1
676,2026-07-01,185.5,1.5,0,0,5,0,7960.85,2,3.74
1399,2026-04-01,181.3,5.3,0,0,6,0,9208.15,8,4.14
1169,2025-12-01,203,19,30460.83,101,2,0,9565.35,0,2.82
929,2025-09-01,177,9,20998.89,63,2,1,8361.33,8,3.14
47,2026-08-01,167.7,7.7,0,0,4,1,8675.29,4,3.04
330,2026-04-01,182.3,6.3,25128.06,77,2,0,7522.24,0,3.23
1374,2026-07-01,193.1,9.1,0,104,4,0,9793.79,2,3.25
914,2026-03-01,175.9,7.9,0,0,6,1,10318.63,8,4.33
356,2026-08-01,181.1,13.1,22338.67,74,2,0,9734.52,8,3.41
385,2025-11-01,162.7,10.7,36716,94,2,1,8275.51,2,4.08
1423,2026-01-01,181.3,5.3,0,96,6,0,10547.9,2,4.07
6,2026-08-01,164.6,4.6,0,0,3,1,11522.8,4,3.84
502,2025-12-01,195.2,11.2,0,0,5,0,11430.85,2,4.05
83,2026-04-01,165.8,5.8,0,0,3,2,18994.3,8,2.56
1499,2025-11-01,176.1,16.1,0,0,2,0,12011.73,4,2.69
1365,2026-08-01,168.7,0.7,20005.04,64,2,0,9225.88,2,3.31
136,2026-02-01,164.9,4.9,0,0,3,0,10534.19,8,2.85
476,2025-10-01,193,9,0,0,5,0,7977.78,0,3.16
1417,2026-03-01,184.3,8.3,0,116,3,0,12967.32,12,3.25
585,2026-08-01,151.7,7.7,0,0,5,3,11939.37,4,3.65
73,2026-07-01,182.6,6.6,0,0,3,1,14261.72,8,3.31
63,2026-06-01,182.7,14.7,0,0,4,1,31629.56,4,3.6
754,2026-08-01,159.8,7.8,0,0,3,2,9007.92,0,3.35
1048,2025-09-01,170.2,10.2,0,111,7,2,12535.59,,4.16
153,2026-05-01,173.5,5.5,0,0,6,0,6816.36,2,3.96
388,2026-07-01,185.8,1.8,0,0,4,0,10686.41,4,4.39
459,2025-12-01,96,0,0,74,2,3,7980.83,4,3.05
1383,2025-11-01,91.2,0,17258.52,50,1,1,4493.67,2,
1004,2026-02-01,162,10,0,0,5,1,6550.56,8,3.45
586,2025-09-01,181.7,5.7,14458.3,50,1,0,6912.97,0,2.45
916,2025-09-01,164.1,4.1,0,0,2,2,6705.95,2,2.63
219,2026-04-01,182.7,6.7,0,0,4,0,8120.88,2,3.84
817,2026-08-01,168.8,0.8,16809.02,52,2,0,9520.46,0,3.12
376,2026-03-01,166.2,6.2,0,0,4,2,9555.24,10,2.97
247,2026-04-01,184.5,8.5,0,0,3,0,8382.34,8,2.77
718,2026-07-01,110.4,0,14826.74,46,1,0,6171.17,0,
1154,2026-05-01,179,11,23039.85,62,1,0,8049.66,4,2.68
1264,2026-03-01,180.1,12.1,0,0,4,1,8580.66,4,3.78
964,2026-04-01,168.5,8.5,16314.86,45,1,2,11198.28,2,2.41
77,2026-07-01,191.6,7.6,0,0,8,0,14855.22,0,4.77
1448,2026-01-01,96,0,0,42,2,2,6476.17,4,3.16
799,2026-01-01,178.8,2.8,0,0,6,0,6133.26,0,3.67
713,2026-04-01,182.2,6.2,,59,3,0,10251.53,8,3.34
278,2026-03-01,182.2,6.2,0,0,5,0,11804.79,12,4.11
695,2025-11-01,160.4,16.4,23897.13,74,1,2,7360.46,2,3.44
630,2026-04-01,173.6,5.6,0,0,3,1,8378.26,0,
410,2026-08-01,177.9,9.9,0,103,4,0,11986.92,4,3.64
673,2026-04-01,105.6,0,12413.01,42,1,0,5225.67,8,3.82
677,2025-09-01,178.8,10.8,30582.44,67,2,1,10160.81,2,3.59
1242,2026-01-01,171.4,3.4,0,65,2,1,11868.22,2,2.75
468,2026-01-01,152,0,0,0,3,3,8397.67,6,3.16
1296,2026-04-01,100.8,0,,39,1,1,3873.5,4,3.48
1026,2026-03-01,185.3,9.3,0,0,4,0,10106.1,12,
1483,2026-04-01,175,7,0,0,3,1,8636.81,2,3.6
825,2025-12-01,198.7,22.7,0,200,3,1,18695.81,2,3.42
1326,2025-11-01,173,13,25036.81,73,2,0,7939.91,0,3.13
853,2026-03-01,179.6,11.6,0,0,5,1,7775.13,12,3.82
174,2026-03-01,168,8,17584.16,64,2,2,8718.15,4,3.05
1208,2026-05-01,138,2,23415.54,68,3,4,8398.21,8,4.43
156,2025-10-01,195.5,11.5,0,0,4,0,16130.5,8,3.08
1114,2025-09-01,177.8,9.8,22735.88,68,2,1,10709.04,2,3.2
1460,2026-07-01,192.5,8.5,0,92,3,0,13413.92,0,2.63
1304,2025-09-01,187.3,11.3,0,94,4,0,10267.98,8,3.39
285,2026-03-01,164.5,12.5,0,93,4,3,13043.82,12,2.9
1370,2026-04-01,164.9,12.9,0,119,5,3,10397.49,8,3.69
1108,2026-08-01,163.4,3.4,0,0,3,1,8770.34,2,3.6
1176,2026-06-01,168.4,8.4,0,0,4,2,8168.37,6,2.98
369,2026-05-01,186.4,18.4,0,109,5,0,11738.37,4,3.26
73,2025-09-01,181.3,5.3,0,0,4,0,14109.94,2,
1044,2025-11-01,174.1,14.1,0,0,4,0,9661.89,4,4.14
545,2026-02-01,152.2,0.2,0,0,3,1,11783.19,6,3.92
87,2025-12-01,203.8,19.8,0,0,3,0,15016.85,8,3.03
48,2026-06-01,184,8,0,0,4,0,6848.42,0,4.02
384,2026-02-01,163.2,11.2,0,81,4,1,9758.04,12,
1427,2025-10-01,166.3,14.3,0,0,2,4,14840.8,6,2.74
109,2026-05-01,168.9,8.9,0,0,4,1,6613.62,8,2.81
1404,2026-03-01,184.5,8.5,22738.15,65,2,0,7130.21,8,3.46
329,2026-07-01,182.6,6.6,18440.41,49,2,1,9199.72,8,
1041,2026-02-01,152,0,18995.41,50,2,1,7431.83,10,3.69
683,2025-12-01,194.3,18.3,0,0,6,1,10917.01,6,3.88
845,2026-04-01,176.7,8.7,28995.39,86,3,1,9084.57,4,4.06
431,2026-05-01,166.3,6.3,0,0,4,1,8608.92,4,3.31
1201,2026-08-01,183,15,0,121,4,0,13530.95,2,4.21
186,2025-09-01,179.7,11.7,0,71,4,1,11106.47,8,2.57
809,2026-05-01,176.1,8.1,0,0,4,0,6244.72,6,3.9
382,2025-11-01,168.2,16.2,0,142,6,1,11197.83,2,3.87
112,2025-12-01,204.2,20.2,0,0,4,0,10403.12,2,3.38
1021,2026-05-01,170.8,10.8,28281.13,75,2,1,9882.89,2,
926,2026-05-01,176.5,8.5,0,0,6,0,5752.48,6,3.72
466,2025-09-01,173.4,5.4,25698.18,88,2,1,8438.92,4,4.07
901,2026-01-01,178.3,2.3,0,79,5,0,9135.11,2,3.2
158,2026-06-01,177.8,17.8,0,120,4,2,13856.35,6,3.52
838,2026-06-01,105.6,0,0,84,3,0,8113,0,3.49
556,2026-04-01,105.6,0,0,56,1,0,7238.67,6,2.88
640,2026-01-01,182.2,6.2,0,0,4,0,10444.34,2,3.29
877,2025-11-01,168.7,16.7,0,0,3,1,7982.26,0,2.39
997,2026-08-01,172.1,4.1,0,0,5,0,8190.31,4,4.39
309,2025-10-01,181.1,5.1,26873.99,75,3,1,8226.91,0,3.04
355,2026-02-01,165,5,0,0,5,0,9798.04,4,3.82
641,2026-03-01,181.9,13.9,30595.2,82,4,1,9043.34,10,4.57
442,2025-09-01,174.2,6.2,18972.37,69,2,1,9158.89,6,3.5
435,2026-07-01,194.3,10.3,0,94,4,0,16487.5,6,3.15
559,2026-04-01,168.5,8.5,0,98,4,2,12398.88,2,3.11
1173,2026-06-01,189.2,13.2,33390.3,87,2,0,7147.98,2,3.9
491,2026-01-01,178,2,0,0,4,0,8884.32,0,3.06
1108,2025-09-01,173.9,5.9,0,0,4,1,8954.66,2,3.49
999,2026-08-01,178.8,10.8,0,106,4,0,11161.33,6,3.53
23,2026-01-01,176,0,0,0,4,0,6201.67,2,3.62
821,2026-05-01,175.7,7.7,0,0,5,0,10106.72,0,4.52
312,2026-02-01,154,2,0,0,4,1,11862.99,8,3.8
325,2026-04-01,175.2,7.2,22637.05,59,3,1,9720.12,2,3.35
369,2025-11-01,165.9,13.9,0,143,4,1,11344.04,8,3.54
822,2025-09-01,186.2,10.2,0,110,6,0,16872.71,,3.61
1008,2025-12-01,202.7,18.7,0,0,4,0,14386.9,8,2.51
1025,2025-11-01,174.7,14.7,0,0,4,0,14863.6,0,4.1
53,2026-01-01,183.1,7.1,0,103,5,0,9388.46,8,4.02
723,2026-03-01,179.9,11.9,0,0,3,1,8903.63,4,3.28
187,2026-05-01,91.2,0,0,0,3,2,5723.83,2,3.81
558,2026-05-01,177,9,0,0,4,0,10158.52,8,3.25
1300,2026-08-01,182.4,14.4,0,124,4,0,10999.11,6,3.82
1184,2025-11-01,162.4,10.4,0,0,5,1,9408.33,2,3.82
249,2026-04-01,105.6,0,0,59,2,0,5754.33,8,3.7
688,2026-03-01,160.4,8.4,19878.24,70,1,3,7001.46,4,3.27
1214,2026-07-01,185,9,30716.99,91,4,1,8641.04,4,4.5
1313,2025-10-01,197.6,13.6,0,0,5,0,8772.39,6,2.96
112,2026-01-01,168,0,0,0,5,1,8855.17,4,3.47
362,2025-09-01,105.6,0,0,0,3,0,6943.83,2,3.43
1343,2025-09-01,171.1,11.1,0,0,4,2,12168.43,2,3.44
1492,2025-12-01,200,16,0,0,4,0,13842.93,2,3.99
301,2025-10-01,188.5,4.5,0,0,5,0,8597.94,0,2.88
185,2025-11-01,173.2,13.2,0,0,6,0,8983.11,8,3.71
324,2026-04-01,179.1,3.1,18875.36,60,1,0,6280.76,0,3.03
199,2026-01-01,157.4,5.4,0,86,4,3,13876.86,0,3.81
1124,2026-05-01,177.3,9.3,28143.4,72,3,0,9941.32,0,3.56
455,2026-08-01,179.1,11.1,27090.21,63,3,0,12502.73,2,3.35
520,2026-06-01,190.2,14.2,0,0,4,0,11358.91,0,3.79
439,2025-11-01,91.2,0,0,0,2,1,4961.33,4,3.91
390,2025-12-01,200.9,16.9,0,0,5,0,11502.05,6,3.25
286,2026-02-01,150.9,6.9,0,0,3,2,6916.74,12,3.78
723,2025-09-01,166.7,6.7,0,0,5,2,8540.37,6,3.49
872,2025-09-01,159.3,7.3,0,0,4,3,9263.25,4,3.23
957,2026-08-01,176.1,8.1,20499.65,82,2,0,7506.72,,3.68
347,2026-04-01,175.1,7.1,0,0,3,1,7597.1,8,2.69
906,2026-03-01,177.5,9.5,0,0,3,1,8592.94,4,3.48
263,2025-12-01,204.7,20.7,49727.87,147,3,0,11688.17,4,3.94
923,2026-04-01,184.2,8.2,20923.99,77,2,0,7795.89,4,3.34
736,2026-06-01,188.3,12.3,0,146,5,0,12666.18,4,4.06
912,2026-06-01,180.3,12.3,0,0,4,1,8526.61,0,3.7
1214,2026-05-01,174.2,6.2,24450.79,93,3,0,8446.79,8,4.31
710,2026-06-01,189.3,13.3,0,147,3,0,15463.41,6,3.76
922,2026-02-01,81.6,0,0,0,2,3,5164.67,8,3.14
732,2026-07-01,186,2,0,0,5,0,7214.41,0,3.35
1275,2026-02-01,164.9,4.9,0,0,4,0,6358.66,8,3.35
1495,2025-10-01,188.6,4.6,0,0,7,0,11258.52,8,3.99
281,2025-11-01,152.9,16.9,0,0,4,3,10045.35,0,2.87
760,2025-12-01,110.4,0,0,0,2,0,5246,4,3.06
647,2026-06-01,183.3,7.3,0,0,4,0,9187.59,4,3.74
309,2026-03-01,184.7,8.7,25744.32,68,3,0,8472.38,10,3.32
1031,2026-07-01,177.5,1.5,21165.37,67,1,1,7754.87,6,3.52
43,2026-08-01,166.3,6.3,0,0,4,1,6646.99,0,
1365,2026-03-01,185.7,9.7,27891.98,67,3,0,9940.11,,3.6
425,2025-11-01,174.3,14.3,0,0,4,0,9950.99,4,2.79
386,2026-04-01,183.3,7.3,0,0,4,0,9641.56,2,4.07
895,2026-02-01,96,0,0,0,2,0,3517.67,10,3.43
896,2025-10-01,191.7,7.7,0,0,4,0,8610.23,0,4.23
207,2026-04-01,185.9,9.9,21085.66,63,2,0,10154.66,2,2.93
999,2025-09-01,172.8,4.8,0,97,3,1,10631.33,6,3.37
549,2026-07-01,160,8,0,49,3,4,8241.99,2,2.17
1047,2026-08-01,176.1,8.1,0,0,4,0,11706.14,0,4.48
574,2025-10-01,180.9,4.9,0,0,4,1,8365.29,2,3.43
1065,2026-01-01,176.9,0.9,15920.96,45,2,0,7971.27,6,3.19
1280,2026-02-01,160.3,8.3,0,0,2,1,9600.18,12,2.8
498,2026-08-01,100.8,0,0,65,2,0,5418.83,0,3.41
196,2026-05-01,100.8,0,14107.05,41,1,0,5032.5,6,
822,2025-12-01,194.2,18.2,0,204,6,1,17946.07,0,3.47
1026,2026-06-01,181.6,5.6,0,0,3,0,9806.61,0,3.31
1433,2025-11-01,177.9,17.9,31243.56,101,2,0,8019.46,6,3.47
255,2026-06-01,189,13,0,0,5,0,7419.63,6,4.26
196,2025-11-01,96,0,14933.03,57,1,0,5032.5,2,3.62
372,2026-05-01,170.4,2.4,0,0,5,0,10056.11,2,4.21
80,2025-12-01,197.4,13.4,32076.8,109,2,0,14783.33,4,3.5
1292,2026-03-01,167.5,7.5,0,0,4,2,10241.89,10,4.22
108,2026-06-01,192.1,16.1,0,0,6,0,11502.07,0,4.42
946,2026-01-01,176,0,0,0,5,0,8708.33,4,3.43
950,2026-02-01,166.5,6.5,0,93,6,0,9515.05,12,4.45
205,2026-03-01,177.9,9.9,0,0,5,1,8532.12,10,3.79
1402,2026-01-01,180,4,12969.54,44,1,0,8120.35,0,2.87
900,2025-10-01,174.4,14.4,0,136,6,3,13400.17,0,4.34
824,2025-11-01,176.8,16.8,0,0,4,0,9548.69,4,3.32
660,2026-02-01,152,0,0,0,5,1,8407.83,8,4.15
1264,2025-11-01,176.2,16.2,0,0,6,0,8856.25,2,3.68
1395,2026-07-01,189.8,5.8,0,98,5,0,15438.88,8,2.95
653,2026-07-01,195.7,11.7,19231.59,55,2,0,10871.36,2,3.07
330,2026-03-01,184.6,8.6,21294.18,75,3,0,7664.22,6,3.31
869,2026-06-01,195.9,19.9,0,167,6,0,16648.73,8,4.26
1004,2026-06-01,179.3,11.3,0,0,5,1,6618.38,4,3.65
736,2026-02-01,166.5,6.5,0,76,4,0,12091.6,8,3.69
740,2026-01-01,176,0,0,87,4,0,10461.5,2,3.46
887,2026-07-01,180.6,4.6,26776.58,65,3,1,10264.81,4,3.46
258,2026-05-01,182.5,14.5,0,118,5,0,12826.92,8,3.09
489,2026-04-01,185.8,9.8,27893.61,80,3,0,7378.32,4,3.98
1485,2026-03-01,105.6,0,16706.46,55,1,0,5073.17,10,4.47
1311,2026-05-01,176.4,16.4,0,117,5,1,14511.94,2,3.63
864,2026-05-01,180.3,12.3,0,131,5,0,11316.32,0,3.7
414,2026-06-01,184.8,8.8,0,0,3,0,6035.43,8,2.47
607,2026-06-01,177.9,17.9,0,0,3,2,9581.08,2,4.02
308,2026-07-01,181.2,5.2,0,0,4,1,11675.96,2,3.95
1077,2026-04-01,184.9,8.9,28328.93,83,2,0,12066.56,2,3.6
720,2025-10-01,196,12,0,92,3,0,14095.38,14,4.52
867,2026-03-01,187.2,11.2,0,134,6,0,12077.67,10,3.66
688,2026-07-01,184,0,18005.44,58,2,0,6527,4,
160,2026-03-01,186.9,18.9,0,144,7,1,9948.42,12,4.11
658,2026-07-01,176,0,22497.84,64,1,1,11010.5,0,
754,2026-04-01,157.8,5.8,0,0,4,3,8861.87,,3.28
374,2025-10-01,194.2,10.2,0,0,3,0,9415.52,16,3.7
670,2025-09-01,156.7,4.7,17761.22,60,1,3,9166.6,4,3.05
1390,2026-05-01,173.9,13.9,0,0,5,1,10455.65,4,3.74
433,2025-11-01,172.5,12.5,29408.54,73,2,0,11649.48,2,3.27
1493,2025-10-01,191.2,7.2,0,0,4,0,8910.11,2,4.07
801,2026-08-01,100.8,0,11653.82,33,1,0,4554.67,4,2.89
1193,2026-07-01,100.8,0,12066.58,38,2,2,4097.17,4,4.26
858,2026-02-01,81.6,0,0,34,1,3,10675,8,3.24
293,2025-10-01,110.4,0,0,74,2,0,6882.83,2,3.38
1401,2025-10-01,196.6,12.6,0,0,4,0,8253.46,2,3.66
746,2025-12-01,189.4,21.4,0,198,7,2,11348.22,0,4.32
854,2026-08-01,171.1,3.1,0,0,4,0,8852.62,8,3.7
733,2026-07-01,187.7,3.7,0,90,3,0,14007.08,8,3.19
1499,2026-04-01,185.8,9.8,0,0,3,0,11436.95,0,2.71
162,2025-10-01,195.7,11.7,0,0,4,0,11856.61,6,3.64
414,2026-04-01,183.9,7.9,0,0,3,0,5991.75,2,2.75
381,2025-10-01,194.8,10.8,0,0,3,0,10049.64,4,2.37
1490,2025-12-01,192.5,24.5,0,147,5,2,14614.12,2,2.9
1499,2025-09-01,179.2,3.2,0,0,4,0,10834.79,6,2.63
182,2026-06-01,175.1,7.1,0,0,3,1,7370.48,6,3.32
1156,2026-07-01,185.7,1.7,19229.06,68,2,0,9202.08,4,3.35
653,2026-02-01,153.6,1.6,16320.52,44,2,1,10008.52,8,3.08
1222,2026-05-01,169.7,9.7,0,100,4,1,13400.42,0,3.42
1073,2026-07-01,191.1,7.1,0,0,5,0,11276.94,6,3.78
876,2026-05-01,166.5,6.5,26920.22,81,1,1,9482.13,2,3.45
616,2026-06-01,185.4,17.4,0,110,4,1,11323.21,2,3.03
400,2026-08-01,183.2,15.2,0,94,6,0,10560.65,6,
1363,2025-10-01,180.3,12.3,0,133,4,2,10877.62,2,4.3
1122,2025-11-01,167.7,15.7,0,0,4,1,10474,8,4
1323,2026-04-01,105.6,0,0,0,3,0,6100,8,3.54
365,2026-04-01,184.4,8.4,0,0,3,0,7012.37,2,2.78
1052,2025-12-01,196,20,0,0,4,1,9588.73,2,3
1197,2025-10-01,110.4,0,0,0,3,0,4239.5,6,4.48
826,2026-08-01,178.3,10.3,0,110,6,0,14328.29,8,3.96
327,2026-07-01,177.9,1.9,0,0,6,1,8525.41,8,
197,2026-02-01,91.2,0,8936.04,27,1,1,5551,6,2.82
796,2026-03-01,105.7,1.7,0,0,1,2,7584.16,12,3.33
633,2025-10-01,195.8,11.8,34869.92,98,3,0,8997.49,6,3.73
609,2026-08-01,150.2,6.2,22205.32,56,2,3,7252.12,,3.77
870,2025-12-01,199.1,15.1,0,0,5,0,9026.54,6,4.32
1407,2026-06-01,155.9,11.9,0,110,5,4,14544.09,8,3.89
1103,2025-11-01,174.1,14.1,33117.84,110,2,0,6526.41,6,3.88
1498,2026-07-01,182.2,6.2,0,0,3,1,8141.23,4,3.06
36,2025-11-01,151.9,15.9,0,99,2,3,12490.81,6,2.82
168,2026-04-01,186.2,10.2,0,0,4,0,10444.48,0,3.48
1394,2025-09-01,163.7,3.7,0,0,5,2,8530.15,8,3.92
1208,2026-01-01,178.2,2.2,25327.9,78,3,0,8412.5,0,4.4
333,2026-04-01,181.4,5.4,0,118,6,0,16825.9,2,3.62
1446,2025-10-01,172.4,12.4,17054.18,59,2,3,13869.4,8,2.52
85,2025-12-01,202.8,18.8,41921.81,130,2,0,16052.52,4,3.59
1194,2026-04-01,193.4,17.4,0,114,6,0,12025.06,0,3.59
346,2026-02-01,160,0,0,0,3,0,10370,12,3.29
809,2026-07-01,188.9,4.9,0,0,4,0,6083.12,4,4.1
1068,2026-08-01,177.2,9.2,30944.65,80,2,0,11217.56,4,3.88
261,2025-11-01,96,0,19748.18,56,2,0,5083.33,2,4.21
377,2026-07-01,178.8,2.8,22748.8,85,4,1,6914.24,6,4.39
60,2026-08-01,168.1,0.1,21766.36,65,2,0,4375.45,0,3.32
1236,2025-12-01,176.6,16.6,0,138,4,3,12080.61,8,2.83
72,2026-01-01,172.1,4.1,0,0,5,1,15180.49,8,3.56
1096,2026-08-01,172.2,12.2,0,99,4,1,13465.56,0,3.79
1254,2026-08-01,174.2,6.2,0,0,4,0,8226.93,8,3.74
757,2026-02-01,160,0,0,0,4,0,9566.83,4,3.33
446,2026-02-01,160,0,0,0,5,0,8418,12,3.45
1192,2025-11-01,175.6,15.6,0,118,3,0,11539.17,4,2.97
143,2026-07-01,180.7,4.7,0,0,5,1,6612.61,0,5
790,2026-07-01,16.7,0.7,1942.05,6,0,1,965.82,2,
554,2026-02-01,163.2,3.2,16997.07,58,2,0,9915.35,4,3.77
120,2026-05-01,151.1,7.1,22272.35,70,2,3,8525.15,2,3.51
439,2026-04-01,105.6,0,0,0,3,0,4961.33,0,3.71
300,2025-12-01,204.3,20.3,0,0,4,0,14594.22,2,3.07
1141,2026-04-01,175,7,0,0,6,1,9370.02,0,3.55
69,2026-03-01,177.2,9.2,0,161,6,1,24959.63,6,4.46
1037,2026-01-01,171.4,3.4,0,0,4,1,9147.11,0,3.61
1422,2026-08-01,164.4,4.4,0,0,3,1,7788.69,2,4.38
49,2026-06-01,185.5,9.5,20631.26,71,2,0,7921.79,8,2.95
742,2026-02-01,165.6,5.6,0,0,3,0,5670.78,10,3.66
1469,2025-11-01,157,13,0,0,4,2,12498.01,2,4.16
82,2025-10-01,189.4,13.4,0,0,6,1,17642.42,0,3.71
1489,2025-12-01,176.1,16.1,0,0,4,3,8884.28,6,3.61
57,2025-12-01,202.6,18.6,0,0,6,0,11330.98,6,3.62
1186,2026-08-01,165.2,5.2,0,0,2,1,9731.74,4,
160,2026-05-01,174.2,14.2,0,166,6,1,9600.66,0,4.4
1130,2026-08-01,170.4,2.4,0,0,4,0,10699.53,4,3.11
673,2025-10-01,110.4,0,17534.25,57,1,0,5225.67,6,4.02
381,2025-09-01,186.4,10.4,0,0,3,0,10017.83,6,2.45
1163,2025-09-01,173.7,5.7,0,0,4,1,6902.3,4,3.75
1186,2026-03-01,183.4,7.4,0,0,3,0,9909.04,12,2.8
43,2026-07-01,179.8,3.8,0,0,3,1,6510.62,0,3.58
1222,2026-07-01,191.7,7.7,0,105,5,0,13186.45,8,3.21
343,2026-02-01,160.3,0.3,0,99,4,0,13496.43,4,3.67
1468,2026-02-01,156.2,4.2,0,0,4,1,7459.62,10,3.63
967,2025-10-01,186.1,10.1,0,153,6,1,13852.26,0,4.32
871,2025-11-01,172.5,12.5,0,0,4,0,9666.59,4,3.66
874,2026-02-01,160,0,17267.12,56,2,0,9963.33,8,4.02
1064,2026-08-01,175.3,7.3,0,0,3,0,10333.33,2,3.22
1312,2026-06-01,96,0,14998.02,51,2,2,3954.83,8,4.5
458,2026-07-01,190.8,6.8,0,130,5,0,8338.41,4,4.1
1260,2026-05-01,176,8,0,0,4,0,9489.96,8,2.92
299,2026-07-01,187.1,3.1,0,0,4,0,13164.09,2,4.06
294,2026-07-01,185.8,1.8,0,0,4,0,7981.25,2,2.76
1199,2025-09-01,183.9,7.9,0,0,4,0,12577.87,4,3.48
449,2026-01-01,164,4,0,71,4,2,13116.68,4,2.8
1417,2025-10-01,195.1,11.1,0,113,3,0,13260.47,8,3.25
257,2026-01-01,176,0,0,0,5,0,7431.83,2,3.18
785,2026-04-01,187.2,11.2,41626.38,107,2,0,14687.25,4,
1469,2026-01-01,169.4,1.4,0,0,3,1,11370.27,4,4.28
598,2025-10-01,177.2,9.2,27911.88,57,2,2,12062.72,2,2.95
1282,2026-06-01,91.2,0,17215.54,51,2,3,5378.17,0,4
993,2026-05-01,182,14,0,99,5,0,11159.03,6,3.26
141,2026-03-01,177,9,0,96,4,1,10554.29,4,3.31
733,2025-12-01,181.3,13.3,0,145,5,2,15134.64,8,2.86
534,2026-07-01,189.4,5.4,19811.51,60,3,0,9438.02,8,
88,2026-04-01,182.4,6.4,0,0,5,0,13852.1,6,3.83
360,2026-03-01,184,8,0,0,4,0,10685.71,10,3.24
892,2025-09-01,180.2,4.2,20759.71,62,2,0,11674.09,0,2.71
876,2025-09-01,184,8,30821.45,80,2,0,9598.66,4,3.74
658,2026-06-01,171.5,11.5,25728.03,71,2,2,12106.26,8,3.49
351,2025-10-01,196.9,12.9,0,148,4,0,11787.59,8,4.2
106,2025-12-01,206.7,22.7,0,173,5,0,13453.2,8,3.27
278,2026-05-01,166.7,6.7,0,0,6,1,11853.26,6,4.03
898,2026-02-01,162.2,10.2,0,96,4,1,9957.66,8,3.74
204,2025-12-01,203.6,19.6,0,180,6,0,10535.51,0,3.78
434,2025-09-01,183,7,0,0,6,0,10157.15,6,
931,2026-05-01,181.2,13.2,0,146,6,0,14454.54,6,3.82
706,2025-11-01,172.7,12.7,0,0,5,0,14962.61,8,3.44
628,2026-05-01,172.5,12.5,0,95,5,1,19412.05,4,2.97
448,2025-11-01,166.3,14.3,0,0,3,1,9265.51,0,2.53
320,2026-07-01,190.6,6.6,20249.1,70,2,0,7695.1,4,3.22
1474,2026-04-01,182.8,6.8,0,0,6,0,7567.75,2,3.72
1413,2026-06-01,171.9,11.9,20416.04,56,1,2,13781.56,4,2.64
450,2026-02-01,96,0,10193.92,32,1,0,4656.33,8,3.74
869,2026-04-01,182.9,14.9,0,160,6,1,16034.18,8,4.45
966,2026-07-01,187.2,3.2,23312.82,84,2,0,8327.22,2,3.98
1158,2026-08-01,156.5,12.5,0,78,4,3,14387.23,8,3.28
1037,2025-11-01,164.9,12.9,0,0,4,1,9877.61,2,3.45
1123,2025-11-01,173.3,13.3,42949.43,112,3,0,8581.97,6,4.66
1358,2026-05-01,161.4,17.4,0,84,3,3,15896.95,8,2.81
558,2026-03-01,182.5,6.5,0,0,3,0,9954.63,12,3.14
427,2025-10-01,183.3,7.3,0,0,5,1,7631.1,4,3.18
498,2026-03-01,100.8,0,0,65,3,1,5418.83,12,3.74
416,2026-01-01,105.6,0,0,0,2,0,4229.33,8,3.73
771,2026-05-01,91.2,0,0,0,2,2,7879.17,2,2.88
823,2026-03-01,187.1,11.1,0,0,7,0,10129.22,12,4.69
1343,2026-02-01,165.3,5.3,0,0,4,0,11611.2,10,3.51
1416,2026-05-01,148.1,4.1,21197.2,76,2,3,8474.55,8,3.87
833,2026-04-01,177,9,0,0,6,1,8503.79,0,3.99
506,2025-10-01,194.3,10.3,0,0,6,0,9013.32,8,3.89
14,2026-06-01,190.9,14.9,0,107,3,0,11821.91,0,2.94
1304,2026-01-01,152,0,0,77,3,3,9353.33,2,3.56
767,2026-02-01,166.2,6.2,0,0,2,0,6673.67,12,2.98
798,2026-07-01,105.6,0,0,55,2,1,5225.67,2,3.19
246,2026-02-01,140.5,4.5,0,0,3,3,15558.68,8,3.78
287,2026-05-01,86.4,0,0,32,2,3,5652.67,2,2.3
619,2026-05-01,163.3,11.3,0,129,6,2,11451.03,4,3.84
1036,2026-03-01,172.1,12.1,0,0,6,2,9849.79,12,4.81
419,2025-10-01,184.8,8.8,0,0,6,1,8019.68,4,3.57
859,2025-10-01,193,9,31075.83,87,2,0,6827.14,0,3.69
1456,2026-08-01,168.7,8.7,0,0,4,1,10833.71,2,
666,2025-11-01,170.7,18.7,0,126,4,1,12189.89,2,3.41
1277,2026-03-01,184.4,8.4,0,0,6,0,8822.72,6,3.77
369,2026-01-01,173.9,5.9,0,72,5,1,10643.01,2,3.15
896,2025-09-01,167.7,7.7,0,0,6,2,8610.23,0,3.96
523,2026-02-01,171.5,11.5,0,73,3,0,18466.79,6,2.85
1217,2026-02-01,168.3,8.3,0,77,4,0,15212.08,4,3.41
533,2025-11-01,96,0,0,0,2,0,4849.5,2,3.34
407,2026-06-01,182.5,6.5,30577.2,85,2,0,9095.54,0,3.47
810,2026-04-01,96,0,0,0,3,2,7919.83,0,4.48
960,2026-05-01,176,16,0,149,3,1,12315.12,4,4.01
1487,2025-12-01,205.7,21.7,0,177,5,0,10421.46,,3.79
142,2026-04-01,169.7,9.7,23866.8,82,3,2,6501.85,6,3.87
1385,2026-02-01,158.3,6.3,19700.88,55,2,1,13133.16,10,3.61
284,2026-03-01,181.1,5.1,25290.71,78,4,0,5912.76,10,4.36
260,2025-10-01,184.2,8.2,0,0,4,1,10561.47,4,3.07
121,2026-08-01,173.8,5.8,0,0,4,0,12502.71,8,3.84
595,2025-10-01,203.4,19.4,0,159,7,0,12146.58,0,3.45
1149,2025-11-01,158,14,17821.32,51,1,2,7796.5,6,2.26
691,2026-07-01,183.6,7.6,0,0,6,1,11615.46,8,3.85
768,2026-06-01,172.4,4.4,0,0,4,1,8538.01,2,3.42
790,2025-12-01,202.1,18.1,45229,144,2,0,8184.35,6,3.79
1374,2026-05-01,182.8,14.8,0,104,5,0,10241.62,0,3.31
1489,2025-09-01,163.6,3.6,0,0,3,2,8040.77,4,3.7
1045,2025-12-01,193.8,17.8,0,0,5,1,8787.81,8,4.07
990,2026-07-01,187.1,3.1,0,0,4,0,9103.16,4,
865,2026-03-01,178.8,10.8,0,0,3,1,10127.46,10,2.48
550,2026-07-01,110.4,0,0,64,3,0,8468.83,6,3.48
68,2026-06-01,189.1,13.1,0,0,3,0,18823.85,2,2.69
791,2026-04-01,155.5,3.5,0,0,3,3,6207.49,2,2.63
581,2026-07-01,192.7,8.7,0,0,3,0,12834.28,6,3.28
644,2026-07-01,186.2,10.2,0,89,5,1,8706.15,6,2.93
494,2025-09-01,184.2,8.2,21534.64,58,1,0,9276.67,4,2.89
555,2026-08-01,100.8,0,11685.06,40,1,0,3863.33,6,3.64
1415,2025-12-01,190.5,14.5,0,0,6,1,7906.69,2,3.67
134,2025-09-01,186.8,10.8,0,109,4,0,12395.3,6,2.98
978,2025-11-01,170.8,10.8,23055.28,80,3,0,8359.88,4,3.26
1188,2025-09-01,154.4,10.4,0,85,4,4,9375.09,0,3.11
1413,2025-11-01,165.8,13.8,25142.22,77,1,1,13987,0,2.85
978,2026-01-01,168.7,0.7,15969.65,41,2,1,7691.65,2,3.11
1364,2026-01-01,176,0,0,0,4,0,7391.17,,3.18
1036,2026-06-01,185.1,9.1,0,0,8,0,9618.31,0,4.87
1485,2026-05-01,91.2,0,17243.91,56,2,2,5073.17,2,4.52
739,2026-02-01,163.5,3.5,0,0,4,0,8191.14,4,3.47
445,2026-04-01,105.6,0,0,0,2,0,5784.83,6,3.18
852,2025-09-01,181.6,5.6,19725.57,51,1,0,11096.39,4,2.69
985,2025-09-01,185.8,9.8,0,0,3,0,9716.44,6,2.88
873,2026-03-01,184.9,8.9,0,0,5,0,10446.01,4,3.75
26,2025-11-01,175.9,15.9,0,180,4,0,11334.25,8,4.13
1279,2025-10-01,198.1,14.1,0,0,4,0,9148.57,4,3.15
994,2026-06-01,173.9,5.9,0,0,6,1,10012.55,2,3.62
454,2026-05-01,177.7,9.7,19389.43,48,2,0,7118.97,6,2.52
529,2026-02-01,156.9,4.9,0,0,4,1,6348.07,10,
1358,2026-02-01,156.6,4.6,0,58,3,1,14366.5,10,2.42
422,2025-09-01,173.2,5.2,0,0,4,1,9009.29,6,3.4
205,2025-11-01,155.5,11.5,0,0,4,2,8640.94,6,3.77
932,2026-03-01,183,15,0,112,3,1,13691.76,6,3.58
1038,2025-10-01,192.5,8.5,29316.64,105,3,0,6092.44,0,3.8
321,2026-03-01,181.1,5.1,0,0,5,0,8226.91,4,3.68
665,2025-09-01,174,6,0,0,5,1,9817.6,6,4.16
1301,2025-12-01,201,17,39663.37,99,2,0,8641.79,2,3.21
902,2025-09-01,178.6,10.6,0,84,3,1,14884.11,6,3.02
913,2025-09-01,180.9,4.9,28185.2,79,2,0,5333.63,4,3.73
299,2026-04-01,180.9,12.9,0,0,5,1,14251.34,4,4.13
1408,2025-11-01,181,21,0,112,5,0,19763.46,4,2.91
1367,2026-01-01,179.3,3.3,0,0,3,0,11073.97,,3.03
1362,2026-06-01,180.8,12.8,0,0,3,1,8458.32,8,3.59
1107,2026-03-01,184,8,0,0,4,0,9022.53,,3.3
328,2026-06-01,166.5,6.5,0,128,4,2,11941.26,8,3.52
206,2026-01-01,96,0,0,0,3,2,4148,8,3.96
782,2025-09-01,187.3,11.3,24523.86,70,3,0,7209.91,6,3.88
1432,2025-11-01,167.7,15.7,0,120,4,1,14665.92,8,2.91
912,2026-03-01,170.9,10.9,0,0,4,2,8433.25,4,3.66
508,2026-01-01,171.9,3.9,10867.3,37,1,1,10635.91,8,2.63
630,2025-12-01,191.5,15.5,0,0,5,1,9062.87,2,3.06
1423,2025-11-01,164.5,20.5,0,143,5,2,11874.51,6,4.29
677,2026-02-01,152.8,0.8,19572.02,59,3,1,9356.66,4,3.61
641,2026-05-01,172,4,38300.53,96,2,0,8351.76,0,4.62
1449,2025-12-01,188.5,12.5,0,0,4,1,11063.63,8,4.53
1107,2026-02-01,150.1,6.1,0,0,4,2,8883.78,12,3.52
844,2026-06-01,183.5,7.5,0,0,7,0,9289.16,0,4.22
362,2026-08-01,100.8,0,0,0,3,0,6943.83,2,3.38
1409,2026-04-01,181.9,5.9,0,0,3,0,8174.6,8,3.16
138,2026-02-01,149.7,5.7,0,75,3,2,12801.79,4,3.39
1177,2026-03-01,187.3,11.3,19302.97,57,2,0,8069.29,4,
1091,2026-08-01,154.8,2.8,0,0,4,2,11912.49,2,3.48
710,2025-09-01,182.3,6.3,0,124,6,0,14623.37,2,3.62
59,2026-02-01,165.1,5.1,0,0,6,0,7855.37,4,4.45
608,2026-04-01,183.7,7.7,25798.14,79,3,0,12828.59,0,4.17
419,2026-01-01,178.1,2.1,0,0,4,0,7587.6,4,3.46
154,2025-11-01,161,9,19006.59,56,1,1,7046.31,8,2.47
943,2025-10-01,197.4,13.4,0,100,3,0,9223.98,0,2.59
624,2026-05-01,170.2,2.2,0,0,5,0,6848.11,2,3.07
366,2025-09-01,181.8,5.8,20626.15,67,1,0,8584.27,8,3.14
972,2026-04-01,179.8,3.8,0,0,6,0,10795.02,0,3.81
1480,2025-10-01,191.4,7.4,0,0,7,0,9898.22,6,4.25
1156,2026-04-01,179.7,11.7,26281.51,72,3,1,9986.87,4,3.47
1288,2026-01-01,169.7,1.7,0,0,6,1,10656.67,2,4
716,2026-03-01,187.3,11.3,0,0,3,0,8839.39,12,3.23
1069,2026-05-01,162.7,2.7,0,0,3,1,6783.55,2,2.98
663,2026-03-01,181.7,5.7,0,0,5,0,15852.88,10,3.58
113,2026-08-01,163.9,3.9,20758.78,60,2,1,9080.46,0,2.86
576,2025-11-01,178.4,18.4,0,0,5,0,10571.6,2,4.28
1454,2025-11-01,157.9,13.9,0,97,4,2,14385.06,2,3.12
789,2026-06-01,182.5,14.5,0,0,5,1,9531.51,8,4.17
882,2025-12-01,105.6,0,0,128,3,1,6201.67,2,4.21
1425,2026-03-01,177.8,9.8,0,0,4,1,8734.87,10,3.14
1382,2026-03-01,100.8,0,0,0,2,1,5774.67,4,2.63
489,2025-11-01,169.9,9.9,27928.67,89,3,0,7384.21,0,3.69
177,2026-07-01,187.7,3.7,0,0,4,0,8813.44,6,3.29
990,2025-10-01,179.7,11.7,0,0,4,2,9762.95,0,2.63
1467,2026-05-01,177,9,0,0,4,0,8416.12,6,4.21
1051,2026-03-01,176.7,0.7,0,0,4,0,8274.66,10,2.75
1293,2026-03-01,181.7,5.7,22904.16,61,1,0,11660.3,10,3.31
1378,2026-05-01,161.8,9.8,0,0,3,2,9209.11,0,3.35
777,2026-01-01,173,5,0,0,5,1,9280.75,0,3.73
613,2026-07-01,189.6,5.6,0,0,4,0,7845.29,0,3.45
217,2026-04-01,192.7,16.7,0,126,5,0,18303.34,4,3.22
1047,2025-09-01,181.5,5.5,0,0,7,0,11460,6,4.26
739,2025-12-01,198.9,14.9,0,0,6,0,8975.47,2,3.16
1458,2025-09-01,180.2,4.2,0,0,3,0,14929.78,2,3.66
1478,2026-06-01,161.4,9.4,24468.3,75,2,3,8355.2,2,3.26
599,2026-03-01,186,10,0,154,7,0,10427.87,12,4.37
1327,2025-09-01,180.9,12.9,0,99,5,1,10872.16,2,3.35
440,2026-07-01,105.6,0,0,0,2,1,5368,4,2.9
477,2026-04-01,105.6,0,11908.36,41,1,0,4188.67,4,3.13
843,2025-11-01,156.6,12.6,24826.55,67,2,2,9550.12,4,3.33
533,2026-02-01,91.2,0,0,0,2,1,4849.5,6,3.22
789,2026-02-01,166.9,6.9,0,0,5,0,8974.52,12,3.73
323,2026-01-01,181.5,5.5,22719.11,63,3,0,7370.19,2,3.84
767,2026-04-01,180.4,4.4,0,0,5,0,6575.01,4,3.26
624,2025-11-01,171.1,11.1,0,0,2,0,7365.69,2,2.62
966,2026-05-01,169.2,9.2,20437.46,79,2,1,8747.94,6,3.64
215,2025-11-01,171.2,11.2,29150.89,112,2,0,10772.88,2,4.14
324,2026-05-01,172.9,12.9,17398.22,70,1,1,6799.5,8,3.03
1071,2026-06-01,185.9,9.9,26412.64,70,3,0,7836.75,6,3.36
1068,2025-12-01,202,18,44852.46,130,2,0,12008.83,6,3.81
1432,2025-12-01,183.7,15.7,0,131,4,2,14665.92,2,2.93
263,2025-09-01,178.9,2.9,31541.73,95,2,0,10161.27,0,4.19
489,2026-05-01,171.9,11.9,27273.94,79,2,1,7501.92,6,3.86
332,2026-06-01,191.2,15.2,0,0,6,0,9467.77,0,3.81
1185,2025-12-01,179.6,11.6,48645.83,123,2,2,9598.66,8,3.98
489,2025-10-01,192.9,8.9,29413.39,97,3,0,7325.35,0,3.95
181,2026-08-01,166.9,6.9,17533.42,47,2,1,12066.58,2,2.83
839,2026-03-01,170.4,10.4,0,100,4,2,12212,18,3.73
908,2025-09-01,184.7,8.7,0,0,4,0,7772.72,10,3.23
285,2026-05-01,172.6,12.6,0,102,3,1,13054,6,2.86
87,2025-10-01,180.7,4.7,0,0,4,1,13341.6,0,2.91
39,2026-07-01,193.4,9.4,0,0,5,0,8245.26,6,2.89
81,2026-01-01,177.7,1.7,0,0,5,0,13029.4,6,3.56
1495,2026-08-01,166.5,6.5,0,0,4,1,11436.55,4,3.96
84,2026-08-01,184.5,16.5,0,132,6,0,21970.3,0,4.15
321,2026-01-01,181.4,5.4,0,0,4,0,8247.37,0,3.98
207,2026-08-01,162.3,2.3,17521.42,47,2,1,9539.5,8,
537,2026-06-01,100.8,0,0,49,2,1,8937.72,0,2.84
80,2026-02-01,152,0,14832.77,59,2,1,13247.17,10,3.67
1094,2025-10-01,110.4,0,13952.7,48,1,0,5256.17,2,3.58
297,2026-06-01,184.1,8.1,0,78,2,0,14991.69,4,2.25
207,2026-05-01,173.5,5.5,17951.57,56,2,0,9798.52,4,2.91
365,2025-09-01,180.3,4.3,0,0,4,0,6780.42,2,2.67
341,2026-07-01,192.5,8.5,0,0,4,0,7792.96,8,3.66
122,2025-12-01,181.4,21.4,31195.54,82,1,3,7530.91,2,2.75
864,2025-11-01,175,15,0,143,3,0,11555.3,8,3.79
881,2026-07-01,110.4,0,0,66,3,0,8041.83,2,4.11
576,2025-09-01,178.3,10.3,0,0,6,1,9932.36,6,
1331,2026-01-01,179.7,3.7,0,0,5,0,8540.65,2,4.22
414,2026-03-01,188,12,0,0,4,0,6190.74,10,2.64
1408,2026-04-01,175.7,15.7,0,106,3,2,18996.4,2,3.29
116,2026-08-01,91.2,0,0,0,2,2,4524.17,4,3.03
896,2026-06-01,168.6,8.6,0,0,4,2,8673.1,8,3.98
332,2026-03-01,181.2,5.2,0,0,6,0,8743.69,8,3.8
974,2025-10-01,110.4,0,0,97,5,0,7004.83,0,5
800,2026-06-01,183.2,7.2,0,0,4,0,11782.94,8,4.61
679,2026-01-01,180.7,4.7,0,94,4,0,15129.65,0,3.26
192,2025-11-01,172,12,27183.7,82,1,0,9224.84,8,3.21
299,2026-08-01,174.9,6.9,0,0,4,0,13585.68,4,3.91
586,2026-07-01,186.4,10.4,14605.54,50,2,1,7180.92,4,2.45
13,2025-11-01,167.9,15.9,0,0,5,1,12837.77,8,3.69
877,2026-03-01,174.8,6.8,0,0,3,1,7384.75,4,2.4
911,2026-04-01,178.9,2.9,0,0,5,0,7899.73,4,4.1
526,2026-01-01,176,0,0,0,6,0,6852.33,6,4.51
887,2026-08-01,175.7,7.7,21392.16,66,2,0,10529.64,8,3.42
823,2026-06-01,177.8,9.8,0,0,6,1,10025.25,8,4.61
361,2025-12-01,197.9,13.9,36640.97,115,2,0,7084.33,8,3.11
499,2026-05-01,96,0,11930.2,38,1,1,4859.67,0,2.91
41,2026-05-01,174.9,6.9,0,0,6,0,6895.19,8,4.16
227,2025-12-01,190.6,14.6,0,0,4,1,11050.39,0,3.29
271,2026-05-01,171.2,11.2,0,114,4,1,11564.68,6,4.07
353,2025-12-01,206.6,22.6,0,0,4,0,8447.75,8,2.91
419,2026-07-01,190.5,6.5,0,0,5,0,7871.35,4,3.63
339,2026-08-01,175.9,7.9,22933.33,74,1,0,11035.5,2,3.5
1452,2026-04-01,185.7,9.7,0,130,4,0,8893.2,4,
117,2026-08-01,171.7,3.7,25746.44,67,2,0,9474.45,0,3.29
350,2026-07-01,182.8,6.8,0,0,4,1,7901.46,4,3.59
431,2025-12-01,184.2,16.2,0,0,3,2,9308.34,4,3.04
1018,2025-09-01,185.6,9.6,0,0,6,0,12993.31,0,3.45
869,2026-02-01,160.9,8.9,0,106,4,1,15296.72,4,4.17
1093,2026-04-01,182.5,14.5,0,115,3,1,11564.31,2,3.45
186,2026-06-01,192.7,16.7,0,110,4,0,11542.86,4,2.62
987,2025-09-01,182.5,6.5,21928.36,66,2,0,7237.78,4,3.09
1380,2026-03-01,150.5,6.5,0,142,4,4,12531.88,4,4.62
1295,2026-01-01,182.8,6.8,0,102,6,0,12885.63,4,3.65
1115,2026-02-01,170.4,10.4,0,0,3,0,6538.18,8,3.66
226,2025-12-01,201.7,17.7,0,0,6,0,10797.74,8,3.29
657,2026-02-01,166.9,6.9,0,0,5,0,8123.4,10,3.68
210,2026-01-01,177.4,1.4,0,0,4,0,9713.61,6,3.09
1043,2026-08-01,169.9,9.9,0,0,4,1,6964.77,4,4.6
1412,2026-03-01,183.2,7.2,0,0,3,0,9504.11,8,3.37
381,2025-12-01,200.5,24.5,0,0,5,1,11139.26,6,2.56
1018,2026-06-01,175.4,7.4,0,0,5,1,12764.91,2,3.54
411,2026-02-01,154.2,2.2,0,0,4,1,8754.39,12,3.25
948,2026-04-01,182.8,6.8,18944.49,55,2,0,8622.71,4,2.44
1236,2026-06-01,136.3,8.3,0,94,3,1,8921.17,2,3.08
340,2025-11-01,179.3,19.3,0,0,3,0,7059.49,14,3.85
773,2025-12-01,184,16,0,0,4,2,12500.31,8,3.88
118,2026-03-01,166.3,6.3,0,0,4,2,7686.92,6,
851,2026-06-01,171.5,11.5,0,162,6,2,14487.27,4,4.59
97,2025-11-01,180.2,20.2,26291.73,94,3,0,10008.97,8,3.51
134,2026-05-01,98.9,10.9,0,56,3,2,8086.69,4,3.12
766,2026-06-01,175,7,42139.5,110,3,1,10221.84,4,4.73
576,2026-01-01,152,0,0,0,4,3,9119.5,4,4.08
913,2026-05-01,147.1,11.1,21549.55,57,2,4,5608.16,4,3.51
1201,2025-12-01,203.6,19.6,0,263,5,0,14007.7,0,4.44
557,2026-05-01,175.7,7.7,32716.87,94,2,0,11126.07,6,3.88
1332,2026-06-01,187.4,11.4,0,0,4,0,13102,4,3.45
54,2026-05-01,181,13,0,114,4,0,11310.42,6,3.55
634,2026-01-01,183.6,7.6,0,84,5,0,9935.99,8,3.93
948,2026-03-01,181.5,5.5,18435.44,50,2,0,8531.1,10,2.53
975,2026-01-01,160.5,0.5,0,0,4,2,7943.89,6,3.05
453,2026-06-01,166.4,14.4,0,110,4,3,15812.65,8,3.13
1212,2026-04-01,181.7,5.7,32486.61,94,2,0,7883.77,8,4.37
44,2026-02-01,165.1,5.1,0,0,3,0,11358.44,12,2.7
1097,2025-10-01,176.3,8.3,18518.2,66,2,2,5787.87,12,3.12
792,2026-07-01,176,0,16745.27,46,2,1,11305.33,8,
741,2025-11-01,172,12,36256.79,107,3,0,6441.68,0,4.7
970,2026-02-01,169.3,9.3,0,82,3,0,12379.97,4,2.9
1067,2025-09-01,177.2,9.2,0,0,6,1,7332.03,2,3.38
750,2026-08-01,170.1,2.1,18357.64,54,2,0,7639.35,8,3.39
861,2026-06-01,182.8,6.8,0,0,6,0,8181.35,2,4.29
1339,2025-11-01,154.8,10.8,0,0,5,2,10049.64,6,4.4
343,2025-09-01,180.2,12.2,0,123,6,1,14882.7,0,3.51
484,2026-08-01,180.1,12.1,0,119,5,0,10725.83,2,4.31
466,2025-12-01,189.4,13.4,40930.49,132,3,1,8997.07,6,3.8
144,2026-02-01,96,0,0,0,2,0,4432.67,6,2.46
602,2026-03-01,189.6,13.6,0,0,7,0,7147.46,8,4.52
1111,2025-12-01,187.1,19.1,0,0,3,2,10081.88,0,2.99
150,2026-07-01,182.7,6.7,29140.36,77,3,1,8992.13,2,4.39
833,2026-06-01,186.2,10.2,0,0,4,0,8585.72,8,3.9
1129,2025-12-01,203.7,19.7,0,176,5,0,13649.17,0,3.15
672,2026-02-01,162.1,2.1,21066.82,46,2,0,9290.83,10,3.4
306,2026-04-01,185.2,9.2,0,111,3,0,10987.07,4,2.95
752,2026-04-01,185.7,9.7,0,0,5,0,7339.37,0,3.22
1428,2026-02-01,171.5,11.5,0,73,3,0,13291.17,4,3.11
1357,2026-08-01,174.8,6.8,0,0,6,0,8751.89,8,4.18
983,2026-02-01,154.1,10.1,0,72,3,2,16549.74,10,3.83
1392,2026-04-01,165.3,5.3,27326.1,82,2,2,6890.16,6,3.94
44,2025-12-01,205.4,21.4,0,0,3,0,12892.92,8,2.6
1382,2025-10-01,110.4,0,0,0,2,0,5774.67,,2.39
1049,2026-07-01,169.9,1.9,0,0,4,2,8163.73,4,3.46
1105,2026-08-01,86.4,0,0,40,2,3,6577.83,8,3.29
408,2025-09-01,182.5,6.5,0,0,6,0,8580.09,6,3.66
185,2025-09-01,173.6,5.6,0,0,5,1,8452.87,2,3.35
1141,2025-10-01,185.3,1.3,0,0,4,0,8934.23,2,
682,2026-04-01,184.1,8.1,0,0,6,0,8464.1,6,4.45
600,2026-08-01,179.1,11.1,0,0,5,0,8591.45,0,3.11
879,2025-12-01,193,17,0,181,6,1,14822.83,6,3.54
397,2026-02-01,163.5,3.5,10947.15,34,2,0,7237.95,6,2.18
1416,2026-06-01,184.1,8.1,26466.3,95,2,0,8757.85,2,3.9
963,2026-06-01,196.3,20.3,0,163,7,0,11952.68,2,4.55
285,2025-10-01,165.9,5.9,0,106,4,3,12371.54,6,2.89
70,2026-03-01,175.4,7.4,26494.38,71,2,1,14960.91,12,3.27
843,2026-04-01,159.2,7.2,20737.67,64,2,3,9147.71,8,3.66
1423,2025-09-01,168.7,8.7,0,103,6,2,10844.64,4,3.98
526,2025-12-01,178.8,18.8,0,0,4,3,7967.16,6,4.21
57,2026-06-01,171.2,3.2,0,0,4,1,10030.28,,3.91
1004,2025-12-01,200.9,16.9,0,0,6,0,6910.55,4,3.4
200,2026-01-01,157.5,5.5,18126.51,56,2,3,6145.37,0,3.7
95,2026-01-01,176,0,0,0,4,0,6110.17,,3.35
878,2025-09-01,180.2,4.2,0,0,3,0,10609.94,6,3
268,2026-04-01,176.2,8.2,22486.72,77,3,1,11301.86,4,3.75
999,2026-05-01,179.2,11.2,0,127,5,0,11196.66,6,3.51
755,2026-04-01,185.1,9.1,28475.44,77,2,0,10396.99,2,
1304,2026-05-01,178.9,10.9,0,107,4,0,10235.6,0,3.33
1056,2025-10-01,188.8,4.8,0,0,4,0,9974.81,6,2.65
854,2026-02-01,166.9,6.9,0,0,4,0,9136.13,8,3.44
1242,2025-12-01,199.2,23.2,0,142,4,1,13843.67,2,3.07
1088,2026-01-01,169.6,9.6,0,48,2,2,11572.86,2,2.06
362,2025-12-01,105.6,0,0,0,3,1,6943.83,6,3.62
906,2025-10-01,179.3,3.3,0,0,5,1,8166.92,6,3.79
830,2025-11-01,173.3,13.3,39433.3,114,2,0,8604.64,0,4.16
1049,2025-11-01,167.3,15.3,0,0,4,1,9095.09,4,3.13
419,2025-09-01,179.1,3.1,0,0,4,0,7652.09,0,3.59
482,2026-01-01,174.7,6.7,0,64,4,1,13961.47,4,2.85
1367,2026-07-01,154,2,0,0,2,4,10952.84,2,
511,2026-02-01,163.9,11.9,0,86,4,1,12346.22,,3.98
537,2026-05-01,100.8,0,0,50,3,0,8937.72,2,3.05
1127,2026-01-01,177.6,1.6,0,0,4,0,13275.98,2,2.75
1359,2025-09-01,176.9,0.9,26325.76,71,2,0,7213.08,6,3.86
62,2026-05-01,176.8,8.8,0,0,4,0,25021.83,6,4.32
652,2025-10-01,191.7,7.7,0,0,5,0,10854.96,8,3.13
33,2026-06-01,180.2,12.2,0,95,3,1,7755.62,8,2.48
52,2025-09-01,185.8,9.8,0,0,3,0,11028.88,8,3.11
1351,2026-05-01,182,14,0,126,5,0,12868.79,0,4.05
1352,2026-08-01,170.6,10.6,0,0,3,1,10344.51,4,3.19
608,2026-05-01,166.2,6.2,29067.58,82,3,1,12672.47,0,4.43
1264,2026-06-01,183.4,7.4,0,0,4,0,8264.74,8,3.6
1003,2026-08-01,181.7,13.7,0,108,5,0,10575.96,4,3.28
826,2026-05-01,176.8,8.8,0,109,4,0,14157.52,8,3.78
924,2026-06-01,177.4,1.4,0,0,7,0,12275.78,0,4.11
1000,2025-12-01,201.8,17.8,0,0,7,0,8991.88,6,4.94
740,2025-09-01,154.4,10.4,0,89,3,4,11403.03,2,3.27
1331,2026-08-01,179,11,0,0,7,0,9063.45,0,4.23
1072,2026-02-01,160.1,8.1,0,0,4,1,9630.87,6,3.35
775,2026-02-01,166.8,6.8,0,0,5,0,10872.59,12,3.48
1054,2026-04-01,168.5,8.5,20376.75,70,2,2,10870.85,8,3.2
795,2026-03-01,181.2,5.2,19070.79,69,2,0,8010.62,10,3.02
443,2025-12-01,205.5,21.5,61648.24,158,2,0,13300.25,4,4.41
1437,2026-01-01,185.8,9.8,19403.93,58,3,0,10631.84,6,3.54
602,2026-05-01,172.5,4.5,0,0,6,0,6643.86,2,4.67
1270,2026-07-01,190.9,6.9,0,110,4,0,14738.47,8,4.22
1150,2025-12-01,200.3,16.3,29941.63,90,2,0,7992.92,2,2.87
1103,2026-01-01,178.5,2.5,19288.35,62,3,0,5942.51,8,3.83
81,2026-03-01,173.5,5.5,0,0,4,1,13451.66,4,2.9
1404,2026-08-01,177.3,9.3,21675.3,78,2,0,7176.19,6,3.66
978,2026-05-01,176.9,8.9,23986.21,61,2,0,8234.17,6,3.14
1092,2026-04-01,185.2,9.2,0,0,6,0,9263.82,4,3.77
179,2026-05-01,166.8,6.8,0,0,5,1,8719.6,6,3.8
573,2026-05-01,160.3,8.3,0,111,5,2,12901.94,0,3.63
677,2025-12-01,197.8,13.8,50351.79,104,2,0,10402.05,2,3.61
800,2026-04-01,181.1,13.1,0,0,7,1,12349.26,0,3.97
177,2026-02-01,161.7,1.7,0,0,4,0,8665.64,12,2.77
739,2025-09-01,176,0,0,0,3,0,7950.33,6,
560,2026-03-01,190.2,14.2,0,0,6,0,10183.07,8,3.23
388,2026-02-01,161,9,0,0,3,1,11342.04,10,4.09
1405,2026-01-01,185.3,9.3,0,0,5,0,8293.59,0,3.9
812,2025-11-01,171.6,19.6,0,148,3,1,14495.24,6,3.86
900,2026-02-01,144.5,8.5,0,89,5,3,12791.8,4,4.54
858,2026-04-01,105.6,0,0,71,2,0,10675,0,3.2
356,2025-09-01,175.1,7.1,21442.98,70,2,1,9280.54,8,3.45
771,2026-08-01,100.8,0,0,0,3,0,7879.17,4,2.84
926,2026-01-01,161.2,1.2,0,0,3,2,5413.98,8,3.49
271,2026-03-01,160.8,0.8,0,126,4,2,10615.82,12,4.33
1047,2026-05-01,172.6,12.6,0,0,5,1,12132.14,4,
1222,2025-09-01,189.2,13.2,0,115,4,0,13774.86,4,3.23
1453,2025-10-01,182.7,6.7,19866.57,78,2,1,7658.37,0,3.02
651,2025-10-01,196.8,12.8,23515.12,63,2,0,12376.93,6,2.97
221,2025-10-01,187.1,11.1,0,0,5,1,8892.32,4,2.84
1373,2025-09-01,183.6,7.6,0,0,5,0,11257.9,4,3.61
1399,2025-09-01,182.3,6.3,0,0,4,0,9284.34,8,3.92
60,2025-12-01,185.2,17.2,33824.16,91,2,2,5022.37,4,3.12
1423,2025-10-01,200.8,16.8,0,183,4,0,11551.59,0,4.16
1247,2026-07-01,182.6,6.6,22472,76,3,1,8737.59,4,4.21
1250,2025-12-01,201.6,17.6,0,160,3,0,12429.75,,3.53
5,2026-03-01,184.6,8.6,0,0,6,0,8410.94,12,3.71
120,2026-08-01,171.3,3.3,22131.78,60,2,0,8261.03,8,3.58
1074,2026-06-01,192.5,16.5,0,155,7,0,11932.04,6,4.06
1363,2025-09-01,181.8,13.8,0,134,4,1,11005.23,4,4.45
600,2026-07-01,190.6,6.6,0,0,4,0,8286.2,0,3.19
1246,2025-11-01,169.5,17.5,21935.73,57,2,1,9388.48,4,2.67
20,2026-08-01,174.8,6.8,0,0,4,0,11626.13,4,4.46
614,2026-01-01,168.8,0.8,0,0,4,1,8322.72,,3.18
422,2025-11-01,153.1,9.1,0,0,5,2,9300.26,0,4.02
783,2025-11-01,169.7,17.7,0,0,4,1,13505.96,2,3.53
1039,2025-09-01,182.9,6.9,0,0,5,0,9523.98,8,4.29
1171,2025-11-01,173.8,13.8,0,0,4,0,17037.06,8,3.66
1432,2026-04-01,185.6,9.6,0,93,3,0,13984.33,8,3.25
328,2025-09-01,187.3,11.3,0,100,5,0,12410.86,6,3.61
664,2025-10-01,191.9,7.9,0,0,5,0,8417.83,0,3.89
938,2026-06-01,185.6,9.6,35694.06,97,3,0,10207.46,6,4.08
815,2025-12-01,199.6,15.6,58514.67,150,2,0,12277.67,4,4.72
729,2026-07-01,188.2,4.2,24186.79,61,3,0,9366.67,2,
1404,2025-11-01,159.7,15.7,24170.47,77,2,2,7544.04,6,3.64
128,2026-08-01,159.9,7.9,0,0,5,2,7950.78,0,4.58
816,2025-12-01,100.8,0,23423,68,2,2,5683.17,2,3.81
108,2026-03-01,184.7,8.7,0,0,4,0,10855.57,6,4.41
686,2025-12-01,203.4,19.4,0,0,3,0,8548.92,0,
460,2026-03-01,170.5,10.5,24255.48,72,2,2,12099.7,10,4.22
1153,2026-05-01,172.8,20.8,0,116,4,2,14144.07,4,3.36
637,2025-09-01,179.4,3.4,0,0,5,0,7017.23,0,3.54
421,2026-01-01,183.3,7.3,0,114,4,0,7867.48,4,4.24
553,2026-06-01,186.7,10.7,0,0,4,0,8064.45,4,3.58
189,2025-09-01,185.1,9.1,22559.55,81,3,0,8675.13,2,3.83
616,2026-08-01,181.5,13.5,0,85,5,0,10991.07,0,3.14
1430,2025-11-01,167.9,15.9,0,110,2,1,10409,0,2.7
23,2026-05-01,175,7,0,0,4,0,6577.34,0,3.68
423,2026-04-01,187,11,0,117,4,0,11635.51,8,3.57
1347,2026-03-01,162.6,2.6,0,0,2,2,13763.53,8,3.19
205,2025-12-01,202.6,18.6,0,0,4,0,9123.8,8,3.43
1093,2025-09-01,175.3,7.3,0,105,3,1,10924.1,8,3.1
852,2026-07-01,177.4,1.4,16625.29,44,1,1,10711.72,6,2.69
864,2025-10-01,195.1,11.1,0,137,5,0,11210.11,4,3.91
243,2026-04-01,168,0,0,0,4,1,9434.67,2,3.86
250,2026-04-01,156.7,12.7,19874.52,61,2,4,10065.35,8,3.8
68,2025-10-01,192.6,8.6,0,0,3,0,18165.45,8,2.68
1212,2026-02-01,152,0,24663.61,66,2,1,7513.17,12,4.33
146,2026-07-01,172.6,12.6,0,67,3,3,15492.16,8,2.55
19,2026-03-01,167.2,7.2,0,0,4,2,5508.07,8,3.19
984,2026-02-01,158.9,6.9,0,99,3,1,11073.99,4,3.94
1039,2026-04-01,179.6,3.6,0,0,4,0,9267.32,0,4.18
561,2026-08-01,172.6,4.6,0,0,7,0,8404.25,2,4.1
808,2025-09-01,105.6,0,0,0,3,0,4188.67,6,3.44
559,2026-06-01,167.1,15.1,0,103,4,3,13058.52,2,3.25
941,2026-08-01,173.3,5.3,0,0,4,0,6496.74,4,3.92
1255,2026-08-01,91.2,0,11244.9,34,1,2,3832.83,8,3.86
1248,2025-11-01,175.9,15.9,0,152,5,0,10050.47,0,3.35
680,2026-07-01,174.4,6.4,0,0,7,2,9753.34,4,4.08
756,2026-01-01,176,0,0,0,3,0,8641.67,4,3.51
780,2026-01-01,168,0,0,0,6,1,10919,6,
1482,2025-11-01,178.8,18.8,0,149,5,0,12574.87,6,3.31
25,2025-10-01,195.5,11.5,0,0,5,0,9725.25,6,3.67
1046,2026-06-01,188.5,12.5,0,142,7,0,10001.26,2,4.25
197,2026-05-01,100.8,0,12623.39,35,1,0,5551,2,3.1
56,2026-06-01,182.7,6.7,33690.62,104,2,0,8282.23,6,4.41
133,2026-06-01,190.5,14.5,0,106,5,0,15149.72,8,3.25
349,2026-07-01,188.8,4.8,0,0,4,0,9223,0,3.46
556,2025-09-01,105.6,0,0,55,3,0,7238.67,4,2.95
8,2026-01-01,178.2,2.2,0,0,3,0,8598.99,2,2.83
1199,2025-12-01,199.4,15.4,0,0,4,0,13341.98,6,3.51
602,2026-06-01,179.3,3.3,0,0,4,0,6577.46,4,4.43
1272,2026-08-01,152.6,8.6,0,0,5,3,8476.48,6,3.73
915,2025-11-01,160.1,16.1,0,0,3,2,8339.87,2,3.39
1242,2025-10-01,191.5,15.5,0,109,3,1,13075.44,4,2.66
106,2026-04-01,183.2,7.2,0,89,3,0,11944.94,4,3.17
430,2026-07-01,173.5,5.5,0,0,6,2,9745.26,2,4.31
265,2026-04-01,169.4,9.4,0,61,3,0,13613.89,8,2.33
1055,2026-08-01,96,0,12453.88,34,1,1,4087,0,3.37
369,2026-08-01,171.7,3.7,0,109,3,0,10450.23,2,3.29
871,2026-08-01,172.9,4.9,0,0,4,0,9092.89,6,4.14
348,2026-07-01,105.6,0,0,71,3,1,7808,6,3.85
366,2026-04-01,161.4,9.4,,51,2,3,8838.92,2,2.63
804,2025-10-01,179.7,11.7,28294.47,80,2,2,7938.18,2,3.01
355,2025-09-01,186.4,10.4,0,0,3,0,10236.92,8,3.55
913,2026-03-01,171.6,3.6,23191.07,76,2,1,5276.07,12,3.47
385,2026-08-01,178.3,10.3,29698.91,99,3,0,8249.29,0,4.48
1276,2025-09-01,177.3,9.3,0,0,5,1,6799.65,6,4.03
996,2026-03-01,172,4,0,0,3,1,10139.92,4,2.89
768,2026-08-01,172.8,4.8,0,0,5,0,8566.48,4,3.07
823,2026-07-01,186.8,2.8,0,0,4,0,9465.43,0,4.77
743,2026-08-01,159.8,15.8,0,129,4,3,11198.5,4,4.28
94,2026-06-01,183.7,7.7,30184.64,79,2,0,9087.37,4,3.44
551,2026-04-01,171.8,11.8,0,72,3,2,11957.95,0,2.04
936,2026-03-01,86.4,0,0,0,2,4,5002,6,3.56
268,2025-12-01,196.1,12.1,36788.73,128,3,0,11658.02,4,4.04
605,2026-08-01,175.1,7.1,24891.53,87,3,0,8611.48,8,4.43
412,2026-02-01,165.1,5.1,18791.22,52,2,0,10944.45,6,3.22
620,2026-01-01,180.1,4.1,0,0,3,0,9327.27,2,3.57
1003,2026-01-01,162.9,2.9,0,55,3,2,9692.28,8,2.98
177,2026-04-01,181.9,5.9,0,0,4,0,8976.03,4,3.25
105,2025-11-01,173,13,42147.59,115,3,0,10484.76,0,4.58
63,2026-05-01,175.9,7.9,0,0,4,0,29978.33,2,3.33
140,2026-02-01,149.4,5.4,0,0,3,2,8502.77,12,3.15
690,2025-11-01,143.6,15.6,0,0,3,4,8492.83,2,3.81
113,2026-03-01,184.2,8.2,22416.31,73,2,0,9407.33,8,
291,2025-09-01,183.2,7.2,0,0,4,0,7624.89,8,3.31
924,2026-07-01,187.9,3.9,0,0,5,0,12538.18,0,4.23
1145,2025-10-01,187.7,3.7,33118.74,95,3,0,12087.01,2,4.11
541,2025-11-01,171.4,19.4,0,0,4,1,9035.73,6,2.91
225,2026-01-01,176.3,0.3,0,0,4,0,9194.14,2,3.53
780,2026-02-01,151,7,0,0,5,2,11580.44,10,4.14
68,2026-04-01,185.4,9.4,0,0,4,0,18282.5,4,3.09
191,2026-02-01,167,7,0,0,4,0,6749.87,10,3.81
753,2025-10-01,190.4,6.4,17001.68,39,1,0,8766.2,12,3.23
1288,2025-10-01,194.9,10.9,0,0,5,0,11492.8,4,3.82
102,2025-09-01,178.4,2.4,0,0,4,0,13200.59,6,3.32
1395,2025-09-01,190.3,14.3,0,102,4,0,16520.25,8,2.78
341,2025-11-01,168.2,16.2,0,0,5,1,8276.66,0,3.45
665,2025-10-01,198.4,14.4,0,0,6,0,10496.04,0,4.49
902,2026-06-01,189.3,21.3,0,99,3,1,16146.52,8,3
599,2026-05-01,168.5,16.5,0,145,6,2,10967.72,8,4.22
643,2026-03-01,185,17,0,125,5,1,13166.78,12,4.11
435,2026-01-01,148.3,4.3,0,56,3,4,15701.48,8,3.12
68,2026-01-01,173.1,5.1,0,0,5,1,17653.36,4,2.91
626,2026-03-01,176,0,29878.44,87,4,0,8479,12,4.5
1272,2025-09-01,171.5,3.5,0,0,6,1,8128.29,2,3.73
209,2025-11-01,176.9,16.9,0,0,5,0,10896.06,4,3.12
371,2026-08-01,174.1,6.1,22597.15,67,2,0,6220.23,4,3.6
433,2026-01-01,168,0,14064.53,41,1,1,10512.33,6,2.92
856,2026-04-01,190.5,14.5,0,0,6,0,9806.13,4,3.43
1432,2026-01-01,180.4,4.4,0,71,4,0,13403.3,8,2.92
400,2026-03-01,188.6,12.6,0,104,4,0,10350.66,12,3.46
361,2025-11-01,167.8,15.8,21428.44,63,2,1,7188.31,6,2.96
755,2026-06-01,163.6,3.6,26606.25,79,2,2,9938.26,4,3.68
758,2026-02-01,154.5,10.5,14349.66,44,2,2,7326.98,10,3.41
631,2026-04-01,100.8,0,,45,2,1,5042.67,2,3.39
1229,2025-11-01,166.2,14.2,0,0,4,1,8847.4,4,3.08
1315,2026-03-01,167.2,7.2,0,0,5,2,12474.15,6,3.44
1323,2025-09-01,96,0,0,0,2,2,6100,2,3.41
1214,2025-09-01,181.3,5.3,31622.13,104,3,0,8384.35,2,4.54
1060,2026-08-01,170.3,2.3,0,0,4,0,8875.88,0,3.07
1469,2026-02-01,155.4,3.4,0,0,6,1,11564.71,8,4.3
1193,2025-10-01,100.8,0,15177.02,50,1,2,4097.17,8,3.94
905,2026-03-01,188.6,12.6,0,0,6,0,8388.77,10,4.18
944,2025-12-01,190.1,14.1,0,0,5,1,12684.8,8,3.71
442,2026-04-01,182.3,14.3,21166.57,70,3,1,9768.2,4,3.31
1401,2026-03-01,180.6,12.6,0,0,5,1,8253.46,8,3.48
739,2026-08-01,164.7,4.7,0,0,3,1,8273.7,8,
620,2026-07-01,193.4,9.4,0,0,3,0,9740.41,8,3.62
277,2026-08-01,161,9,0,0,4,2,10914.66,4,3.53
839,2025-12-01,116.9,12.9,0,18,1,0,7583.22,10,3.79
478,2026-01-01,169.7,1.7,19595.84,46,2,1,8026.03,8,3.36
991,2025-12-01,196.5,12.5,0,0,6,0,11288.96,8,3.26
905,2025-12-01,200.9,16.9,0,0,5,0,8670.24,4,3.88
571,2025-10-01,201.2,17.2,0,117,5,0,11049.22,0,3.34
380,2026-06-01,168.3,8.3,24240.73,72,2,2,7126.58,0,3.4
273,2026-01-01,167.6,7.6,0,68,5,2,12380.87,8,3.55
833,2025-10-01,190.2,6.2,0,0,6,0,8312.63,6,4.03
742,2026-04-01,187,11,0,0,5,0,5923.53,6,
407,2026-07-01,181.5,5.5,19250.72,57,2,1,9021.03,6,3.4
280,2025-12-01,200.2,16.2,43204.74,131,3,0,8392.58,6,3.53
1072,2026-07-01,189.3,5.3,0,0,4,0,9412.79,8,3.59
152,2026-04-01,166.7,6.7,18246.27,65,1,2,6873.17,0,2.87
504,2025-10-01,193.4,9.4,0,0,4,0,7983.94,6,2.88
1044,2025-09-01,166.5,6.5,0,0,5,2,9095.54,6,4.21
808,2026-04-01,105.6,0,0,0,2,0,4188.67,6,3.29
1373,2026-06-01,177.2,9.2,0,0,4,1,11404.16,6,3.68
717,2025-09-01,171.5,3.5,23892.72,61,2,1,7160.5,8,3.56
697,2026-06-01,181.3,5.3,20728.91,59,1,0,8070.42,2,2.85
27,2025-10-01,196.1,12.1,0,0,6,0,7974.18,4,3.46
65,2026-08-01,171.5,3.5,29556.9,86,2,0,20687.33,0,
336,2026-05-01,172.4,12.4,0,105,3,1,13804.44,8,3.12
189,2026-06-01,188.9,12.9,34124.08,87,2,0,8939.58,4,3.93
20,2026-01-01,154.9,2.9,0,0,4,3,11255.56,6,4.42
748,2026-02-01,91.2,0,0,41,2,1,5683.17,6,3.27
400,2026-07-01,191.1,7.1,0,126,4,0,9906.44,2,3.69
997,2026-03-01,167.7,7.7,0,0,4,2,8436.72,12,3.84
893,2026-08-01,177.5,9.5,0,124,5,0,10308.06,2,3.74
251,2026-02-01,160,0,17713.23,48,2,0,8845,8,3.75
34,2026-08-01,168,0,0,0,6,0,7320,2,4.26
183,2025-12-01,201.1,17.1,0,0,6,0,11577.77,4,3.67
1086,2026-07-01,177,9,0,0,4,2,7199.73,8,3.28
942,2026-05-01,172.4,4.4,30822.53,79,2,0,12748.97,4,3.96
978,2025-09-01,186.1,10.1,20582.25,78,2,0,8313.56,8,3.29
255,2026-02-01,157.1,5.1,0,0,5,1,6963.68,8,3.85
955,2025-09-01,175.2,7.2,16544.58,60,2,1,6642.08,0,2.94
1320,2026-04-01,179.6,11.6,18617.18,56,3,1,10158.02,6,3.13
329,2026-08-01,170.3,10.3,20502.04,58,1,1,9478.38,8,3.1
771,2026-02-01,96,0,0,0,2,0,7879.17,10,3.03
1077,2026-08-01,174.3,6.3,22256.86,77,3,0,11814.48,0,3.44
738,2026-02-01,160,0,18517.35,53,2,0,5967.83,8,3.77
873,2025-09-01,189.1,13.1,0,0,7,0,10798.53,0,3.78
803,2026-08-01,160.7,8.7,18384.65,57,1,2,9161.1,2,2.98
396,2026-08-01,181,13,0,78,4,0,19125.91,2,2.46
46,2026-08-01,174.6,6.6,17334.25,63,2,0,6555.88,6,3.24
730,2025-12-01,195.9,19.9,0,0,5,1,15325.88,0,3.7
615,2026-05-01,178.5,10.5,0,0,4,0,10580.3,4,3.65
1041,2025-09-01,186.9,10.9,21345.37,85,3,0,8132.86,2,3.55
584,2026-04-01,161.6,9.6,0,0,4,3,12079.38,2,3.64
979,2025-09-01,183.5,7.5,24002.09,83,3,0,8455.51,8,3.68
183,2025-10-01,190.3,6.3,0,0,3,0,10635.18,2,3.71
1138,2025-12-01,194.8,18.8,0,0,4,1,16998.17,4,3.18
669,2026-06-01,182.9,14.9,27244.64,86,2,1,11202.12,8,3.68
943,2025-12-01,198.1,22.1,0,131,3,1,9846.28,6,2.32
249,2025-11-01,96,0,0,79,2,0,5754.33,4,3.83
1372,2026-08-01,152.3,8.3,0,79,3,0,11909.55,0,2.62
687,2026-03-01,182.9,6.9,22603.29,53,1,0,11118.49,12,2.71
870,2026-02-01,166.3,6.3,0,0,4,0,8418.58,10,4.71
705,2025-10-01,197.3,13.3,32993.12,103,2,0,7561.65,6,3.69
1226,2025-11-01,172.2,12.2,0,0,4,0,9295.51,8,
664,2026-05-01,140.5,4.5,0,0,5,4,8186,2,3.72
1126,2026-02-01,163.6,3.6,0,67,4,0,11552.7,4,3.01
188,2026-08-01,174.4,6.4,21429.04,74,2,0,8937.88,2,3.69
387,2026-02-01,168,8,0,0,4,0,12435.87,8,3.45
187,2025-11-01,96,0,0,0,3,0,5723.83,2,4.09
44,2026-07-01,160,8,0,0,2,4,11631.45,2,
183,2026-07-01,17,1,0,0,0,2,1841.25,3.4,3.8
541,2026-05-01,165.5,5.5,0,0,4,1,8105.08,2,3.24
440,2026-06-01,100.8,0,0,0,1,1,5368,4,2.78
977,2026-07-01,184.5,8.5,20429.35,55,2,1,9441.05,8,3.19
1178,2025-09-01,181,5,0,0,5,0,6204.84,6,3.41
1182,2026-08-01,171.5,3.5,0,0,6,0,8180.66,0,4.06
1310,2025-10-01,171,11,0,0,4,3,8484.45,4,2.83
1287,2025-10-01,184,16,0,107,4,2,13588.3,0,3.27
866,2025-11-01,159.3,15.3,0,0,2,2,15496.19,0,2.98
1378,2026-01-01,156.9,4.9,0,0,4,3,8849.14,6,3.31
611,2026-02-01,161.8,1.8,0,0,4,0,9013.75,12,3.63
794,2026-02-01,147.5,3.5,0,0,4,2,10715.52,8,3.99
381,2026-01-01,160,0,0,0,2,2,9190.67,0,2.28
970,2025-11-01,177,17,0,138,4,0,13143.46,6,3.22
66,2026-08-01,177.2,9.2,0,0,3,0,12973.74,2,2.25
654,2026-05-01,179.6,11.6,0,154,4,0,8372.09,6,4.4
1303,2026-03-01,176,0,19146.26,47,2,0,8448.5,6,2.43
1386,2026-03-01,186.5,10.5,22061.93,65,3,0,7962.95,12,3.31
317,2025-11-01,174.9,14.9,0,0,3,0,12143.28,2,2.47
206,2025-12-01,105.6,0,0,0,3,1,4148,8,4.1
1114,2025-10-01,187.8,11.8,23932.31,68,2,1,10879.9,4,2.96
899,2025-12-01,196.7,20.7,0,0,5,1,6125.8,6,4.01
516,2026-08-01,158.7,6.7,0,0,2,2,5872.85,8,2.3
443,2026-07-01,157.7,5.7,26971.79,75,2,4,11766.98,2,
425,2026-03-01,182.4,6.4,0,0,5,0,9345.61,4,2.96
273,2025-11-01,178.6,18.6,0,123,4,0,13486.7,4,3.17
488,2026-08-01,162.4,2.4,0,0,4,1,12152.43,4,4.01
1151,2026-03-01,176.6,0.6,0,0,5,0,9391.68,10,3.79
943,2025-09-01,187.4,11.4,0,91,4,0,9080.92,2,2.54
132,2025-11-01,169.4,9.4,33650.16,92,2,0,7728.56,0,3.99
588,2025-12-01,194.9,18.9,0,0,5,1,12255.37,4,3.3
1367,2026-04-01,180.6,4.6,0,0,3,0,11195.09,0,2.88
1282,2026-04-01,105.6,0,15391.56,47,2,0,5378.17,8,4.01
525,2026-01-01,182.4,6.4,0,74,4,0,10386.39,6,3.06
636,2026-06-01,185,9,24094.5,75,2,0,7079.19,8,2.94
1329,2026-06-01,183,7,0,0,4,0,8108.46,6,2.84
608,2025-10-01,196.1,12.1,38470.46,108,4,0,13286.55,2,4.11
220,2026-02-01,148.6,4.6,19587.11,54,2,2,7854.53,12,4.51
1056,2026-05-01,160.8,8.8,0,0,3,2,10306.33,4,2.79
349,2026-01-01,176,0,0,0,4,0,8855.17,2,3.4
735,2026-08-01,175.9,7.9,30097.89,92,4,0,6875.47,0,4.29
1377,2026-08-01,160,8,0,0,4,2,10663.97,4,4.38
809,2025-12-01,204,20,0,0,5,0,6845.69,6,3.62
1106,2026-08-01,154.1,2.1,17892.16,55,2,2,5983.12,2,3.23
203,2026-07-01,187.5,11.5,18468.12,55,1,1,8439.73,8,3.02
285,2026-04-01,189.3,13.3,0,104,4,0,13125.31,4,3.04
722,2026-04-01,186.1,10.1,0,104,3,0,18959.79,4,3.32
976,2026-08-01,170.8,10.8,0,99,5,1,17053.26,2,3.84
512,2026-04-01,96,0,0,0,3,2,5063,6,4.23
401,2026-07-01,161.5,1.5,0,0,2,3,9824.9,2,2.89
897,2025-12-01,205.4,21.4,49825.56,150,3,0,10989.1,4,3.96
1401,2026-02-01,161.1,1.1,0,0,4,0,7512.84,8,3.68
167,2026-07-01,190.3,6.3,0,0,6,0,8201.52,2,3.72
587,2026-08-01,175.9,7.9,26762.6,76,2,0,13207.85,2,
1329,2026-05-01,175.3,7.3,0,0,3,0,8128.31,0,2.68
299,2025-09-01,176,8,0,0,6,1,13707.72,6,4.22
1094,2026-08-01,100.8,0,10720.75,41,1,0,5256.17,4,
1198,2025-10-01,196.4,12.4,36624.28,98,3,0,9861.68,4,4.32
918,2026-06-01,192.6,16.6,25238.88,81,3,0,10731.86,6,3.52
940,2026-04-01,183.4,7.4,0,0,6,0,8080.84,8,4.2
96,2026-05-01,91.2,0,0,66,3,2,5805.17,6,4.02
938,2025-10-01,188.3,12.3,34311.03,80,2,1,10427.67,4,3.71
463,2025-12-01,209.3,25.3,0,240,6,0,16147.53,6,4.48
511,2025-12-01,200.6,16.6,0,205,7,0,12801.49,6,3.89
1060,2026-03-01,185.4,9.4,0,0,5,0,9410.6,12,3.38
543,2026-02-01,168.7,8.7,0,0,5,0,6810.7,6,3.91
789,2026-03-01,188.1,12.1,0,0,5,0,9355.62,12,4.18
1209,2026-08-01,169.4,9.4,0,0,4,1,7317.11,8,2.42
344,2026-08-01,165.3,5.3,0,0,4,1,10569.17,4,3.17
16,2026-08-01,179.3,11.3,0,0,6,0,10379.59,2,4.55
783,2025-10-01,177.8,9.8,0,0,3,2,12705.27,4,3.62
286,2026-04-01,184.4,8.4,0,0,4,0,7001.46,2,3.61
352,2026-05-01,169.2,9.2,0,0,3,1,8254.02,8,2.8
236,2025-10-01,194.8,10.8,0,0,7,0,9927.36,6,4.55
21,2026-08-01,171,3,26685.3,96,4,0,5736.83,2,
1153,2026-01-01,189.6,13.6,0,88,4,0,13397.22,2,
916,2026-07-01,186.3,2.3,0,0,4,0,6605.07,6,
1271,2026-07-01,164.1,4.1,24571.03,72,2,3,8379.8,2,
858,2026-06-01,105.6,0,0,58,3,0,10675,4,3.18
1245,2026-02-01,169.4,9.4,10837.03,26,1,0,8728.99,8,1.81
1281,2025-12-01,203,19,0,0,6,0,10500.57,0,3.6
1008,2026-07-01,176.4,0.4,0,0,4,1,12425.86,,
1480,2025-09-01,165.7,5.7,0,0,6,2,9761.36,2,3.95
902,2026-01-01,177,9,0,79,3,1,14695.34,4,3.03
840,2026-03-01,191,15,25193.56,88,2,0,9005.32,12,3.89
858,2025-11-01,86.4,0,0,63,2,2,10675,6,3.28
14,2026-01-01,183.2,7.2,0,75,4,0,11124.13,2,
880,2026-05-01,180.9,12.9,0,0,5,0,8431.01,6,3.45
1404,2026-01-01,179.1,3.1,20779.39,54,2,0,6819.84,8,3.87
1081,2025-11-01,148.7,12.7,0,0,5,3,7910.1,4,3.6
1280,2026-05-01,176.1,8.1,0,0,5,0,9584.67,4,2.9
1119,2026-04-01,180.2,4.2,24383.61,71,3,0,12253.58,4,3.67
391,2026-04-01,180.7,4.7,0,0,4,0,8337.18,2,3.99
307,2026-04-01,190.6,14.6,,71,2,0,8302.11,8,3.27
1183,2026-07-01,110.4,0,14033.99,42,1,0,5113.83,2,
802,2026-07-01,173.9,5.9,20795.66,64,3,2,6828.2,6,4.17
4,2025-10-01,177,9,0,0,6,2,8766.79,2,4.72
535,2026-03-01,162.6,10.6,0,0,5,3,12675.36,4,4.2
553,2025-09-01,174.3,6.3,0,0,4,1,7783.41,2,3.51
1304,2026-06-01,183.4,15.4,0,123,3,1,10599.84,6,3.26
238,2026-02-01,161.7,1.7,19717.4,62,3,0,8046.66,8,3.87
383,2025-12-01,202.9,18.9,0,0,7,0,8742,6,3.9
48,2026-07-01,173.6,5.6,0,0,6,2,6715.4,4,3.93
166,2026-04-01,182.8,6.8,24140.18,63,3,0,6211.37,6,3.37
846,2025-12-01,196.6,20.6,0,197,7,1,14830.09,6,3.97
478,2025-10-01,185.1,9.1,25653.5,65,2,1,8532.55,6,2.97
1409,2026-06-01,177.7,9.7,0,0,4,1,8430.36,6,3.44
1356,2025-12-01,203.3,19.3,0,178,7,0,16598.71,8,4.05
131,2025-09-01,155.6,3.6,0,0,2,3,6520.67,6,2.14
647,2026-02-01,165.5,5.5,0,0,4,0,9052.98,8,3.81
38,2025-11-01,163.6,11.6,26668.02,91,2,1,7383.58,4,3.64
565,2026-07-01,182.8,6.8,0,0,4,1,8816.48,4,2.75
1277,2025-11-01,169.3,9.3,0,0,6,0,8886.77,8,3.65
1027,2026-03-01,174.9,6.9,23994.37,68,2,1,7412.33,12,3.44
146,2025-10-01,188.5,12.5,0,90,3,1,15480.07,0,2.39
1444,2026-08-01,168.3,0.3,24784.86,71,2,0,10396.92,2,3.55
193,2026-05-01,165.4,13.4,0,134,4,2,12888.61,2,4.13
203,2026-04-01,176.1,8.1,16893.61,55,1,1,8213.88,8,2.67
1085,2026-04-01,105.6,0,14161.73,34,1,0,5174.83,0,2.97
1094,2026-04-01,105.6,0,10475.48,39,1,0,5256.17,4,3
790,2025-11-01,173.8,13.8,32716.91,100,2,0,7921.04,4,3.98
441,2025-10-01,191.8,7.8,0,0,3,0,7423.39,6,3.29
775,2026-03-01,177.4,9.4,0,0,5,1,11103.62,10,3.52
1438,2026-03-01,176.3,8.3,0,0,6,1,8793.8,4,3.91
978,2025-12-01,199.9,15.9,31739.8,96,3,0,8697.3,8,3.36
167,2026-04-01,183.3,7.3,0,0,4,0,8268.83,4,3.82
426,2026-08-01,170.5,2.5,19128.28,74,2,0,8008.08,2,3.52
631,2025-12-01,100.8,0,17197.28,56,1,2,5042.67,8,3.3
770,2026-02-01,167.4,7.4,18041.04,58,2,0,8437.82,6,3.94
636,2025-09-01,182.9,6.9,22526.74,59,2,0,6959.83,8,2.99
381,2026-02-01,144.4,0.4,0,0,2,2,9222.48,12,2.5
1219,2026-05-01,158.1,6.1,0,82,2,2,16440.34,2,2.64
474,2026-03-01,174.1,14.1,0,84,4,2,11133.42,6,
1327,2025-12-01,204.9,20.9,0,181,5,0,11549.26,2,3.28
298,2026-04-01,182.8,6.8,23000.22,71,2,0,9408.55,8,3.27
706,2026-05-01,175,7,0,0,5,0,14297.64,6,3.82
1149,2026-06-01,189.5,13.5,20463.47,69,2,0,7766.41,4,2.78
934,2025-11-01,173.5,13.5,43956.85,110,3,0,9685.31,2,4.63
17,2026-01-01,168,0,0,0,6,1,5083.33,2,4.52
473,2026-01-01,179.2,3.2,0,0,3,0,9298.9,6,
822,2026-05-01,180,12,0,106,5,0,17114.21,4,3.58
860,2026-01-01,100.8,0,0,61,2,1,7431.83,2,4.08
1141,2025-11-01,172.3,20.3,0,0,4,1,10386.88,8,3.37
671,2026-08-01,175.9,7.9,0,133,4,0,12523.56,0,4
1127,2025-09-01,177.4,9.4,0,0,5,1,14159.87,0,2.83
166,2026-02-01,155.2,3.2,16348.17,42,2,1,6028.61,12,3.4
1128,2026-03-01,166.8,6.8,0,0,4,2,7481.63,12,3.42
397,2026-04-01,181.8,5.8,,42,1,0,7377.78,2,2.06
84,2026-03-01,191,15,0,155,5,0,21720.74,4,4.08
351,2025-12-01,201.9,17.9,0,205,4,0,12246.41,8,4.39
279,2025-12-01,196.5,20.5,0,159,4,1,14484.03,0,3
1210,2025-12-01,110.4,0,22546.57,68,2,0,5276.5,0,3.71
397,2026-01-01,177.6,1.6,10502.32,32,2,0,7122.44,2,1.9
900,2026-04-01,178.9,10.9,0,148,7,1,13039.27,0,4.56
1461,2026-07-01,165.7,5.7,0,66,4,3,14102.45,6,
51,2025-10-01,181.3,5.3,0,0,6,1,5848.13,4,3.7
1201,2025-09-01,179.8,3.8,0,125,6,0,12370.17,6,3.69
325,2025-11-01,172.9,12.9,29501.67,100,2,0,10171.46,6,3.59
902,2026-08-01,165.9,5.9,0,100,4,1,14329.6,0,3.27
1369,2025-11-01,170.5,18.5,31553.27,98,2,1,7866.81,6,4.36
628,2026-04-01,188,12,0,110,5,0,19336.26,0,3.1
273,2026-07-01,182.7,14.7,0,97,6,2,13094.64,2,3.33
194,2026-04-01,158.3,6.3,0,82,2,3,13058.11,2,2.65
1167,2025-09-01,184.3,8.3,0,0,4,0,11746.87,6,4.05
1371,2026-04-01,181.7,13.7,21117.19,64,1,1,10939.87,4,3.06
176,2026-06-01,167.3,7.3,0,0,4,2,8798.47,2,2.73
1146,2025-11-01,156.4,12.4,0,0,2,2,10075.58,6,2.82
810,2026-03-01,105.6,0,0,0,4,0,7919.83,10,4.63
896,2026-08-01,152.3,8.3,0,0,4,3,8652.14,4,4.24
295,2026-08-01,169.5,9.5,0,98,2,1,13368.02,6,3.16
1311,2025-10-01,198.8,14.8,0,146,6,0,14335.98,6,3.45
1228,2026-04-01,184.5,8.5,0,0,5,0,9124.52,6,4.65
152,2026-07-01,190.3,6.3,18525.36,53,2,0,6850.68,4,2.93
202,2026-02-01,158.3,6.3,0,0,4,1,8265.85,6,3.07
7,2025-12-01,192.8,16.8,0,0,4,1,10713.16,6,3.1
437,2026-04-01,185.9,9.9,0,0,6,0,9955.98,6,3.88
1329,2026-01-01,179.5,3.5,0,0,3,0,7876.9,2,2.8
395,2026-07-01,110.4,0,0,59,2,0,7259,4,3.42
393,2026-02-01,156.8,4.8,14588.58,48,2,1,8947.68,12,3.01
1248,2026-05-01,171.4,11.4,0,101,5,1,9706.42,8,3.65
892,2026-06-01,187.3,11.3,25143.43,73,2,0,12366.22,4,3.04
1317,2026-07-01,179,3,0,0,4,1,6936.35,4,3.17
1491,2025-10-01,190.4,6.4,0,0,4,0,9925.01,8,3.47
158,2025-12-01,206.1,22.1,0,210,7,0,14303.14,8,3.56
1489,2026-07-01,184.8,8.8,0,0,7,1,8391.67,8,
843,2026-08-01,170.6,2.6,24481.43,78,2,0,8804.92,8,3.78
229,2026-04-01,172.2,4.2,0,0,4,1,9313.99,2,3.88
759,2026-06-01,182.7,6.7,0,0,3,0,5722.27,4,3.19
750,2026-07-01,176.1,0.1,21070.09,53,3,1,7509.49,6,3.39
24,2025-11-01,165.3,13.3,0,0,5,1,6575.35,2,4.59
373,2026-01-01,179.3,3.3,22365.63,59,3,0,8993.02,2,3.92
329,2026-02-01,154.5,2.5,12193.01,49,2,1,8890.95,6,2.91
931,2025-10-01,188.9,12.9,0,138,6,1,14420.87,0,3.71
805,2026-03-01,183.7,7.7,26844.13,63,1,0,12329.76,8,3.09
457,2025-09-01,171,11,0,0,4,2,7170.59,0,3.54
42,2025-09-01,191.2,15.2,0,97,4,0,11388.93,2,2.71
1321,2026-05-01,172.3,4.3,0,0,6,0,10639.89,8,4.11
615,2026-02-01,160,0,0,0,5,0,9699,8,3.75
349,2025-12-01,196.9,20.9,0,0,4,1,10456.76,0,3.52
965,2026-01-01,91.2,0,12476.99,34,2,3,6242.33,2,4.63
843,2025-12-01,199.4,15.4,37391.32,112,2,0,9758.77,0,3.32
186,2025-10-01,186.4,10.4,0,109,4,1,10993.01,8,2.69
894,2026-06-01,184.3,8.3,0,116,5,0,9316.86,4,3.34
436,2026-02-01,157.9,5.9,0,0,3,1,8131.86,8,4.06
282,2026-08-01,100.8,0,0,85,4,0,9414.33,4,4.78
542,2025-12-01,207.8,23.8,0,0,6,0,12027.66,8,3.3
913,2025-12-01,180.5,12.5,33235.5,103,3,2,5670.15,8,3.6
666,2026-06-01,175.8,15.8,0,139,5,2,11926.58,0,3.66
291,2026-04-01,164.4,12.4,0,0,5,3,7947.89,4,3.56
87,2025-09-01,165.5,5.5,0,0,2,2,13430.36,8,2.96
1421,2026-02-01,164.6,4.6,0,83,4,0,16360.69,4,3.04
1292,2025-12-01,189.7,13.7,0,0,5,1,10757.92,0,3.93
888,2026-03-01,173,13,0,134,3,2,15020.23,6,3.82
1410,2025-12-01,196.5,12.5,33474.95,107,3,0,7390.78,0,3.36
1266,2025-12-01,205,21,0,207,7,0,10500.47,8,4.27
662,2025-12-01,198.4,14.4,0,0,5,0,9078.27,2,3.75
1350,2026-04-01,172,4,0,0,6,1,9498.29,0,3.68
1139,2026-04-01,160.4,8.4,20948.89,52,1,3,7124.46,8,3.31
1406,2025-11-01,86.4,0,0,0,3,2,6771,2,3.81
547,2026-07-01,183.9,7.9,0,77,4,1,10514.14,6,2.72
236,2025-11-01,166.9,6.9,0,0,5,0,9620.94,6,3.87
1174,2026-03-01,25,1,0,0,0,0,1776.59,5,4.2
848,2026-04-01,100.8,0,12176.2,42,1,1,5063,8,3.32
1448,2025-10-01,110.4,0,0,69,3,0,6476.17,2,3.26
979,2026-02-01,157.7,5.7,17543.01,59,1,0,7934.82,6,3.5
682,2026-01-01,168,0,0,0,6,1,7909.67,0,4.37
528,2026-07-01,100.8,0,0,0,3,2,4910.5,8,4.26
1399,2026-07-01,190.4,6.4,0,0,4,0,9291.96,8,
1021,2026-04-01,187.7,11.7,,74,2,0,9953.28,6,3.22
1423,2025-12-01,197.8,21.8,0,195,6,1,11987.97,2,4.31
431,2025-09-01,174.1,6.1,0,0,3,1,8594.79,8,3.45
961,2026-05-01,174.8,14.8,0,0,5,1,11101.78,6,4.29
1195,2026-01-01,176,0,0,0,3,0,12057.67,4,3.73
343,2025-11-01,179.5,19.5,0,144,4,0,15733.1,4,3.84
94,2026-08-01,177.4,9.4,21901.64,66,2,0,9212.71,2,2.99
172,2026-06-01,186.4,10.4,41107.59,118,3,0,8699.11,6,4.46
897,2025-09-01,183.4,7.4,30525.75,82,2,0,9865.76,8,3.7
476,2025-11-01,175.7,15.7,0,0,3,0,8406.92,2,3.13
697,2025-10-01,184,8,18541.05,66,2,1,8250.72,6,2.84
659,2026-05-01,91.2,0,0,42,2,2,7767.33,2,2.58
1052,2026-08-01,173.7,5.7,0,0,3,0,8577.2,0,3.1
1215,2026-07-01,188.8,4.8,18894.56,55,3,0,7994.68,0,
1067,2026-01-01,183.3,7.3,0,0,3,0,7220.36,6,3.04
159,2026-02-01,146.1,2.1,0,0,3,2,9212.77,4,3.29
861,2026-05-01,182.3,14.3,0,0,5,0,8682.84,2,4.51
521,2025-09-01,157,5,0,0,4,3,10426.26,4,3.19
329,2025-12-01,195.2,19.2,28035.08,117,2,1,10148.65,0,3.03
1101,2026-02-01,91.2,0,7990.43,24,1,1,4524.17,10,3.28
1083,2026-05-01,181.6,13.6,0,0,3,0,8920.12,6,2.36
932,2025-12-01,203.7,19.7,0,187,5,0,14184.67,0,3.62
906,2026-07-01,179.2,3.2,0,0,6,1,8160.05,4,3.83
991,2025-09-01,168.3,8.3,0,0,5,2,10918.7,4,3.41
1240,2026-03-01,173.1,5.1,26437.79,79,2,1,8354.3,10,4.13
947,2026-07-01,191.1,7.1,0,0,4,0,7154.65,8,3.4
903,2026-08-01,155,11,0,0,4,3,8506.72,2,
684,2026-01-01,177.4,1.4,25694.65,68,3,0,10485.35,4,4.19
607,2025-12-01,196.8,12.8,0,0,5,0,9214.94,0,4
876,2026-07-01,193.8,9.8,25647.05,78,2,0,9738.5,4,3.93
169,2026-05-01,179.4,11.4,0,115,5,0,14308.32,6,3.6
1197,2026-05-01,96,0,0,0,2,1,4239.5,4,4.29
1104,2026-01-01,185.2,9.2,0,87,3,0,10372.4,6,3.69
486,2026-06-01,155.7,11.7,0,0,4,4,10557.87,4,
668,2025-11-01,149.9,13.9,24797.19,75,1,3,8268.85,6,3.4
1278,2025-10-01,177.9,9.9,0,0,2,2,8863.25,0,2.76
562,2026-07-01,110.4,0,0,0,2,0,5408.67,6,3.44
1148,2026-04-01,180.8,4.8,,65,2,0,11012.53,6,3.43
1243,2026-01-01,176.8,0.8,0,0,4,0,12489.2,2,2.5
218,2026-08-01,153.4,9.4,0,94,3,3,15292.22,8,3.26
1283,2025-10-01,185.9,9.9,0,148,7,1,10827.96,2,4.15
1190,2025-09-01,178.2,2.2,0,0,4,0,11634.53,4,3.12
1286,2026-02-01,168.6,8.6,0,0,5,0,9273.88,4,3.6
485,2025-10-01,187.2,11.2,0,0,4,1,8665.69,8,3.05
259,2025-12-01,190.7,22.7,0,0,5,2,10497.39,4,3.27
223,2026-02-01,156.4,4.4,0,48,3,1,9561.73,6,2.46
1121,2026-02-01,160.3,0.3,0,0,3,0,8011.75,12,3.47
1351,2026-01-01,180.7,4.7,0,90,4,0,11945.02,6,4.02
666,2025-10-01,192,8,0,148,5,0,11218.37,6,
1416,2025-12-01,204,20,47377.94,128,2,0,9600.66,8,3.87
1171,2026-01-01,160,0,0,0,3,2,15219.5,2,3.59
1166,2026-08-01,182.2,14.2,0,135,6,0,12945.74,0,3.99
1180,2025-09-01,187.3,11.3,0,125,7,0,12991.23,4,4.2
266,2025-10-01,197.6,13.6,0,0,3,0,12079.09,4,2.66
818,2025-12-01,110.4,0,16849.26,62,1,0,5622.17,6,3.06
1461,2025-11-01,157.5,13.5,0,99,4,2,15009.62,2,2.66
1099,2026-07-01,101.2,5.2,0,0,3,3,5918.43,6,3.24
757,2026-03-01,184.1,8.1,0,0,3,0,10237.43,4,3.2
1392,2025-12-01,198.6,14.6,37789.31,121,3,0,7420.37,8,3.84
686,2026-02-01,161.7,1.7,0,0,4,0,7427.69,8,3.35
23,2026-02-01,164.4,4.4,0,0,3,0,6437.81,12,3.9
1280,2026-07-01,188.6,4.6,0,0,3,0,9313.38,4,3.07
723,2026-04-01,167.7,7.7,0,0,3,2,8610.23,0,3.16
1293,2026-02-01,163.9,3.9,17095.96,48,2,0,11487.2,10,3.26
1221,2025-10-01,199,15,0,107,5,0,17298.49,6,3.16
1468,2025-12-01,201.3,17.3,0,0,5,0,8275.62,0,3.61
1009,2026-03-01,184.3,8.3,0,0,5,0,9393.13,4,3.53
163,2026-03-01,170.7,10.7,0,71,3,2,14684.86,12,2.82
436,2026-05-01,182.1,14.1,0,0,4,0,8680.88,4,4.54
60,2025-11-01,172.9,12.9,27069.68,94,2,0,4859.7,6,
659,2025-12-01,105.6,0,0,88,2,1,7767.33,,2.95
724,2026-06-01,179.7,11.7,39204.64,90,3,1,9180.75,6,4.35
104,2025-09-01,180.4,4.4,24364.75,54,2,0,9973.32,4,3.04
11,2026-01-01,181.2,5.2,0,0,5,0,9455.51,6,3.16
593,2026-07-01,184.1,0.1,19348.74,65,2,0,7855.46,0,3.61
83,2026-08-01,170.4,10.4,0,0,3,1,19714.28,8,2.86
1020,2026-04-01,187.6,11.6,0,0,4,0,16702.55,6,3.56
685,2026-04-01,162.6,10.6,0,0,3,3,8368.84,4,2.22
532,2026-06-01,172.6,12.6,0,0,4,2,11838.99,0,3.38
5,2025-09-01,172.5,4.5,0,0,5,1,8133.19,4,
1356,2026-06-01,185.9,9.9,0,152,4,0,15441.71,0,4.25
995,2026-08-01,169.9,9.9,0,101,5,1,9845.61,8,3.93
1270,2026-02-01,169,9,0,88,3,0,14991.22,4,4.07
1385,2026-05-01,169.8,9.8,23784.8,67,2,1,13510.38,6,3.78
221,2026-08-01,175.8,7.8,0,0,3,0,8660.63,8,3.22
832,2026-01-01,160,0,17404.93,47,1,2,8367.17,8,3.61
389,2025-11-01,162.3,26.3,0,151,3,3,19557.04,8,3.66
295,2025-10-01,194,10,0,119,6,0,13421.47,6,3.56
11,2026-03-01,185,9,0,0,3,0,9753.06,6,2.82
408,2026-03-01,183.4,15.4,0,0,4,1,9205.73,8,3.71
1122,2025-12-01,199.2,15.2,0,0,5,0,10434.1,4,4.13
1454,2026-01-01,180.6,4.6,0,93,5,0,13351.65,2,3.27
154,2026-02-01,159.6,7.6,10727.67,39,1,1,6967.11,12,2.52
1482,2026-04-01,184.2,8.2,0,95,3,0,11582.77,2,
903,2026-03-01,188.7,12.7,0,0,7,0,8620.99,10,3.9
317,2026-02-01,154.2,2.2,0,0,3,1,10961.12,8,2.64
380,2026-05-01,178.1,10.1,22070.52,89,2,0,7230.15,2,3.65
929,2025-12-01,185.8,17.8,32425.54,98,3,2,8952.07,4,3
740,2026-03-01,188.1,12.1,0,110,3,0,11556.94,12,3.54
1311,2026-07-01,173.1,5.1,0,106,6,2,13269.21,0,
671,2026-05-01,165,13,0,101,5,2,13040.91,4,3.77
106,2025-11-01,161,17,0,110,4,2,12898.55,8,3.08
1457,2025-11-01,180.9,20.9,0,0,4,0,7724.83,4,3.8
1291,2026-03-01,170.5,10.5,17731.61,63,1,2,9060.91,10,3.09
6,2026-04-01,184.5,8.5,0,0,4,0,11896.81,,4.25
273,2025-12-01,204.2,20.2,0,221,5,0,13647.55,2,3.62
626,2026-04-01,155.5,11.5,24024.65,57,2,4,9322.82,8,3.73
425,2025-12-01,194.9,18.9,0,0,4,1,10303.5,2,2.58
1165,2026-07-01,190.3,6.3,0,0,6,0,8759.01,0,3.26
970,2026-07-01,181.5,5.5,0,93,4,1,12003.18,8,
1472,2025-11-01,170.8,10.8,0,0,5,0,7937.44,8,3.47
476,2026-07-01,177.5,1.5,0,0,4,1,7497.41,8,3.1
1077,2025-10-01,189.9,13.9,20585.54,58,1,1,12551.34,14,3.38
242,2025-10-01,172.5,12.5,0,0,5,3,7187.98,0,2.89
475,2026-06-01,179.2,11.2,0,0,4,1,8152.15,6,4.31
849,2026-08-01,156.4,12.4,0,107,3,3,10773.55,2,3.66
823,2026-08-01,171,3,0,0,4,0,9481.42,2,4.6
681,2025-11-01,172,12,0,0,4,0,10234.86,2,3.68
1493,2026-08-01,175.4,7.4,0,0,6,0,8924.62,8,4.25
959,2025-10-01,195,11,0,0,3,0,12915.97,0,2.48
926,2026-08-01,171.7,3.7,0,0,5,0,5529.9,6,3.82
1066,2026-02-01,176.9,16.9,0,87,4,0,19111.81,12,3.51
274,2026-02-01,160,0,0,0,3,0,9556.67,4,3.5
1156,2026-02-01,160.6,8.6,17873.38,56,2,1,9743.58,10,3.57
758,2025-11-01,158.8,22.8,23209.29,77,2,3,8041.92,2,3.5
187,2026-01-01,105.6,0,0,0,4,0,5723.83,0,3.66
682,2025-09-01,172.1,12.1,0,0,7,2,8737.9,0,4.2
426,2026-04-01,178,10,22986.41,73,2,1,8516.83,0,
902,2026-07-01,189.6,5.6,0,85,5,0,14294.2,,3.21
584,2025-12-01,199.5,15.5,0,0,7,0,12648.81,4,3.77
1388,2026-05-01,100.8,0,0,0,3,0,5713.67,6,
305,2025-12-01,202.7,18.7,0,0,7,0,10914.2,4,3.68
506,2026-05-01,171.8,11.8,0,0,4,1,9120.74,2,3.7
1344,2025-10-01,187.3,11.3,0,0,4,1,9966.64,6,3.69
522,2026-02-01,163.9,3.9,17252.32,52,3,0,8330.3,6,3.67
637,2026-05-01,165.4,5.4,0,0,2,1,7135.21,8,3.23
948,2026-08-01,172.5,4.5,13753.97,56,2,0,8460.63,4,
101,2026-04-01,182.9,6.9,0,0,4,0,7110.66,4,3.35
1185,2025-10-01,184.7,8.7,32400.38,84,2,1,9379.74,8,4.06
1322,2025-12-01,197.6,21.6,0,187,6,1,15059.68,6,3.53
1033,2026-03-01,185.3,9.3,0,0,4,0,10029.2,4,3.24
384,2026-05-01,177.4,9.4,0,104,3,0,9619.48,6,3.71
982,2026-08-01,176.6,8.6,20761.22,50,1,0,9120.96,4,2.99
945,2026-01-01,179.2,3.2,0,86,7,0,11043.75,2,4.05
192,2026-03-01,172.1,4.1,19172.7,70,2,1,8653.51,8,3.1
685,2026-02-01,164.3,4.3,0,0,2,0,7950.92,8,2.2
1434,2026-02-01,167.6,7.6,0,0,4,0,9556.75,8,3.26
220,2026-04-01,175.2,7.2,35359.18,107,2,1,8024.5,4,4.8
1440,2026-06-01,158.2,6.2,0,0,2,3,7455.65,6,3.21
790,2026-04-01,175.9,7.9,24826.14,84,2,1,7559.75,4,3.87
708,2026-05-01,167.2,7.2,0,0,6,1,6512.48,0,4.34
690,2026-02-01,163.8,11.8,0,0,3,1,8246.76,6,3.61
583,2025-10-01,185.6,9.6,32143.07,115,2,1,8181.38,2,4.48
708,2026-04-01,162.6,10.6,0,0,4,3,6692.86,0,4.15
999,2025-10-01,202.1,18.1,0,139,5,0,11806.16,8,3.57
700,2026-04-01,164.4,4.4,0,0,5,2,10163.29,4,3.75
354,2026-01-01,184.3,8.3,0,83,6,0,10657.18,6,3.65
821,2025-12-01,202,18,0,0,8,0,10951.3,2,4.59
370,2025-10-01,170,10,25491.5,63,2,3,10483.1,6,2.88
518,2025-12-01,203.5,19.5,48408.31,148,3,0,6525.52,6,3.94
784,2025-12-01,194.5,18.5,39951.08,132,3,1,10547.21,4,3.62
1358,2026-01-01,183.1,7.1,0,65,4,0,14665.42,0,2.8
197,2025-12-01,110.4,0,20852.43,51,1,0,5551,2,3.23
881,2025-09-01,105.6,0,0,75,3,0,8041.83,2,4.22
671,2025-12-01,203.1,19.1,0,206,6,0,13659.71,2,3.89
439,2026-07-01,110.4,0,0,0,4,0,4961.33,0,4.12
354,2025-10-01,194.9,10.9,0,139,5,0,10880.89,6,3.25
212,2026-01-01,171,3,21226.12,61,3,1,8229.75,8,
1445,2026-02-01,171.6,11.6,20206.43,63,2,0,11657.11,10,3.54
1423,2026-04-01,181.3,5.3,0,150,7,0,10547.9,8,4.45
1402,2026-08-01,164.6,4.6,17018.21,60,2,1,8161.1,8,2.95
571,2026-02-01,164.6,4.6,0,84,3,0,10000.52,12,3.28
860,2026-02-01,96,0,0,54,3,0,7431.83,8,4.1
558,2026-08-01,144,0,0,0,3,3,9424.5,6,2.77
351,2026-07-01,177.3,9.3,0,134,6,2,11457.24,4,4.36
1277,2026-04-01,177.4,9.4,0,0,4,1,8893.89,4,3.72
992,2025-12-01,110.4,0,22213.94,81,1,0,5134.17,8,4.22
917,2026-06-01,189.6,13.6,0,0,4,0,10317.79,4,3.02
1370,2026-06-01,191.6,15.6,0,128,3,0,10616.03,2,3.77
769,2025-10-01,187.1,11.1,28957.52,80,2,1,9081.75,4,3.67
893,2025-11-01,173.4,13.4,0,141,3,0,10629.53,8,3.48
374,2026-03-01,173.9,5.9,0,0,3,1,9093.58,10,3.91
1220,2026-07-01,185,9,0,106,6,1,13950.16,4,3.88
806,2025-11-01,175.3,15.3,0,0,3,0,10154.27,6,3.71
996,2026-08-01,169.2,9.2,0,0,4,1,10580.95,6,3.01
491,2026-02-01,144,0,0,0,3,2,8733.17,4,3.1
367,2025-12-01,198.1,14.1,46577.19,114,2,0,8886.21,6,3.53
1409,2026-03-01,177,1,0,0,4,0,7844.81,4,3.58
58,2026-04-01,174.2,14.2,0,0,4,2,5822.16,6,4.51
231,2025-10-01,187.5,11.5,26011.39,78,2,1,9356.36,4,
1308,2026-07-01,110.4,0,0,0,2,0,6018.67,0,2.99
413,2026-04-01,191,15,26648.37,88,3,0,9568.15,2,3.43
474,2026-01-01,172.9,4.9,0,82,3,1,10343.43,4,3.42
723,2026-05-01,178.6,10.6,0,0,3,0,8812.81,4,
304,2026-03-01,157.1,5.1,0,0,5,3,8481.68,6,3.66
112,2026-08-01,165.6,5.6,0,0,5,1,9284.3,4,3.4
445,2026-01-01,105.6,0,0,0,3,0,5784.83,2,3.13
1245,2026-03-01,180.4,4.4,14684.4,32,1,0,8379.7,12,1.76
594,2025-12-01,206.1,22.1,0,0,3,0,11457.05,2,2.51
1098,2025-10-01,110.4,0,0,0,1,0,4107.33,8,3.66
495,2026-02-01,149,5,0,0,2,2,10659.6,6,2.83
988,2026-05-01,159.1,7.1,13128.6,45,1,2,9917.23,4,2.31
2,2025-12-01,192.7,16.7,0,0,5,1,5119.82,0,3.26
138,2026-04-01,177,9,0,117,4,1,13150.19,0,3.48
1247,2025-11-01,165.5,13.5,34900.47,87,2,1,9231.13,4,3.97
172,2025-12-01,203.7,19.7,55175.13,165,4,0,9341.41,4,4.35
1233,2025-11-01,177.3,17.3,30611.34,103,3,0,9502.94,4,3.64
291,2026-02-01,167.6,7.6,0,0,5,0,7649.74,6,3.5
445,2026-03-01,105.6,0,0,0,2,0,5784.83,8,2.99
145,2026-03-01,180.5,12.5,0,112,5,1,11672.02,4,3.17
1196,2026-03-01,178.1,2.1,19396.3,63,1,0,9098.9,10,3.1
1028,2026-06-01,188.2,12.2,0,43,1,0,15623.64,14,3.33
54,2026-08-01,187.9,19.9,0,121,6,0,11917.48,6,3.69
1130,2025-11-01,150.1,14.1,0,0,3,3,11760.82,6,3.15
638,2026-03-01,188.4,12.4,0,125,7,0,7649.65,6,4.03
349,2026-08-01,175.5,7.5,0,0,5,0,9429.9,2,3.72
522,2025-11-01,158.4,14.4,30588.61,72,2,2,9062.53,4,3.6
212,2025-12-01,201.1,17.1,43362.76,158,2,0,9208.53,2,4.52
107,2026-03-01,174.3,6.3,22870.63,69,2,1,7461.78,12,3.98
158,2026-04-01,181.7,13.7,0,111,4,1,13430.34,0,3.58
1211,2025-11-01,172.6,12.6,0,0,3,0,10531.06,0,3.49
566,2025-09-01,187,11,0,121,7,0,17147.06,8,4.19
803,2026-07-01,188.2,4.2,25148.73,76,3,0,8829.32,0,3.5
604,2026-06-01,180.4,12.4,0,150,6,1,13689.28,0,3.68
1059,2026-06-01,186.5,10.5,0,0,4,0,9038.73,2,4.01
260,2026-07-01,172.8,4.8,0,0,5,2,10271.31,4,3.45
669,2025-12-01,191.1,15.1,41878.19,123,3,1,11219.29,6,3.6
72,2025-09-01,174.3,6.3,0,0,5,1,15459.6,6,3.36
282,2026-05-01,100.8,0,0,74,2,0,9414.33,8,4.51
44,2026-01-01,176,0,0,0,4,0,10878.33,4,2.57
193,2026-03-01,190.5,14.5,0,121,4,0,12998.55,6,4.03
24,2026-01-01,168,0,0,0,4,1,5896.67,0,4.42
769,2026-03-01,183.3,7.3,28649.33,94,3,0,8809.27,4,4.12
524,2026-05-01,171.1,11.1,0,107,4,1,11945.57,0,3.02
27,2026-07-01,185,1,0,0,5,0,7280.8,8,4.13
241,2025-12-01,203.6,19.6,0,0,5,0,12188.37,4,4.04
1435,2026-07-01,190.7,6.7,0,0,5,0,7389.47,8,3.25
217,2025-11-01,175.6,15.6,0,138,5,0,18151.11,0,3.23
538,2026-01-01,176,0,0,0,5,0,9028,6,2.98
725,2026-01-01,180,4,0,0,3,0,9887.47,2,3.05
965,2026-03-01,105.6,0,18827.3,58,1,0,6242.33,8,4.45
179,2025-10-01,178.7,10.7,0,0,6,2,8997.53,6,3.56
180,2025-10-01,198.2,14.2,0,92,4,0,9977.58,8,2.58
354,2026-06-01,173.6,13.6,0,117,3,2,11113.21,6,3.6
155,2026-03-01,158.4,6.4,0,0,4,3,7521.55,10,3.08
1015,2025-10-01,175.2,15.2,0,92,4,3,10560.65,6,2.65
1481,2026-05-01,182.1,14.1,0,109,6,0,13859.74,4,3.57
1441,2026-08-01,158.7,6.7,20553.56,58,2,2,7034.51,2,3.21
174,2025-09-01,182.9,6.9,22508.78,67,2,0,8640.53,6,
948,2026-06-01,181.9,5.9,22344.36,68,2,0,8559.29,,2.68
127,2026-07-01,180.4,4.4,0,0,4,1,7071.03,0,2.97
1360,2025-11-01,181.4,21.4,0,169,6,0,12037.41,6,3.67
608,2026-07-01,186.5,2.5,25829.11,91,3,0,12287.37,8,4.37
518,2026-06-01,186.5,10.5,27838.66,99,3,0,6090.67,6,3.75
954,2026-03-01,165.4,5.4,0,0,2,2,9343.47,10,3.38
653,2025-12-01,202.7,18.7,21368.83,63,2,0,11469.36,10,3.19
1069,2025-09-01,185.4,9.4,0,0,4,0,7167.88,0,3.08
1416,2026-01-01,172.7,4.7,20144.97,59,2,1,8517.04,4,3.68
743,2026-03-01,178,10,0,152,5,1,10704.03,4,4.35
1351,2026-02-01,149.5,5.5,0,97,3,2,12024.48,4,3.93
716,2026-05-01,173.1,5.1,0,0,5,0,8407.37,6,3.43
838,2025-10-01,110.4,0,0,75,2,0,8113,2,3.21
248,2025-11-01,172.8,12.8,27892.66,92,2,0,10355.52,0,3.21
1196,2025-12-01,204.9,20.9,27943.08,97,2,0,10552.8,6,
622,2025-12-01,199.6,15.6,52202.72,145,3,0,9404.42,6,4.25
890,2026-06-01,182.6,6.6,0,0,5,0,9758.58,8,3.84
1020,2025-11-01,174.5,14.5,0,0,5,0,17083.49,4,3.23
394,2026-05-01,162,2,0,0,4,1,7984.51,4,4.16
1297,2026-07-01,169.9,1.9,0,0,5,2,10034.15,4,4.5
236,2026-04-01,156.7,4.7,0,0,4,3,9448.1,4,4.04
1053,2026-03-01,177.2,9.2,0,0,6,1,12040.77,8,4.35
135,2026-04-01,164.3,4.3,26574.76,68,2,2,9131.96,6,4.09
1432,2026-03-01,172.2,12.2,0,85,3,2,14274.84,4,2.54
610,2026-02-01,157.8,5.8,0,0,4,1,8317.35,4,2.98
1196,2026-05-01,163.6,3.6,18254.29,52,1,1,9214.91,4,3.03
136,2025-12-01,204.3,20.3,0,0,5,0,11880.96,6,3.04
702,2026-08-01,180.3,12.3,0,100,5,0,14263.52,2,3.15
333,2026-06-01,172.7,12.7,0,102,4,2,17841.39,8,3.53
1252,2025-10-01,34.7,2.7,0,4,0,1,2526.02,6.9,3.49
36,2026-07-01,195.8,11.8,0,109,3,0,12101.23,0,3.18
767,2025-11-01,167.8,15.8,0,0,3,1,7199.86,2,
630,2026-06-01,182.8,6.8,0,0,3,0,8461.24,2,3.32
1429,2025-12-01,189.2,21.2,0,170,4,2,11851.38,8,3.94
591,2026-01-01,160,0,0,0,4,2,7757.17,2,3.51
416,2026-05-01,91.2,0,0,0,2,2,4229.33,0,3.84
206,2026-06-01,105.6,0,0,0,3,0,4148,8,4.06
1231,2026-03-01,167.1,7.1,0,0,4,2,7089.9,10,4.64
120,2025-11-01,172.6,12.6,30703.77,81,2,0,8907.43,0,3.59
621,2026-07-01,116.9,4.9,0,51,3,1,7760.63,,
1031,2026-08-01,178.7,10.7,28287.57,78,2,0,8364.37,,3.94
849,2026-07-01,191,7,0,113,6,0,10318.88,8,3.58
1205,2026-04-01,174,6,30869.97,80,3,1,7336.46,4,4.13
1418,2026-07-01,110.4,0,0,56,2,0,8346.83,4,
1177,2026-04-01,190.1,14.1,,53,1,0,8247.4,2,2.5
519,2026-05-01,179.1,11.1,0,89,4,0,12246.44,8,3.13
787,2026-06-01,182.8,6.8,28928.29,82,3,0,12261.26,0,3.53
1040,2026-03-01,181.6,5.6,0,0,4,0,10243.64,6,3.14
218,2026-06-01,168.6,8.6,0,121,5,2,15194.31,8,3.55
648,2025-12-01,110.4,0,0,0,3,0,4361.5,2,3.77
1314,2025-11-01,158,14,0,0,4,2,8446.21,6,3.32
943,2026-07-01,191.7,15.7,0,82,3,1,9388.5,8,2.9
272,2026-02-01,171.6,11.6,0,0,4,0,11455.74,8,4.04
1105,2026-01-01,105.6,0,0,53,3,0,6577.83,4,3.36
1114,2026-05-01,177.9,9.9,24851.08,74,2,0,10717.58,4,3.1
561,2026-05-01,179.2,11.2,0,0,3,0,8865.88,6,3.65
1250,2026-07-01,176.7,8.7,0,88,4,2,11598.96,2,3.29
1227,2026-08-01,177.5,9.5,0,0,4,0,7723.74,8,2.51
894,2026-01-01,169.7,9.7,0,77,4,2,9422.17,0,3.15
718,2026-03-01,105.6,0,18575.1,46,2,0,6171.17,12,4.03
1137,2026-02-01,152,0,18551.98,60,2,1,7106.5,4,4.1
268,2026-03-01,177.8,9.8,28344.49,72,2,1,11447.98,12,3.92
335,2025-12-01,205.6,21.6,0,153,3,0,10281.13,6,2.97
998,2025-09-01,169.8,9.8,0,113,4,2,9264.26,8,4.48
314,2025-11-01,91.2,0,10706.57,32,1,1,5571.33,4,2.64
911,2026-03-01,164.8,4.8,0,0,4,2,8026.44,8,3.93
814,2026-01-01,168,0,17593.49,51,2,1,5650,8,4.07
575,2025-10-01,194.3,10.3,0,0,4,0,10895.7,8,3.85
407,2026-03-01,183.2,7.2,25575.35,69,2,0,9147.71,12,3.49
696,2026-03-01,184.5,8.5,0,0,7,0,11558.46,8,4.8
419,2026-06-01,173.9,13.9,0,0,4,2,8348.58,8,
1316,2026-02-01,161,1,0,0,3,0,6018.3,12,3.54
559,2026-07-01,193.7,9.7,0,127,4,0,12518.81,0,3.63
42,2026-02-01,166.7,6.7,0,56,3,0,10648.58,10,2.7
1428,2025-12-01,202.3,18.3,0,148,5,0,14002.51,6,2.94
1321,2025-11-01,171.7,11.7,0,0,4,0,11296.81,8,3.89
1005,2026-08-01,155.4,3.4,0,0,3,2,8362.18,,3.68
479,2026-02-01,162.2,2.2,20381.46,66,2,0,6951.71,6,
1325,2025-11-01,163.8,11.8,27237.43,78,1,1,8952.67,4,3.36
933,2025-11-01,174.8,14.8,25344.54,73,2,0,11182.06,8,3.33
1,2026-04-01,183.4,7.4,0,0,3,0,4867.98,4,3.61
85,2026-07-01,189.9,5.9,24254.44,65,2,0,14511.25,2,3.74
447,2025-11-01,175,15,0,0,4,0,10245.85,8,3.16
1158,2025-10-01,197.6,13.6,0,154,6,0,14510.81,2,3.57
228,2026-03-01,181.3,13.3,0,81,3,1,10996.71,12,2.97
577,2025-10-01,186.2,10.2,0,0,2,1,9050.41,2,2.35
1373,2026-03-01,178.1,10.1,0,0,5,1,11486.43,12,3.9
630,2025-09-01,159.7,7.7,0,0,3,3,8523.48,0,2.9
1335,2026-06-01,170,10,0,0,7,2,10648.8,0,4.07
1431,2025-09-01,171.8,11.8,0,0,5,2,8650.14,0,4.45
1312,2026-01-01,105.6,0,13530.54,38,2,0,3954.83,8,4.69
359,2025-11-01,146.1,10.1,0,0,5,3,10801,2,3.7
1151,2026-08-01,160.5,0.5,0,0,3,1,9383.59,6,3.84
198,2026-02-01,161.2,1.2,0,0,5,0,7005.67,6,4.15
465,2025-12-01,105.6,0,19280.87,63,1,1,5256.17,0,3.05
1403,2026-07-01,182.3,6.3,16291.55,54,2,1,8222.97,6,2.98
1333,2026-07-01,183,7,23864.46,86,3,1,7138.04,4,4.23
1453,2026-01-01,160,0,14961,42,2,2,7238.67,2,2.98
1092,2025-11-01,162.3,10.3,0,0,5,1,9345.5,0,3.56
521,2025-12-01,207.4,23.4,0,0,4,0,12017.58,0,3.67
411,2026-06-01,175.8,7.8,0,0,3,1,9170.71,0,3.56
916,2026-02-01,163.6,3.6,0,0,4,0,6677.92,6,2.82
345,2026-01-01,179.5,3.5,0,0,4,0,9772.8,8,3.21
490,2026-04-01,179,3,0,0,5,0,9324.96,6,3.32
541,2026-08-01,176,8,0,0,4,0,8272.46,0,2.96
231,2026-04-01,180.7,4.7,28195.61,75,2,0,8855.61,2,3.36
437,2025-10-01,190,6,0,0,6,0,9646.49,4,3.45
94,2025-09-01,188.5,12.5,25060.29,70,2,0,9441.27,,3.25
987,2026-04-01,164.3,12.3,22384.13,57,1,3,7581.71,4,3.35
452,2026-07-01,176.8,0.8,0,0,4,1,10820.56,2,
179,2026-02-01,164.1,4.1,0,0,4,0,8527.18,8,3.91
1325,2026-07-01,188.1,12.1,22738.38,70,2,1,8973.76,6,3.57
1396,2026-06-01,170.9,10.9,0,0,4,2,11715.32,6,3.11
388,2026-04-01,178.5,2.5,0,0,5,0,10750.15,4,4.31
1225,2026-06-01,170.9,10.9,0,0,4,2,8700.26,6,3.36
649,2025-12-01,204.7,20.7,0,0,7,0,10657.22,0,3.53
911,2025-10-01,184.2,8.2,0,0,4,1,8253.19,8,3.95
546,2026-04-01,182.7,6.7,25422.32,77,3,0,8346.76,6,4.23
1247,2026-01-01,175.5,7.5,24033.85,57,3,1,8801.96,2,4.15
578,2026-02-01,152.9,8.9,0,81,5,2,13327.53,4,3.95
1289,2025-11-01,168,16,0,125,3,1,11185.38,2,2.93
436,2025-11-01,169,17,0,0,3,1,8875.04,6,4.15
1194,2026-01-01,165.9,5.9,0,70,3,2,10984.95,4,3.21
1145,2026-03-01,181.6,5.6,24484.81,79,2,0,12279.58,10,4.22
156,2026-04-01,181.1,5.1,0,0,4,0,15317.98,2,3.45
101,2025-10-01,188.3,4.3,0,0,6,0,6959.69,0,3.72
1077,2026-07-01,186.8,2.8,20468.43,60,2,0,11475.14,2,3.25
1096,2025-11-01,153.8,17.8,0,124,4,3,14055.8,2,3.54
593,2026-03-01,181.8,5.8,22311.61,66,2,0,8242.61,6,3.34
1089,2025-10-01,197.3,13.3,0,160,4,0,10928.69,8,3.97
745,2025-12-01,202.4,18.4,0,0,5,0,12315.86,2,3.65
681,2025-12-01,203.1,19.1,0,0,6,0,10804.55,0,3.43
1219,2026-01-01,170,10,0,51,3,2,16967.38,0,2.44
718,2026-06-01,105.6,0,19182.4,58,2,0,6171.17,6,3.92
325,2026-05-01,177.4,9.4,25677.64,68,3,0,9894.32,6,3.64
768,2026-05-01,163.8,3.8,0,0,3,1,8495.3,6,3.24
407,2026-05-01,153,9,20520.24,55,1,3,9281.84,2,3.38
1207,2026-05-01,172.2,4.2,26939.36,70,2,0,7217.29,0,3.63
256,2026-02-01,96,0,0,0,3,0,6791.33,6,3.82
368,2026-03-01,184.3,8.3,0,108,6,0,12466.06,6,3.67
494,2026-06-01,178.3,10.3,21926.82,67,2,1,9434.08,8,2.91
1291,2025-11-01,168.9,8.9,25558.41,84,2,0,8945.9,8,
1206,2025-11-01,179.1,19.1,0,0,3,0,13292.45,4,3.93
1000,2025-09-01,179.8,3.8,0,0,8,0,8047.89,6,4.78
1242,2026-07-01,194.2,10.2,0,115,6,0,12546.66,6,3.39
277,2026-07-01,186.9,10.9,0,0,4,1,11081.15,0,3.86
1477,2026-08-01,169.2,1.2,0,0,3,0,9614.82,0,3.53
319,2026-07-01,184.8,0.8,0,0,3,0,8762.92,2,
57,2026-07-01,182.9,6.9,0,0,5,1,10342.78,8,3.89
208,2025-09-01,183.7,7.7,0,0,6,0,6929.39,4,3.33
1297,2026-02-01,160,0,0,0,4,0,9871.83,12,4.27
1079,2026-08-01,162.6,10.6,17791.73,60,1,2,6315.48,6,3.07
1368,2026-05-01,174.7,6.7,0,0,5,0,6453.68,6,3.04
618,2025-09-01,185.7,9.7,0,0,3,0,14678.75,2,2.94
1178,2026-04-01,171.9,3.9,0,0,4,1,6148.23,,3.09
1319,2026-03-01,100.8,0,0,0,2,1,4961.33,8,2.51
1203,2026-06-01,105.6,0,0,0,2,0,4890.17,2,3.34
273,2026-04-01,185.3,9.3,0,113,6,0,12551.77,4,3.64
112,2025-09-01,176.5,8.5,0,0,5,1,9506.53,8,3.26
1420,2026-05-01,172.3,4.3,0,0,5,0,11230.41,8,3.75
228,2026-05-01,163.3,11.3,0,103,3,2,10826.02,2,3.41
679,2026-05-01,174.8,14.8,0,108,4,1,16400.36,,3.39
224,2025-09-01,179.2,11.2,0,122,3,1,12980.99,8,3.51
657,2026-03-01,184.2,8.2,0,0,5,0,8209.63,12,3.49
1398,2026-01-01,163.5,3.5,13245.34,42,2,2,8274.93,0,3.19
672,2026-07-01,163.4,3.4,21283.22,60,2,3,9393.49,2,3.08
34,2025-09-01,158,6,0,0,3,3,7700.08,0,3.87
1452,2026-08-01,169,9,0,120,5,1,8843.5,2,3.83
967,2026-07-01,189.3,13.3,0,151,6,1,14205.02,4,4.48
130,2026-03-01,105.6,0,13251.77,44,1,0,6130.5,8,3.8
65,2026-04-01,175.9,7.9,,87,2,1,21451.89,4,3.87
775,2025-10-01,189.9,5.9,0,0,5,0,10792.61,6,3.7
67,2026-05-01,178.3,10.3,0,0,3,0,14804.43,6,3.63
1125,2026-07-01,183.9,7.9,17623.29,49,2,1,8852.3,2,2.72
1459,2026-01-01,168.3,0.3,0,0,4,1,7756.92,0,2.94
755,2025-12-01,195.7,11.7,34556.84,137,2,0,10613.85,8,3.72
483,2025-12-01,110.4,0,0,0,3,0,5581.5,6,3.49
1085,2025-09-01,91.2,0,12673.99,36,1,3,5174.83,0,3.14
542,2026-02-01,166.4,6.4,0,0,2,0,10525.88,10,2.99
285,2025-11-01,172.9,12.9,0,133,5,0,13084.56,8,3.2
1092,2025-09-01,181.1,5.1,0,0,5,0,8959.37,6,3.52
1364,2025-11-01,172.8,12.8,0,0,5,0,8209.88,0,3.21
792,2025-12-01,202.1,18.1,45811.19,122,2,0,13076.14,4,3.31
1275,2025-10-01,186,10,0,0,3,1,6627.88,6,3.1
520,2025-09-01,152.3,0.3,0,0,2,3,10142.1,12,3.6
1065,2026-06-01,158.5,6.5,22000.33,75,2,3,8354.59,2,3.24
110,2025-09-01,169.8,1.8,28395.69,79,2,1,7330.77,6,4.21
1010,2026-03-01,100.8,0,0,0,3,1,6354.17,10,3.93
1368,2026-07-01,191.6,7.6,0,0,3,0,6501.19,6,3.24
1347,2025-10-01,192.8,8.8,0,0,4,0,14485.75,6,3.13
164,2026-03-01,181,5,0,0,3,0,9004.98,8,3.38
463,2026-05-01,169.7,9.7,0,122,6,1,14359.16,6,4.49
885,2025-11-01,173.6,13.6,0,0,3,0,10238.25,6,3.01
10,2025-12-01,189.8,13.8,0,0,4,1,12405.07,2,2.56
1386,2026-04-01,176.6,8.6,20111.58,64,2,1,7842.93,6,3.05
1469,2025-09-01,176.8,8.8,0,0,7,1,12089.69,2,4.45
482,2026-05-01,174,14,0,126,5,1,14795.12,8,3.58
649,2025-11-01,159.9,15.9,0,0,3,2,10281.78,4,3.63
894,2025-10-01,173.7,13.7,0,98,2,3,9723.06,8,3.17
1256,2026-05-01,166.3,6.3,0,0,6,1,9198.57,0,3.8
157,2025-12-01,100.8,0,16178.37,38,1,2,3975.17,8,2.82
1477,2026-03-01,183.8,7.8,0,0,5,0,10158.33,6,3.14
1074,2026-04-01,184.1,16.1,0,129,5,1,11895.9,4,3.78
1324,2025-10-01,183.4,15.4,0,91,4,2,13238.28,0,2.71
371,2026-03-01,180.8,4.8,23894.77,70,2,0,6153.76,8,3.8
1013,2026-01-01,157.4,5.4,16582.39,51,2,3,8321.86,0,3.3
1427,2025-11-01,164.4,12.4,0,0,4,1,14623.66,2,2.64
976,2026-07-01,197.2,13.2,0,118,5,0,17377.17,6,
969,2026-07-01,194.8,10.8,19712.88,75,2,0,10672.18,4,3.46
73,2026-03-01,173.2,5.2,0,0,3,1,14098.27,4,3.01
946,2026-06-01,177.5,9.5,0,0,4,1,9424.26,2,3.6
773,2026-08-01,174.4,6.4,0,0,6,0,11588.12,6,
1464,2026-06-01,163.9,11.9,0,99,3,3,9699.8,4,3.19
1048,2025-10-01,192.3,16.3,0,137,4,1,13143.65,6,4.05
490,2026-05-01,169.1,9.1,0,0,4,1,9804.76,0,3.46
1339,2026-02-01,143.2,7.2,0,0,3,3,9763.32,12,4.77
1200,2026-03-01,191.4,15.4,0,0,7,0,12247.43,8,4.21
1222,2026-08-01,176.4,8.4,0,108,4,0,13261.34,2,3.25
239,2025-12-01,196.8,20.8,0,225,5,1,19842.49,8,4.31
350,2026-08-01,161.8,1.8,0,0,5,1,7578.57,8,3.7
219,2026-06-01,175.3,15.3,0,0,4,2,8692.14,4,3.48
720,2026-01-01,180.8,12.8,0,116,6,1,14183.78,4,4.36
1330,2026-01-01,176,0,21346.82,64,2,0,7431.83,6,4.14
995,2026-02-01,163.2,11.2,0,87,5,1,9947.63,4,3.66
554,2026-03-01,185.6,9.6,21020.24,72,2,0,10449.71,12,3.43
376,2026-06-01,170.8,2.8,0,0,5,1,9288.41,0,3.58
514,2025-12-01,210.7,26.7,0,143,3,0,16470.73,12,3.7
541,2026-02-01,163.6,3.6,0,0,3,0,7977.87,12,2.99
699,2025-10-01,182.3,14.3,31276.83,117,3,2,12270.23,2,4.71
657,2025-09-01,171.1,3.1,0,0,4,1,7871.31,0,3.69
715,2026-05-01,157.8,5.8,0,0,5,2,11990.22,2,4.49
479,2026-01-01,177.3,1.3,19745.4,58,3,0,6898.58,6,3.5
912,2025-10-01,195.1,11.1,0,0,5,0,8446.59,8,3.99
1125,2026-05-01,159.3,7.3,18032.6,52,2,2,8809.27,4,3.04
202,2026-04-01,158.6,6.6,0,0,2,3,8286.2,4,2.99
1232,2026-02-01,162.4,2.4,0,0,2,0,8800.39,10,2.64
715,2025-10-01,192.4,8.4,0,0,4,0,12247.11,4,4.65
566,2026-03-01,167,15,0,132,5,3,17689.02,4,4.3
1248,2026-06-01,178.3,18.3,0,132,4,2,10233.97,2,3.67
1311,2026-06-01,169,17,0,110,4,3,14577.92,8,3.82
1384,2026-07-01,188,4,25102.38,75,2,0,9876.96,2,3.48
912,2025-12-01,192.3,16.3,0,0,5,1,8793.37,2,3.57
997,2025-09-01,182.4,6.4,0,0,5,0,8347.74,2,4.46
312,2026-01-01,170.2,2.2,0,0,3,1,11883.18,4,4.01
1418,2026-02-01,91.2,0,0,36,2,1,8346.83,6,3
1188,2026-04-01,164.6,12.6,0,103,4,3,9538.84,6,3.18
1485,2026-08-01,86.4,0,18166.67,45,2,3,5073.17,0,
375,2025-11-01,145.2,17.2,20022.15,59,2,4,7171.48,4,3.27
258,2026-08-01,180.6,12.6,0,87,5,0,12639.53,8,3.41
553,2026-01-01,160,0,0,0,3,2,7381,8,3.56
1466,2026-01-01,177.7,1.7,0,0,3,0,7510.22,6,3.56
1013,2025-09-01,181.2,5.2,21024.86,68,2,0,8308.1,6,3.28
610,2026-03-01,182,6,0,0,6,0,8331.06,6,3.26
70,2026-08-01,144.5,8.5,21096.89,51,2,4,15094.76,2,3.22
91,2026-08-01,142.2,6.2,13218.93,38,1,4,8741.11,2,2.76
1188,2026-02-01,173.1,13.1,0,98,5,0,9576.06,6,3.57
212,2025-09-01,184.7,8.7,30881.68,100,3,0,8625.43,0,4.49
588,2026-01-01,147.8,3.8,0,0,4,4,10879.03,4,3.15
82,2025-11-01,146.9,10.9,0,0,4,3,17300.4,2,3.5
1305,2025-10-01,196.3,12.3,17380.03,42,1,0,9460.27,12,3.9
779,2025-10-01,187,11,0,140,4,1,12025.21,8,3.4
142,2026-05-01,177.2,9.2,21245.19,67,3,0,6475.89,8,3.67
1089,2026-02-01,166.9,6.9,0,89,4,0,10385.88,10,4.05
1104,2026-07-01,194.3,10.3,0,107,4,0,10463.86,8,3.79
148,2026-02-01,172.2,12.2,0,78,3,0,10127.27,4,2.75
193,2025-09-01,164.5,12.5,0,103,6,3,12798.66,0,3.88
173,2026-05-01,174.1,6.1,19671.36,70,2,0,8776.75,6,3.39
207,2025-12-01,201.8,17.8,29813.37,105,2,0,10794.11,2,2.77
476,2026-04-01,183.8,7.8,0,0,4,0,7900.92,6,2.7
399,2026-01-01,170.2,2.2,17045.42,54,3,1,7977.37,0,3.64
1038,2026-03-01,185.6,9.6,24492.05,97,2,0,6146.46,4,3.85
1116,2026-04-01,178.3,2.3,0,0,5,0,6999.09,2,
1381,2026-04-01,174,6,0,0,3,1,7956.75,4,2.56
482,2025-11-01,163.2,19.2,0,118,2,2,15388.95,8,2.98
746,2026-05-01,179.5,11.5,0,135,5,0,10527.9,6,4.38
597,2026-03-01,172.5,4.5,31911.44,96,2,1,6126.3,6,4.65
1410,2026-04-01,184.1,8.1,24611.44,91,3,0,7136.83,2,3.66
1465,2025-10-01,198.8,14.8,19844.37,47,2,0,10597.15,2,2.05
734,2025-10-01,174.3,6.3,0,0,6,2,7901.34,6,3.52
1300,2026-04-01,185.8,17.8,0,131,4,1,11286.88,0,3.82
416,2026-07-01,110.4,0,0,0,2,0,4229.33,4,4.09
920,2026-05-01,175.2,7.2,0,0,6,0,10616.53,4,3.88
1299,2026-07-01,190.3,6.3,0,111,4,0,10914.27,6,4.24
42,2026-03-01,182.1,14.1,0,76,3,1,11293.12,8,2.73
164,2025-10-01,177.4,9.4,0,0,3,2,9333.64,6,3.45
1216,2025-09-01,188.6,12.6,0,0,3,0,7261.24,4,3.57
1252,2026-08-01,154.4,10.4,0,80,5,3,11436.28,0,3.29
941,2026-02-01,144.2,0.2,0,0,5,2,6222.58,4,4.08
1021,2025-09-01,180.5,4.5,22826.91,75,2,0,9390.13,8,
437,2026-08-01,179,11,0,0,5,0,10043.28,4,
176,2026-02-01,163.4,3.4,0,0,4,0,8519.16,12,2.8
825,2026-01-01,182.3,6.3,0,72,5,0,16478.09,8,3.39
140,2026-05-01,158.1,6.1,0,0,3,2,8551.98,2,2.9
525,2026-07-01,188.6,12.6,0,86,6,1,10914.42,2,
1342,2025-11-01,160.2,8.2,23717.31,83,1,1,9831.96,2,3.07
133,2025-09-01,175.7,15.7,0,98,5,2,15289.51,8,3.08
1205,2026-02-01,158.9,6.9,17626.82,56,2,1,7390.78,4,4.03
1334,2026-04-01,185.7,9.7,0,134,7,0,13444.5,6,4.22
1492,2026-02-01,158.5,6.5,0,0,4,1,12843.3,12,3.91
1146,2026-06-01,181.9,5.9,0,0,3,0,9563.75,8,2.93
368,2025-09-01,187,11,0,115,3,0,12737.82,0,3.31
714,2026-04-01,181.7,5.7,33034.39,93,3,0,11905.66,0,4.64
1351,2025-11-01,174.8,14.8,0,167,5,0,12948.25,4,4.19
951,2026-02-01,169,9,17391.29,58,2,0,7692.86,8,3.37
458,2026-03-01,181.9,13.9,0,110,5,1,8822.27,10,3.93
793,2026-02-01,158.4,6.4,0,68,4,1,12607.45,6,2.97
379,2025-09-01,158.4,6.4,17680.83,54,2,3,7607.39,4,2.98
1381,2026-01-01,168,0,0,0,3,1,7564,2,2.62
588,2026-03-01,185.2,9.2,0,0,4,0,11371.23,6,3.21
369,2026-04-01,187.8,11.8,0,115,5,0,11160.02,0,3.53
290,2026-05-01,100.8,0,0,0,2,0,6069.5,0,4.23
160,2026-08-01,176.4,16.4,0,149,5,1,9763.44,6,4.49
215,2026-05-01,171.6,3.6,28027.25,91,2,0,10126.96,2,4.51
1048,2026-02-01,170.1,10.1,0,106,4,0,12525.62,12,4.18
507,2025-10-01,171.8,3.8,24485.99,75,2,2,7455.71,2,3.08
1354,2026-05-01,163.4,11.4,0,0,5,2,8801.68,2,3.61
915,2026-06-01,178.5,10.5,0,0,5,1,7985.13,4,3.22
423,2026-07-01,187.7,11.7,0,101,3,1,11699.86,2,3.22
867,2025-12-01,206.6,22.6,0,217,6,0,13163.9,6,4.03
844,2026-02-01,165.1,5.1,0,0,3,0,9107.99,8,3.64
1220,2026-08-01,179.6,11.6,0,96,5,0,14241.36,4,
939,2025-11-01,165.6,13.6,0,0,3,1,15828.94,6,3.4
310,2025-11-01,161.5,9.5,0,0,5,1,11607.62,6,3.41
232,2026-02-01,137,1,0,0,2,3,6686.03,4,3.37
1134,2026-02-01,170,10,15874.35,51,2,0,7479.01,12,2.99
1377,2025-12-01,191,15,0,0,4,1,11268.14,14,3.81
874,2025-09-01,154.6,10.6,17856.15,62,2,4,10877.28,6,3.62
565,2026-03-01,182.3,14.3,0,0,3,1,9356.9,8,3.07
224,2026-05-01,172.5,12.5,0,118,5,1,13114.12,8,3.58
815,2026-06-01,174.7,6.7,33583.5,102,4,1,11444.53,2,4.42
233,2026-04-01,175,7,0,0,4,1,9283.76,4,3.15
658,2025-10-01,191.1,7.1,35617.21,74,2,0,11687.01,0,3.46
1198,2025-09-01,175.5,7.5,28848.37,87,3,1,9484.03,6,4.09
104,2025-11-01,155.8,11.8,21885.48,72,1,2,10588.57,6,2.91
341,2026-02-01,166.8,6.8,0,0,4,0,7686.16,4,3.16
1094,2026-05-01,96,0,12496.95,37,1,1,5256.17,2,
1482,2025-10-01,196.7,12.7,0,119,5,0,12003.94,4,3.42
1050,2026-03-01,180.2,12.2,0,117,5,1,13836.48,4,3.5
643,2026-04-01,184.8,8.8,0,131,6,0,12352.27,8,
6,2026-03-01,183.3,7.3,0,0,6,0,11781.73,6,3.84
1165,2026-02-01,169,9,0,0,3,0,8953.09,12,3.45
463,2026-08-01,157.8,13.8,0,110,6,3,14829.18,0,
85,2026-01-01,181.1,5.1,16520.49,50,3,0,14415.67,6,3.49
333,2026-02-01,167.1,7.1,0,78,3,0,17062.39,10,3.58
1259,2026-06-01,184.8,8.8,19881.35,62,2,0,10492.32,6,2.71
598,2026-02-01,163.8,3.8,19564.59,54,2,0,11540.59,12,3.35
821,2026-07-01,173.1,5.1,0,0,5,2,9893.52,0,4.37
1030,2025-09-01,166,14,0,82,3,3,10520.72,8,2.79
1096,2025-10-01,186.4,10.4,0,157,5,1,13275.84,4,3.86
339,2025-11-01,166.6,14.6,24204.64,67,1,1,11634.4,6,2.97
874,2026-06-01,184.8,8.8,36166.62,94,3,0,10722.08,2,4.18
690,2026-06-01,175.5,7.5,0,0,5,1,7968.32,6,3.92
1373,2026-01-01,176,0,0,0,4,0,10563.17,6,3.77
1202,2026-04-01,189.2,13.2,0,119,4,0,10512.4,2,3.5
1045,2026-08-01,174.5,6.5,0,0,5,0,8043.17,2,3.82
608,2025-11-01,177.4,17.4,32303.33,98,3,0,13838.18,8,4.17
470,2026-04-01,168,8,0,0,7,2,11229.24,8,4.34
963,2026-03-01,176.6,8.6,0,142,6,1,10923.3,12,4.08
144,2026-01-01,105.6,0,0,0,2,0,4432.67,0,2.58
1436,2026-03-01,181.7,5.7,0,0,6,0,9387.98,6,4.12
713,2026-05-01,176.2,8.2,26806.06,76,2,0,10419.92,8,3.63
1470,2025-10-01,96,0,0,70,4,3,8021.5,0,4.1
1124,2025-12-01,173.4,13.4,34652.02,104,2,3,10267.78,2,3.23
582,2026-04-01,187.8,11.8,26990.77,85,2,0,9961.1,8,4.07
1445,2026-06-01,184.4,8.4,27066.2,87,2,0,11363.74,8,3.5
1007,2026-02-01,160,0,18496.38,64,2,0,9363.5,6,3.74
896,2026-07-01,184.9,0.9,0,0,5,0,8135.2,6,4.29
478,2025-09-01,171.3,3.3,22282.47,54,2,1,8135.55,6,2.86
1145,2025-11-01,176.5,16.5,38221.23,121,2,0,13384.34,4,4.27
1318,2026-08-01,138.7,2.7,0,77,4,4,10435.43,6,3.59
255,2026-07-01,166.9,6.9,0,0,6,3,7067.57,4,4.05
311,2025-11-01,166.8,6.8,0,0,3,0,8504.3,6,2.96
1207,2026-06-01,175.6,7.6,25778.16,81,2,1,7422.19,6,3.54
616,2026-03-01,188.5,12.5,0,84,2,0,10905.9,12,2.72
671,2026-04-01,184.7,8.7,0,150,5,0,12604.71,2,3.94
230,2026-02-01,160.3,0.3,0,0,4,0,7987.35,6,3.61
826,2025-09-01,182.2,6.2,0,135,4,0,13861.52,0,3.67
1232,2026-05-01,163.3,3.3,0,0,3,1,8867.54,8,2.71
260,2025-12-01,177.5,17.5,0,0,3,3,11355.14,6,2.91
1065,2025-11-01,166.5,6.5,22190.32,71,1,0,8354.59,6,3.07
1344,2025-09-01,167.6,7.6,0,0,3,2,9675.94,6,3.18
1492,2026-05-01,154.7,10.7,0,0,3,3,13285.24,6,4.11
1487,2026-01-01,170.5,2.5,0,85,4,1,8963.65,4,3.84
746,2026-06-01,191.8,15.8,0,140,4,0,10884.2,6,4.4
1129,2026-03-01,184.1,8.1,0,88,3,0,12478.57,4,3.01
141,2026-05-01,177.4,9.4,0,123,5,0,10588.18,2,3.31
1497,2026-05-01,167.4,7.4,20880.9,72,3,1,8459.46,0,3.46
264,2025-11-01,153.9,9.9,0,0,2,2,8278.26,0,2.66
1282,2026-01-01,100.8,0,9431.53,37,2,1,5378.17,8,3.93
1113,2026-08-01,170.1,10.1,0,0,5,1,8733.67,4,4.2
620,2026-02-01,164,4,0,0,4,0,9319.47,8,3.57
784,2026-07-01,192.9,8.9,31697.94,74,4,0,9791.9,4,4.15
734,2026-06-01,184.4,8.4,0,0,4,0,8037.5,2,3.48
939,2026-08-01,175.1,7.1,0,0,4,0,15032.32,8,3.41
574,2026-05-01,158.9,6.9,0,0,4,2,8504.19,0,3.61
406,2026-08-01,166.5,6.5,0,0,5,1,9206.98,6,3.53
1199,2026-07-01,184,0,0,0,5,0,11773,8,3.52
183,2026-04-01,164,4,0,0,6,2,10434.44,0,4.05
449,2026-07-01,178,10,0,76,4,2,13774.95,4,3.03
72,2025-10-01,189.4,5.4,0,0,4,0,15345.42,8,3.26
839,2026-04-01,192.2,16.2,0,150,7,0,12774.33,8,4.16
175,2026-04-01,181.3,5.3,0,0,5,0,10197.01,0,3.58
592,2026-05-01,177.2,9.2,0,127,4,0,10717.34,2,3.73
575,2026-01-01,179.4,3.4,0,0,6,0,10298.35,,3.65
1090,2025-11-01,164.8,12.8,0,0,3,1,11642.9,2,3.2
1369,2025-09-01,185.3,9.3,14731.61,55,2,0,7326.92,16,4.12
465,2025-09-01,100.8,0,11228.79,36,1,1,5256.17,0,3.27
1399,2026-07-01,190.4,6.4,0,0,4,0,9291.96,8,
1450,2026-01-01,180.1,4.1,0,0,4,0,9198.52,6,3.64
417,2026-02-01,152.5,0.5,0,0,3,1,5983.45,6,3.62
780,2026-04-01,166.6,6.6,0,0,4,2,11542.64,4,4.3
54,2026-01-01,151.4,7.4,0,60,3,4,10817.72,6,3.14
11,2026-02-01,164.3,4.3,0,0,4,0,9385.04,12,3.01
192,2026-07-01,179.9,3.9,19439.16,57,2,1,8639.05,6,
47,2026-03-01,184,8,0,0,5,0,8696.41,8,3.13
457,2026-05-01,164.6,4.6,0,0,5,1,6807.97,4,3.49
179,2026-01-01,169.7,1.7,0,0,6,1,8356.15,0,3.74
833,2026-01-01,176,0,0,0,5,0,7889.33,8,3.66
924,2026-08-01,169.2,1.2,0,0,5,0,12254.79,8,4.08
1100,2026-04-01,180.6,12.6,0,139,6,1,16845.19,8,3.97
1158,2026-01-01,161.1,1.1,0,74,4,2,13106.42,0,3.35
998,2026-02-01,140.1,4.1,0,93,3,3,8843.01,10,4.67
407,2026-04-01,169.9,9.9,21435.19,56,2,2,9348.91,8,3.22
305,2025-10-01,194.1,10.1,0,0,3,0,10215.07,6,3.43
794,2026-06-01,160.2,8.2,0,0,3,3,11138.54,6,3.78
1332,2026-07-01,189.9,5.9,0,0,4,0,12534.39,0,3.52
117,2025-11-01,148,12,18608.1,62,1,3,10133.86,4,2.66
1180,2026-03-01,172.7,12.7,0,117,6,2,13134.6,8,4.41
325,2026-01-01,176,0,20369.05,48,2,0,9150,8,3.65
263,2026-04-01,173.9,5.9,26911.52,68,3,1,10418.61,8,3.83
1016,2025-12-01,189.9,13.9,0,0,6,1,14066.16,2,3.57
1074,2026-05-01,179.5,11.5,0,146,5,0,11480.26,,
572,2025-10-01,181.2,5.2,0,0,4,1,9168.66,2,3.29
810,2025-09-01,105.6,0,0,0,4,0,7919.83,0,4.41
579,2026-03-01,184.1,8.1,0,0,6,0,10998.98,6,3.4
1027,2026-01-01,152,0,14068.63,48,2,3,6994.67,2,3.49
406,2026-02-01,161.7,1.7,0,0,5,0,8844.9,8,3.57
400,2026-05-01,176.3,8.3,0,107,4,0,10003.36,0,3.62
714,2025-10-01,187.6,3.6,32731.2,97,3,0,11699.47,6,4.4
158,2026-01-01,183.8,7.8,0,95,3,0,12817.29,8,3.53
1035,2025-11-01,154.2,10.2,0,0,3,2,7169.52,4,3.33
196,2026-06-01,100.8,0,14378.03,49,2,1,5032.5,6,3.7
159,2026-01-01,165.1,5.1,0,0,5,2,9447.68,8,3.43
390,2026-08-01,163.5,3.5,0,0,4,1,10338.43,2,3.49
1030,2025-12-01,205.6,21.6,0,191,6,0,11137.89,6,3.17
995,2025-10-01,200.4,16.4,0,153,7,0,10355.72,2,3.9
1200,2025-11-01,174.5,14.5,0,0,6,0,12163.26,6,4.08
1473,2026-02-01,154.3,2.3,0,0,3,1,11354.08,10,3.68
777,2025-10-01,186.8,10.8,0,0,4,1,9727.25,2,4.05
797,2026-04-01,187.2,11.2,0,108,5,0,12757.95,0,2.87
356,2026-05-01,170.4,10.4,27270.4,69,2,1,9530.23,4,3.38
1245,2025-09-01,187.4,11.4,18668.43,44,1,0,8868.7,6,2.36
1142,2026-01-01,105.6,0,0,40,2,0,5874.3,4,3.26
23,2026-04-01,185.6,9.6,0,0,4,0,6716.88,0,3.8
1128,2026-07-01,185.9,1.9,0,0,4,0,7182.01,6,3.75
182,2026-07-01,164.9,4.9,0,0,3,3,7238.28,2,3.31
347,2026-03-01,187.5,11.5,0,0,4,0,7869.63,10,2.85
1364,2026-03-01,184,8,0,0,5,0,7902.86,8,3.18
653,2025-11-01,161,9,8506.35,26,1,1,10640.7,10,3.11
515,2025-11-01,91.2,0,17619.98,48,1,1,5368,4,3.87
1213,2026-04-01,168,0,0,0,4,1,9444.83,6,3.44
1304,2026-04-01,187.9,11.9,0,128,6,0,10316.55,6,3.38
713,2025-10-01,194.5,10.5,27629.02,92,3,0,10613.57,0,3.8
33,2025-10-01,197.2,13.2,0,97,2,0,7816.33,8,2.42
1135,2026-04-01,105.6,0,0,0,3,0,6872.67,2,
310,2026-08-01,174.3,6.3,0,0,4,0,11310.6,6,3.93
1394,2026-03-01,184.2,8.2,0,0,6,0,8852.03,12,3.94
1328,2025-09-01,96,0,0,0,3,2,4056.5,0,3.9
846,2026-07-01,169.1,9.1,0,92,3,3,13577.51,2,3.79
1218,2025-11-01,163.7,11.7,28170.06,66,1,1,7255.03,4,3.16
1365,2025-12-01,195.9,19.9,35014.69,107,2,1,10749.57,4,3.26
1059,2026-07-01,173.1,5.1,0,0,6,2,8651.53,2,3.77
800,2026-01-01,175.2,7.2,0,0,6,1,11782.94,4,
1396,2026-04-01,178.5,10.5,0,0,5,1,11678.26,6,3.3
1313,2026-08-01,172.4,4.4,0,0,3,0,8147.52,0,
1134,2026-07-01,182.4,6.4,21095.29,60,2,1,7264.56,0,
1133,2026-08-01,152.5,8.5,0,0,6,3,13108.32,4,4.58
71,2026-02-01,152.6,0.6,0,0,3,1,13162.66,12,2.98
119,2026-05-01,175,7,0,0,5,0,9863.37,6,4.37
1007,2026-03-01,166.4,6.4,25631.56,61,1,2,9882.09,4,3.67
114,2025-10-01,193.6,9.6,0,0,6,0,9216.44,0,3.43
1230,2026-05-01,170.4,10.4,0,0,5,1,6205.73,6,3.52
506,2026-07-01,188.7,4.7,0,0,4,0,8612.26,6,3.76
591,2026-02-01,163.7,3.7,0,0,3,0,8005.55,10,3.46
1385,2026-07-01,175.2,7.2,19956.21,60,2,2,13230.16,6,3.54
1171,2026-06-01,178.3,10.3,0,0,3,1,16576.08,2,3.5
1500,2026-02-01,160.8,0.8,0,0,4,0,12356.12,4,3.33
906,2025-09-01,181.4,5.4,0,0,5,0,8311.22,4,3.9
101,2026-01-01,176,0,0,0,5,0,6710,0,3.27
683,2026-02-01,136.7,0.7,0,0,4,3,9481.59,12,3.61
1163,2026-05-01,177.4,9.4,0,0,6,0,7112.91,2,3.83
1081,2026-06-01,174.7,6.7,0,0,6,1,7540.05,6,4.05
225,2026-07-01,164.1,4.1,0,0,3,3,9495.7,8,3.09
1349,2026-08-01,179.4,11.4,0,93,6,0,10856.9,6,3.56
20,2026-04-01,177.6,9.6,0,0,5,1,11892.18,8,4.59
1098,2025-09-01,105.6,0,0,0,1,0,4107.33,12,3.6
78,2025-09-01,155.7,3.7,0,0,3,3,15066.79,0,3.9
1051,2026-02-01,163.2,3.2,0,0,2,0,8452.6,6,2.52
1352,2026-06-01,183.5,7.5,0,0,6,0,10090.32,2,3.49
639,2025-10-01,191.9,7.9,0,0,5,0,9460.55,2,4.14
1441,2026-01-01,179.1,3.1,20385.85,59,3,0,6827.37,2,3.5
244,2026-04-01,157.8,13.8,0,0,3,4,9047.74,6,3.05
211,2025-10-01,172.8,12.8,0,117,6,3,9580.38,4,3.93
376,2026-05-01,180.7,12.7,0,0,5,0,10065.35,4,3.37
1108,2025-10-01,190.8,6.8,0,0,4,0,9021.02,2,3.43
233,2025-12-01,197.8,13.8,0,0,3,0,9798.87,6,
1,2026-03-01,170.2,2.2,0,0,5,1,4662.1,6,3.79
148,2025-11-01,175.7,15.7,0,94,4,0,10404.72,6,2.78
1127,2025-12-01,201.2,17.2,0,0,6,0,15043.76,2,2.94
165,2026-01-01,168,0,19845.91,56,2,1,7899.5,4,
751,2026-04-01,187.7,11.7,0,118,6,0,12595.55,0,3.38
815,2025-11-01,177.5,17.5,40044.49,101,3,0,12455.54,8,4.28
338,2025-10-01,188.5,4.5,26881.24,85,1,0,9316.2,0,3.07
427,2026-01-01,179.3,3.3,0,0,4,0,7382.64,8,2.86
438,2026-01-01,173.2,5.2,0,76,4,1,9381.14,2,3.3
1138,2025-09-01,188.7,12.7,0,0,6,0,16226.42,4,3.22
1485,2025-10-01,100.8,0,18033.6,49,1,2,5073.17,8,4.34
248,2026-02-01,161.4,1.4,16235.11,40,1,0,9435.78,8,2.96
96,2026-06-01,91.2,0,0,71,3,3,5805.17,4,3.98
135,2025-12-01,204.6,20.6,52132.59,120,3,0,10373.88,,
547,2026-01-01,187.7,11.7,0,57,2,0,10837.77,2,2.59
426,2025-12-01,197.4,13.4,38863.25,110,3,0,8747.46,0,3.27
662,2025-09-01,177.8,9.8,0,0,6,1,8756.93,0,3.54
90,2025-09-01,180.9,4.9,18127.11,54,2,0,10852.12,8,2.84
638,2026-07-01,190.9,6.9,0,119,5,0,7320.84,2,3.82
958,2026-07-01,178.5,2.5,0,0,4,1,7000.58,0,3.8
1136,2025-09-01,186.1,10.1,0,0,4,0,8373.01,0,3.64
1248,2025-10-01,199.6,15.6,0,160,5,0,10027.54,0,3.68
1204,2026-07-01,167.3,7.3,23386.43,72,2,3,6982.57,0,
652,2025-11-01,171.3,11.3,0,0,3,0,11172.01,6,3.11
1029,2025-10-01,191.5,7.5,30161.34,102,2,0,10263.54,6,3.96
353,2026-04-01,163.2,3.2,0,0,3,2,7261.5,6,2.85
1147,2025-11-01,179.2,19.2,0,133,4,0,15317.82,4,3.57
1014,2025-09-01,183.8,7.8,0,114,5,0,13121.18,4,3.34
524,2026-04-01,183.3,15.3,0,103,4,1,12341.69,8,2.94
263,2026-08-01,175.8,7.8,23459.72,71,3,0,10581.59,4,4.2
1446,2025-12-01,202.6,18.6,32681.87,103,3,0,14541.43,0,2.79
1465,2026-04-01,182.6,6.6,16358.61,50,1,0,9930.54,4,2.35
1376,2026-01-01,169.2,1.2,0,0,3,1,8710.86,4,2.84
352,2025-11-01,170.3,10.3,0,0,3,0,8326.8,2,2.71
1205,2025-10-01,190.6,6.6,33384.54,87,3,0,7372.68,6,3.89
939,2026-06-01,183.6,7.6,0,0,6,0,15093.6,2,3.35
945,2025-10-01,183.6,15.6,0,151,4,2,12196.9,8,3.86
182,2025-10-01,192.9,8.9,0,0,3,0,7478.64,6,3.31
1060,2025-11-01,172.5,12.5,0,0,3,0,9644.06,2,3.38
429,2025-11-01,167.9,7.9,0,0,4,0,10622.76,2,3.61
101,2025-12-01,188.9,20.9,0,0,3,2,7923.61,4,3.3
550,2025-09-01,105.6,0,0,66,2,0,8468.83,0,3.43
744,2025-09-01,178.7,2.7,0,0,4,0,5587.06,4,3.66
1411,2025-11-01,165.2,13.2,30834.38,116,2,1,8620.62,0,4.48
484,2025-10-01,179.2,11.2,0,162,5,2,10650.21,4,4.05
838,2026-05-01,91.2,0,0,50,1,2,8113,4,3.16
1173,2026-05-01,177.8,9.8,29737.3,103,2,0,6959.22,2,4.13
1306,2026-01-01,178.6,2.6,0,0,5,0,8222.77,2,
743,2025-12-01,205.5,21.5,0,252,8,0,11684.45,0,4.45
1139,2025-11-01,168.9,8.9,29165.66,75,2,0,7153.2,2,3.15
223,2026-05-01,184.2,16.2,0,103,3,0,10502.31,0,2.9
350,2026-01-01,176,0,0,0,3,0,7462.33,6,3.7
23,2026-08-01,176.1,8.1,0,0,5,0,6636.38,6,3.9
698,2026-07-01,191.6,7.6,0,0,4,0,8689.93,2,3.95
794,2026-07-01,168,0,0,0,3,2,10400.5,4,3.91
940,2025-09-01,182.9,6.9,0,0,3,0,8047.98,8,4
867,2025-11-01,175,15,0,182,5,0,12439.75,2,4.13
1345,2025-09-01,186.8,10.8,0,0,3,0,8671.15,4,3.21
11,2026-08-01,166.4,6.4,0,0,4,1,9549.47,2,2.95
263,2025-11-01,163.4,11.4,33334.51,96,2,1,10890.41,2,3.69
1469,2026-05-01,167.4,7.4,0,0,4,1,11953.59,0,4.29
275,2026-06-01,180.4,12.4,0,161,5,1,16818.9,6,4.31
240,2026-05-01,175.8,7.8,13419.03,44,1,0,7282.31,8,1.95
165,2025-09-01,184.9,8.9,25627.35,87,2,0,8507.91,0,3.84
446,2026-01-01,172.9,4.9,0,0,5,1,8774.96,0,3.19
1267,2026-08-01,177.5,9.5,0,133,5,0,14754.33,2,3.9
156,2025-11-01,156.7,12.7,0,0,2,2,16282.84,4,3.34
992,2025-09-01,100.8,0,15680.99,42,1,1,5134.17,,4.49
621,2025-11-01,153.8,17.8,0,86,3,3,12894.26,2,2.84
144,2025-11-01,96,0,0,0,2,0,4432.67,2,2.85
890,2025-10-01,190.2,6.2,0,0,5,0,9726.63,6,3.36
283,2026-07-01,57.5,1.5,0,0,1,0,3016.47,0,2.97
1394,2026-07-01,186.3,2.3,0,0,5,0,8430.02,6,3.73
604,2026-05-01,181.2,13.2,0,128,7,0,13774.86,0,3.92
447,2026-05-01,178.6,10.6,0,0,3,0,9900.54,6,3.4
828,2026-06-01,135.7,7.7,15631.42,61,1,1,6238,8,3.39
997,2026-02-01,160,0,0,0,4,0,7909.67,6,4.05
378,2026-01-01,156.9,4.9,0,0,3,3,7927.13,8,2.77
504,2026-01-01,152.7,0.7,0,0,2,3,7428.06,8,2.78
766,2026-02-01,168.2,8.2,24567.34,83,2,0,10321.93,6,4.67
340,2026-01-01,164.4,4.4,0,0,5,2,6279.5,6,3.84
1074,2025-10-01,191.2,15.2,0,150,5,1,11814.58,0,3.98
177,2025-12-01,202.1,18.1,0,0,4,0,9877.66,2,3.28
602,2026-07-01,178.1,2.1,0,0,5,1,6511.05,4,4.5
570,2026-01-01,178.8,2.8,24526.13,65,3,0,9111.39,8,4.19
611,2025-10-01,198.3,14.3,0,0,4,0,9973.84,8,4.31
1273,2025-09-01,171.7,3.7,0,99,4,1,11761.75,0,3.31
1146,2026-05-01,178.6,10.6,0,0,4,0,9933.84,6,3.06
605,2025-11-01,160.4,16.4,30895.08,110,3,2,9264.42,6,4.23
557,2025-10-01,194.5,10.5,36681.15,90,2,0,11378.82,6,3.82
1332,2026-05-01,169.8,9.8,0,0,3,1,12936.87,6,3.31
712,2026-01-01,105.6,0,0,0,3,0,6455.83,2,3.28
1135,2025-09-01,105.6,0,0,0,3,0,6872.67,2,2.99
197,2026-03-01,96,0,10188.46,31,1,2,5551,4,2.79
333,2026-01-01,178.6,2.6,0,86,4,0,16436.4,6,3.56
1205,2026-06-01,176.9,8.9,25746.7,96,3,1,7511.49,6,4.12
613,2026-05-01,158.6,6.6,0,0,4,2,7910.04,0,3.69
485,2026-06-01,182.5,6.5,0,0,4,0,8344.38,4,3.05
619,2026-04-01,162.8,10.8,0,113,5,3,11405.9,8,3.8
536,2026-04-01,105.6,0,0,67,2,0,7533.5,8,3.81
958,2026-08-01,158,6,0,0,3,2,7208.13,8,3.57
128,2025-09-01,180.5,4.5,0,0,5,0,7731.81,2,4.43
930,2026-04-01,185.4,9.4,0,0,4,0,8003.4,4,4.9
523,2025-09-01,187.9,11.9,0,87,3,0,18524.93,8,2.59
294,2026-06-01,193.2,17.2,0,0,4,0,9028.59,6,2.79
241,2025-09-01,182.6,6.6,0,0,4,0,11016.02,4,4.17
141,2026-08-01,171.8,11.8,0,103,5,1,10791.55,8,3.57
1277,2025-12-01,195.4,19.4,0,0,6,1,9605.66,,3.7
1149,2026-03-01,177.8,9.8,18423.28,54,2,1,7543.75,4,2.41
1250,2026-02-01,166.3,6.3,0,89,5,0,11374.92,12,3.41
597,2026-08-01,171,3,23393.79,80,2,0,6049.75,8,
299,2026-03-01,183.7,7.7,0,0,7,0,13674.43,6,4.05
481,2026-07-01,110.4,0,0,0,3,0,4595.33,6,3.27
1405,2026-02-01,161.1,1.1,0,0,3,0,7748.9,6,3.91
1412,2025-11-01,168.5,16.5,0,0,5,1,10224.15,0,3.26
1100,2026-07-01,171,3,0,96,3,2,15583.33,6,
938,2026-05-01,173.7,5.7,34161.69,92,2,0,9889.38,8,4
1029,2025-12-01,184.5,16.5,37619.06,104,3,2,11014.2,2,3.82
1015,2026-01-01,168,8,0,63,3,2,9979.13,2,3.04
457,2026-07-01,182.6,6.6,0,0,4,1,6921.29,4,3.19
347,2026-05-01,177.8,9.8,0,0,4,0,7764.33,0,2.8
695,2026-05-01,170.1,2.1,24516.85,80,3,0,6562.8,6,3.61
1000,2026-01-01,168,0,0,0,4,1,7791.67,0,4.3
1064,2026-03-01,182.5,6.5,0,0,5,0,10266.05,10,3.33
872,2026-07-01,155.9,3.9,0,0,4,4,9006.89,4,3.31
1480,2026-04-01,181.1,5.1,0,0,4,0,9713.06,6,4.25
444,2025-11-01,169.8,17.8,0,173,6,1,20016.03,0,4.45
1036,2026-02-01,161.5,1.5,0,0,5,0,9031.91,4,4.7
1280,2026-03-01,174.8,6.8,0,0,4,1,9483.91,10,2.73
884,2025-09-01,187.9,11.9,0,129,6,0,13243.31,0,3.81
659,2025-09-01,105.6,0,0,50,3,0,7767.33,6,2.67
1140,2025-10-01,194.7,10.7,0,0,5,0,8564.31,6,3.55
608,2025-09-01,182.8,6.8,27630.66,77,3,0,12734.92,2,4.26
318,2026-07-01,184,0,22402.2,71,2,0,8133.33,4,3.3
184,2025-10-01,195.1,11.1,0,121,7,0,18364.08,4,3.73
68,2025-12-01,205.3,21.3,0,0,4,0,20023.61,2,2.68
1153,2026-06-01,189.2,13.2,0,156,5,0,13355.73,0,3.63
1250,2026-08-01,174.3,14.3,0,94,6,1,12121.7,2,3.37
207,2025-10-01,192.1,8.1,21795.95,65,2,0,10008.97,2,2.85
1454,2026-05-01,180.2,12.2,0,109,4,0,14196.16,8,3.43
798,2026-05-01,91.2,0,0,42,2,2,5225.67,8,2.56
958,2026-01-01,169.3,1.3,0,0,6,1,6929.42,0,3.72
1111,2025-09-01,151.4,7.4,0,0,2,4,9205.88,6,2.88
642,2026-04-01,164.9,12.9,0,80,3,3,10126.25,8,2.73
529,2026-05-01,164,12,0,0,5,2,6722.24,8,4.12
1195,2026-07-01,176,0,0,0,6,1,12057.67,2,3.79
901,2026-05-01,175.2,7.2,0,114,5,0,9514.91,4,3.45
1050,2026-07-01,189,5,0,110,5,0,13056.69,8,4.08
490,2026-03-01,186,10,0,0,4,0,9875.55,12,3.37
1197,2026-01-01,105.6,0,0,0,3,0,4239.5,4,4.11
518,2026-07-01,191.6,7.6,23094.78,81,3,0,5950.54,2,3.73
287,2026-03-01,105.6,0,0,46,1,0,5652.67,10,2.27
289,2025-12-01,201.8,17.8,0,0,5,0,8025.18,8,3.5
1228,2026-07-01,187.1,3.1,0,0,7,0,8727.34,2,4.05
515,2025-10-01,91.2,0,13865.62,42,1,4,5368,8,3.48
1087,2025-10-01,191.6,15.6,0,52,2,1,14343.18,16,2.69
568,2026-06-01,180.2,12.2,22348.05,74,2,1,8149.02,6,2.94
759,2025-11-01,174.4,14.4,0,0,3,0,6082.67,8,3.06
606,2026-02-01,91.2,0,0,0,4,1,6028.83,10,4.89
1295,2026-07-01,192.9,8.9,0,117,4,0,13106.79,4,3.69
1287,2026-03-01,187.2,11.2,0,116,3,0,13092.51,6,3.45
45,2026-02-01,163.6,3.6,0,0,4,0,9435.06,10,2.67
1343,2025-11-01,174.1,14.1,0,0,5,0,12456.66,0,3.51
1358,2026-04-01,185.6,9.6,0,91,3,0,14964.33,6,2.76
452,2026-06-01,187.6,11.6,0,0,6,0,11824.92,0,4.18
432,2026-06-01,105.6,0,0,0,3,0,4046.33,2,3.46
1405,2026-08-01,162.8,10.8,0,0,5,2,8393.23,2,3.82
1436,2025-11-01,171.8,11.8,0,0,5,0,9860.26,4,4.28
1182,2026-01-01,176,0,0,0,6,0,7940.17,0,4.28
569,2026-06-01,176.6,8.6,0,122,5,1,9697.27,4,3.18
1300,2025-09-01,180.6,12.6,0,115,4,1,10846.77,6,3.48
424,2026-04-01,182.7,6.7,0,0,3,0,7131.32,2,3.88
417,2026-04-01,169,9,0,0,4,2,6421.68,4,3.47
1270,2025-11-01,172.8,20.8,0,173,6,1,16411.44,4,3.88
30,2026-03-01,187.5,11.5,35320.56,83,2,0,7936.7,10,4.25
763,2026-02-01,148.1,4.1,0,81,3,2,12843.41,6,3.34
1330,2026-02-01,152,0,22553.12,52,2,1,7431.83,8,4.31
40,2026-05-01,171.3,11.3,0,72,2,1,9486.72,6,2.29
1051,2026-05-01,175.3,7.3,0,0,2,0,8744.42,6,2.56
1358,2026-07-01,189.9,5.9,0,76,4,0,14521.94,6,2.96
739,2025-11-01,163.5,11.5,0,0,3,1,8741.54,4,3.1
183,2026-06-01,186.4,10.4,0,0,6,0,10993.01,4,3.9
1415,2025-11-01,153.7,9.7,0,0,4,2,7614.88,0,3.26
1354,2026-02-01,162.4,2.4,0,0,3,0,8177.72,8,3.55
735,2026-03-01,175.3,7.3,27978.31,87,3,1,6842.05,10,
641,2026-08-01,174.1,6.1,29973.97,83,3,0,8498.46,0,4.43
594,2026-08-01,166.1,6.1,0,0,3,1,10125.37,2,2.97
1237,2026-05-01,173.9,13.9,21536.95,70,2,1,8872.5,6,3.22
668,2026-05-01,170.1,10.1,26537.91,64,2,1,8026.13,8,3.58
86,2025-09-01,184.3,8.3,0,0,4,0,14874.28,6,3.47
1428,2026-07-01,192.4,8.4,0,100,3,0,12966.88,8,3.18
1371,2026-07-01,179.1,3.1,22786.11,64,2,1,10042.71,8,3.5
952,2025-09-01,184.8,8.8,0,146,4,0,19879.61,0,4.18
583,2026-03-01,174.6,6.6,31389.41,93,3,1,7985.27,6,4.4
697,2026-01-01,169,1,13879.25,51,2,1,7783.28,2,2.92
104,2026-06-01,187.8,11.8,21960.09,66,1,0,10588.57,0,2.62
737,2026-06-01,187.5,11.5,0,0,6,0,9009.83,8,4.32
742,2025-10-01,197.3,13.3,0,0,4,0,6031.18,8,3.56
974,2026-04-01,96,0,0,93,2,2,7004.83,4,4.98
1283,2026-08-01,173.6,5.6,0,115,6,0,10456.83,8,4.24
960,2025-09-01,178.6,10.6,0,141,6,1,11809.62,2,3.91
1209,2026-02-01,166,6,0,0,4,0,7118.01,8,2.49
959,2026-05-01,182.7,14.7,0,0,4,0,13293.58,4,3.17
1213,2026-06-01,192,16,0,0,4,0,10752.58,6,3.92
534,2026-01-01,178.7,2.7,16825.9,55,3,0,9227.34,2,3.11
1312,2025-10-01,96,0,15091.84,47,1,3,3954.83,2,3.96
1084,2025-12-01,180,20,33776.19,110,2,3,9588.73,2,3.41
320,2026-04-01,171,3,21851.41,67,1,1,7468.32,6,3.14
1110,2025-11-01,173,13,36368.38,102,3,0,11140.76,6,
775,2026-06-01,172.9,12.9,0,0,3,2,11414.63,2,3.53
159,2025-11-01,166.3,6.3,0,0,3,0,9541.64,2,3.53
747,2026-03-01,182.9,6.9,0,0,5,0,8414.29,8,3.31
512,2026-07-01,110.4,0,0,0,3,0,5063,,4.14
887,2026-03-01,174.8,6.8,27148.79,60,2,1,10452.75,12,3.35
546,2026-07-01,181.2,5.2,23631.68,84,3,1,8244.35,2,4.02
1400,2026-05-01,120.8,8.8,0,0,3,0,8110.86,,2.77
888,2026-07-01,170.3,10.3,0,95,4,3,14704.77,8,3.37
757,2025-12-01,206.9,22.9,0,0,3,0,11462.72,6,2.84
1473,2025-10-01,183.6,7.6,0,0,5,1,11864.68,0,3.7
112,2026-04-01,171.9,3.9,0,0,3,1,9154.03,2,3.44
672,2026-08-01,174.8,6.8,26183.15,60,2,0,9661.97,2,3.5
816,2026-08-01,96,0,15314.37,34,1,1,5683.17,4,3.68
1417,2026-05-01,159.8,7.8,0,103,3,2,12914.97,2,3.2
1157,2026-03-01,179.2,11.2,0,0,4,1,12367.62,10,2.62
710,2025-11-01,180.5,20.5,0,165,5,0,16327.45,4,3.59
991,2026-07-01,185.7,1.7,0,0,5,0,10336.87,2,3.54
1347,2026-02-01,163,3,0,0,4,0,13810.13,6,3.4
432,2026-08-01,96,0,0,0,3,1,4046.33,2,3.45
490,2026-08-01,172.9,4.9,0,0,3,0,9474.41,8,3.78
1186,2025-12-01,203.7,19.7,0,0,3,0,10900.3,6,2.61
648,2025-10-01,110.4,0,0,0,2,0,4361.5,4,3.6
1307,2026-08-01,168.3,8.3,0,0,3,1,14492.89,4,3.31
161,2025-12-01,207.4,23.4,40446.78,107,3,0,9132.39,8,3.49
243,2026-03-01,183.1,7.1,0,0,5,0,10014.35,6,3.62
6,2025-10-01,190.7,6.7,0,0,7,0,11724.19,0,3.98
1363,2026-05-01,162.5,18.5,0,117,5,3,11405.1,8,4.22
698,2026-08-01,162.2,10.2,0,0,5,2,8873.38,8,3.75
1071,2026-01-01,166.1,6.1,12917.53,44,1,2,7599.38,6,3.1
840,2025-12-01,192.3,16.3,35694.95,127,3,1,9094.99,2,3.77
77,2026-08-01,174.5,6.5,0,0,7,0,14722.54,8,4.64
129,2026-04-01,105.6,0,0,0,4,0,5093.5,4,3.93
289,2026-05-01,177.3,9.3,0,0,5,0,7513.66,8,3.61
174,2026-05-01,176.2,8.2,23886.43,70,2,0,8732.26,8,3.21
1008,2026-06-01,178.6,2.6,0,0,3,0,12661.62,4,2.11
1479,2026-07-01,177.2,9.2,0,0,4,2,10767.54,2,3.01
472,2026-06-01,183,7,29741.02,91,3,0,8496.64,0,3.52
300,2025-10-01,189.4,5.4,0,0,2,0,12993.59,6,2.43
149,2026-04-01,177.3,9.3,,57,1,1,7458.74,0,2.87
1022,2026-06-01,170.2,10.2,0,0,5,2,9448.72,8,3.11
474,2026-05-01,170.4,18.4,0,104,6,2,11502.66,2,3.62
1118,2026-01-01,184.8,8.8,0,0,3,0,9627.99,0,4
50,2025-11-01,162.1,18.1,0,0,2,2,8466.57,0,2.21
1292,2026-07-01,186.4,2.4,0,0,4,0,9817.42,6,3.98
182,2026-04-01,184.5,8.5,0,0,3,0,7454.61,0,3.49
1060,2026-01-01,176.4,0.4,0,0,4,0,8732.79,8,3.57
126,2025-09-01,180.8,4.8,0,129,6,0,10334.84,8,4.65
1449,2026-07-01,182.6,6.6,0,0,4,1,10553.89,8,4.49
1350,2026-07-01,173.1,5.1,0,0,4,2,9585.68,4,3.55
587,2025-09-01,159.1,7.1,25259.51,67,2,3,13122.26,2,3.33
1034,2026-01-01,160.8,0.8,21306.97,69,3,2,6101.28,4,4.69
812,2026-07-01,194.6,10.6,0,124,6,0,13530,8,3.56
847,2025-11-01,176.4,16.4,0,148,5,0,12306.12,6,4.35
1359,2026-03-01,184.1,8.1,24152.87,78,3,0,7659.03,12,3.92
144,2026-07-01,110.4,0,0,0,2,0,4432.67,6,2.9
595,2026-08-01,181.8,13.8,0,116,4,0,11642.56,2,3.49
838,2026-01-01,105.6,0,0,44,3,0,8113,8,3.38
355,2026-04-01,186.5,10.5,0,0,3,0,10245.04,4,3.55
78,2026-04-01,179.8,11.8,0,0,7,1,16090.15,8,4.22
1443,2026-05-01,180.6,12.6,0,152,4,0,11478.18,8,4.37
680,2025-12-01,167.5,15.5,0,0,6,4,10481.11,2,3.65
472,2026-04-01,185.3,9.3,19965.52,71,2,0,8656.09,8,3.41
259,2025-09-01,179.8,3.8,0,0,5,0,9062.36,0,3.25
682,2025-11-01,163.8,11.8,0,0,5,1,8717.37,4,4.18
416,2026-06-01,96,0,0,0,2,2,4229.33,6,3.84
457,2026-04-01,178.4,10.4,0,0,3,1,7136.59,0,3.47
1027,2025-10-01,196,12,23759.8,91,1,0,7721.04,4,3.19
913,2025-10-01,190,6,33512.57,111,3,0,5382.34,2,3.97
1031,2026-06-01,169.7,9.7,27615.56,82,2,2,8298.12,2,3.72
582,2026-05-01,162.3,10.3,27133.12,76,2,2,9843.78,2,3.76
865,2026-08-01,173.1,5.1,0,0,2,0,9670.6,4,2.53
1232,2025-11-01,162.9,10.9,0,0,3,1,9434.56,4,2.73
1431,2026-08-01,173.2,5.2,0,0,4,0,8201.86,8,4.04
1497,2026-03-01,185,9,21470.53,70,3,0,8569.54,12,3.6
642,2026-01-01,179.5,3.5,0,76,3,0,9385.24,6,3.12
1105,2026-05-01,96,0,0,79,2,1,6577.83,0,4.01
20,2025-09-01,181.2,5.2,0,0,4,0,11474.1,16,4.57
292,2026-05-01,174.4,6.4,0,0,6,0,6802.66,4,4.76
1279,2026-01-01,181.2,5.2,0,0,6,0,8520.58,2,3.29
1192,2026-03-01,189.2,13.2,0,92,3,0,11328.01,12,2.93
1214,2025-11-01,153,9,32457.28,87,3,2,8641.04,0,4.29
419,2026-02-01,164.9,4.9,0,0,4,0,7768.17,10,3.54
692,2026-03-01,169.9,9.9,0,0,5,2,11214.28,4,4.14
361,2026-01-01,177.3,1.3,14636.79,49,2,0,6394.81,,2.86
1103,2026-08-01,172.7,4.7,23742.55,81,3,0,6053.25,4,3.93
1309,2026-04-01,189.2,13.2,0,0,4,0,9855.37,0,3.67
271,2025-10-01,193.9,9.9,0,163,6,0,11446.07,4,4.2
1154,2025-09-01,181.8,5.8,20518.95,49,2,0,7718.91,,2.57
1361,2026-04-01,105.6,0,0,0,3,0,5286.67,6,3.84
1183,2025-09-01,105.6,0,12164.98,40,1,0,5113.83,8,3.18
899,2026-07-01,173.1,5.1,0,0,4,2,5424.45,,4.05
312,2025-12-01,180.4,12.4,0,0,5,2,12912.5,8,3.58
918,2025-12-01,194.2,18.2,39555.95,112,2,1,10861.79,0,3.56
527,2025-09-01,156.9,4.9,0,81,5,3,11708.84,6,3.45
1277,2026-02-01,165.6,5.6,0,0,5,0,8623.42,4,4.09
1440,2025-11-01,181.8,21.8,0,0,4,0,8410.91,4,3.2
1031,2025-09-01,157.4,5.4,23046.82,48,2,3,8013.25,6,3.19
1018,2026-07-01,168.1,8.1,0,0,3,3,12837.59,0,3.49
935,2025-09-01,105.6,0,0,60,2,0,6476.17,8,3.95
1072,2026-05-01,170.9,10.9,0,0,3,1,9848.94,0,3.18
1133,2026-04-01,185.5,9.5,0,0,5,0,13213.98,2,4.53
175,2026-02-01,147.7,3.7,0,0,1,2,10062.02,14,3.4
1489,2026-05-01,168,8,0,0,3,1,8337.68,6,3.64
573,2026-02-01,162,10,0,79,4,1,13079.03,4,3.87
1140,2026-01-01,163.6,3.6,0,0,5,2,8082.7,4,3.51
989,2026-05-01,181.7,13.7,27576.95,88,2,0,9848.15,4,3.58
10,2026-01-01,152.6,0.6,0,0,3,3,11139.21,8,2.29
1082,2026-06-01,185.6,17.6,0,106,3,1,12933.5,8,2.74
514,2026-02-01,169.4,9.4,0,97,5,0,14467.69,,3.55
1053,2025-11-01,161.1,9.1,0,0,3,1,12031.12,2,4.23
1184,2026-04-01,177.1,9.1,0,0,6,1,9311.23,2,3.71
809,2026-01-01,180.8,4.8,0,0,6,0,6078.07,4,4.04
749,2025-11-01,175.2,15.2,40483.31,122,3,0,8800.54,2,4.26
413,2025-12-01,201,17,38202.39,122,3,0,9714.73,4,3.55
1031,2026-01-01,160,0,18599.79,45,2,2,7655.5,0,3.28
63,2026-03-01,184.6,8.6,0,0,5,0,30148.31,10,3.42
72,2026-05-01,181,13,0,0,3,0,16309.62,4,3.35
1317,2026-02-01,81.4,1.4,0,0,0,0,3462.33,16.3,3.22
945,2025-12-01,209.5,25.5,0,238,4,0,13117.56,6,
1137,2025-12-01,197.1,21.1,52720.51,153,3,1,8404.12,2,4.27
985,2026-05-01,181.7,13.7,0,0,3,0,10018.73,0,3.15
253,2026-05-01,181.1,13.1,0,66,2,0,10832.49,8,2.19
1142,2025-09-01,105.6,0,0,66,2,0,5874.3,2,3.3
1238,2026-02-01,158.3,6.3,19268.66,69,2,1,9884.71,10,4.24
783,2026-01-01,176,0,0,0,5,0,11712,0,3.57
43,2026-06-01,183.4,7.4,0,0,6,0,6706.99,4,3.63
1446,2026-02-01,161.5,9.5,15454.38,39,1,1,13555.06,12,2.62
1078,2026-08-01,161.8,1.8,16964.8,62,2,1,8208.4,8,3.19
1284,2026-03-01,195.2,19.2,0,137,4,0,12211.57,12,3.63
928,2026-01-01,177.3,1.3,0,0,3,0,8317.36,4,2.47
159,2025-10-01,196.5,12.5,0,0,7,0,10027.12,4,3.56
1435,2026-05-01,178.2,10.2,0,0,4,0,7601.02,6,2.86
1440,2026-08-01,169.9,1.9,0,0,5,0,7192.35,4,3.57
645,2025-12-01,204.7,20.7,44786.02,160,4,0,11664.2,0,4.12
561,2026-07-01,188.3,4.3,0,0,6,0,8383.26,8,4.1
314,2026-08-01,96,0,7657.48,27,1,1,5571.33,6,2.61
630,2025-10-01,179.6,11.6,0,0,4,2,8793.17,0,3.04
587,2026-04-01,184.1,8.1,,77,2,0,13229.24,8,3.79
1219,2025-10-01,196.5,12.5,0,102,3,0,17305.23,8,2.65
1003,2026-04-01,189.2,13.2,0,126,4,0,10535.05,2,3.27
353,2026-08-01,177.2,9.2,0,0,4,0,7628.38,4,2.6
144,2026-03-01,105.6,0,0,0,2,0,4432.67,4,2.82
419,2026-08-01,152.7,0.7,0,0,2,2,7497.31,6,3.5
625,2026-04-01,188.2,12.2,0,0,4,0,9700.15,4,4.24
1018,2026-08-01,177.7,9.7,0,0,6,0,13003.69,2,
1158,2026-05-01,175.9,15.9,0,107,5,1,14769.22,0,3.32
220,2025-11-01,175.7,15.7,36634.23,117,2,0,8580.14,6,4.52
483,2026-06-01,100.8,0,0,0,3,1,5581.5,6,3.38
905,2026-01-01,179.5,3.5,0,0,5,0,7793.1,6,4.39
1299,2026-03-01,191.3,15.3,0,141,6,0,11720.38,8,4.14
713,2026-01-01,168,0,18142.34,55,1,1,9729.5,8,
854,2026-01-01,172.9,4.9,0,0,3,1,8986.91,4,3.48
538,2026-07-01,189.3,5.3,0,0,5,0,9442.07,2,3.03
56,2026-07-01,159,7,21978.18,67,2,4,8302.55,8,4.17
452,2025-09-01,178.2,2.2,0,0,7,0,10950.76,6,4.13
583,2026-02-01,162.5,2.5,22161.17,59,2,0,7717.26,6,4.37
50,2026-08-01,167,7,0,0,2,1,7763.42,4,2.87
1055,2026-01-01,96,0,9526.42,27,1,2,4087,6,
436,2026-07-01,190.9,6.9,0,0,7,0,8198.81,2,4.17
658,2026-03-01,190.1,14.1,32246.11,83,2,0,12353.99,8,3.53
235,2026-05-01,174.4,6.4,0,0,4,0,11459.37,0,4.11
1074,2025-12-01,207.4,23.4,0,208,4,0,12555.5,4,3.81
417,2026-05-01,177,9,0,0,5,0,6421.68,0,3.54
165,2026-04-01,183.6,7.6,23157.34,78,3,0,8419.04,6,3.86
1211,2026-05-01,156.4,12.4,0,0,2,3,10514.62,0,3.23
720,2025-12-01,198.2,22.2,0,227,8,1,15222.52,6,4.43
942,2025-12-01,201.4,17.4,42780.08,133,3,0,14130.62,0,4.01
309,2026-04-01,175.1,7.1,26137.12,64,2,1,8363.28,4,3.12
304,2026-04-01,182.7,6.7,0,0,6,0,8594.15,2,4.15
769,2026-07-01,184.9,0.9,20626.94,76,2,0,8350.37,0,3.7
571,2026-04-01,177.8,9.8,0,118,4,1,10433.32,0,3.16
1255,2025-11-01,86.4,0,16452.2,44,1,2,3832.83,2,3.7
1403,2026-05-01,171.9,3.9,20333.87,58,2,0,8061.01,4,3.09
229,2025-09-01,185.2,9.2,0,0,6,0,9702.86,0,3.68
875,2026-06-01,105.6,0,0,0,2,0,6974.33,0,3.42
831,2026-07-01,187.1,11.1,0,0,3,1,11054.11,2,3.2
730,2025-10-01,198.7,14.7,0,0,4,0,14737.54,2,
1130,2025-12-01,205.1,21.1,0,0,4,0,12395.78,4,3.33
1338,2026-01-01,176,0,0,0,3,0,7341.67,4,4.36
116,2025-09-01,105.6,0,0,0,3,0,4524.17,0,3.39
1067,2026-04-01,173.4,5.4,0,0,3,1,7108.7,2,3.05
612,2025-12-01,110.4,0,21936.93,82,2,0,5378.17,0,4.05
737,2026-05-01,172.7,12.7,0,0,7,1,9094.92,0,4.33
1104,2026-05-01,182.1,14.1,0,134,5,0,10779.8,8,4.01
1038,2026-05-01,178.9,10.9,24302.03,87,2,0,6210.31,4,3.84
385,2026-06-01,191.6,15.6,36671.7,103,4,0,8596.68,,4.14
185,2025-12-01,179.1,19.1,0,0,4,3,9394.75,6,3.24
458,2026-04-01,168.1,8.1,0,118,5,2,8427.01,8,4.03
466,2026-03-01,185.2,9.2,23036.02,92,3,0,8704.04,10,3.95
1379,2026-03-01,183.7,7.7,0,0,5,0,11234.51,8,3.38
759,2026-03-01,183.9,7.9,0,0,3,0,5778.43,10,3.07
148,2026-05-01,177.4,9.4,0,93,5,0,9905.31,2,3.09
1125,2025-10-01,195.8,11.8,21462.16,70,2,0,9131.94,2,3.03
189,2026-08-01,176.1,8.1,27722,76,3,0,8605.53,0,3.93
1319,2025-12-01,100.8,0,0,0,1,2,4961.33,6,2.57
1118,2025-09-01,177.8,9.8,0,0,5,1,9705.41,0,3.82
80,2025-10-01,195.9,11.9,34689.99,111,2,0,14611.37,6,4.06
1235,2026-03-01,173.6,5.6,0,0,5,1,10531.45,4,4.05
356,2025-11-01,161.6,9.6,27646.23,74,1,1,9469.7,6,3.35
835,2026-03-01,173.1,5.1,0,0,4,1,11549.52,4,2.82
889,2026-02-01,160.1,0.1,0,0,5,0,9636.17,4,3.99
602,2026-01-01,176,0,0,0,6,0,6394.83,8,4.82
225,2026-08-01,164,4,0,0,5,1,9487.77,,3.3
519,2025-09-01,185.3,9.3,0,117,4,0,12072.39,4,3.71
378,2026-04-01,184.3,8.3,0,0,5,0,8150.89,0,3.5
1328,2026-01-01,105.6,0,0,0,3,0,4056.5,0,3.29
511,2026-07-01,167.1,7.1,0,111,5,3,11881.25,2,3.86
1491,2026-05-01,169.5,9.5,0,0,4,1,10177.3,0,3.36
929,2025-11-01,156.3,12.3,20777.59,75,1,2,8582.86,2,2.84
593,2026-01-01,182.4,6.4,16727.33,51,2,0,8283.36,,3.26
78,2025-10-01,182.2,6.2,0,0,5,1,15382.64,8,3.93
744,2025-11-01,160.2,16.2,0,0,5,2,6224.88,6,3.64
531,2025-11-01,177.7,17.7,0,157,5,0,13388.72,8,3.79
440,2026-05-01,86.4,0,0,0,1,3,5368,4,2.93
820,2026-06-01,183.1,7.1,23041.79,64,2,0,6925.91,8,3.26
33,2026-04-01,157.3,5.3,0,78,2,3,7336.75,0,2.62
668,2025-10-01,170.7,10.7,21438.11,82,2,3,8064.45,6,3.58
1431,2026-06-01,170.2,10.2,0,0,6,2,8541.46,8,4.25
517,2025-11-01,176.7,16.7,0,0,2,0,15161.64,8,2.29
154,2026-03-01,173.8,5.8,14556.65,58,1,1,6865.28,12,2.63
663,2025-11-01,173.3,13.3,0,0,4,0,16846.5,6,3.87
910,2026-02-01,147.4,3.4,0,0,2,2,7723.76,10,3.17
1087,2025-12-01,194.8,18.8,0,142,3,1,14693.14,2,2.98
299,2025-10-01,190.1,6.1,0,0,4,0,13496.92,4,4
1098,2026-04-01,100.8,0,0,0,3,1,4107.33,4,3.61
587,2025-10-01,190,14,28151.13,87,3,1,13860.45,4,3.25
1120,2026-04-01,170.8,10.8,23554.93,81,3,2,11383.66,,4.29
929,2026-02-01,152,0,13105.56,40,2,1,7757.17,8,2.74
277,2026-04-01,173.7,5.7,0,0,4,1,10625.48,6,3.56
1021,2026-03-01,182.7,6.7,27267.9,73,2,0,9562.21,4,3.17
1189,2026-03-01,175.3,7.3,20582.55,52,2,1,10581.94,4,2.81
657,2026-07-01,195.5,11.5,0,0,5,0,8428.55,0,3.97
1144,2026-06-01,176.9,8.9,0,0,2,1,14661.64,8,2.81
946,2026-05-01,164.1,12.1,0,0,3,2,9620.2,4,3.78
121,2025-09-01,175.7,7.7,0,0,4,1,12698.46,0,3.57
148,2025-09-01,185.9,9.9,0,113,3,0,9944.95,0,2.97
1251,2026-06-01,185,9,0,0,4,0,9807.85,2,3.26
160,2025-09-01,182.9,6.9,0,136,5,0,9060.53,8,4.12
1119,2026-01-01,177.3,1.3,22177.28,58,3,0,11956.85,0,3.67
665,2025-12-01,201.7,17.7,0,0,6,0,10762.56,4,4.29
138,2025-12-01,199.1,23.1,0,161,5,1,14638.83,4,3.08
1235,2025-12-01,178.3,18.3,0,0,4,3,11635.39,0,3.64
92,2026-06-01,177.4,9.4,0,142,4,1,12323.92,4,4.28
203,2026-06-01,180.8,12.8,22562.15,77,2,1,8526.08,2,2.99
149,2025-09-01,154.7,10.7,15172.67,44,2,4,7542.37,6,2.64
734,2025-11-01,173,13,0,0,3,0,8335.78,4,3.38
482,2026-02-01,162.5,2.5,0,83,3,0,13481.83,4,3.22
651,2026-07-01,186.3,2.3,21416.66,61,2,0,11364.45,6,2.98
1346,2026-02-01,159.5,7.5,20465.33,53,2,1,6820.71,4,3.91
1134,2026-06-01,170.3,10.3,19999.25,61,2,2,7496.88,6,2.83
906,2026-01-01,178.9,2.9,0,0,4,0,8139.43,6,3.76
1463,2026-03-01,168.9,0.9,25791.05,84,3,1,7735.62,6,4.26
1244,2025-12-01,110.4,0,0,77,2,0,9861.67,4,3
1004,2025-10-01,191.8,7.8,0,0,6,0,6435.78,4,3.65
699,2025-11-01,175.9,15.9,44406.53,141,3,0,12421.41,0,4.62
138,2025-10-01,201.1,17.1,0,137,4,0,14005.37,2,3.08
555,2025-12-01,110.4,0,22530.24,74,1,0,3863.33,0,3.43
1398,2025-11-01,175.4,15.4,25381.86,91,2,0,9102.04,2,3.36
324,2025-09-01,181.5,5.5,24920.96,67,2,0,6407.8,8,3.53
136,2026-04-01,159.6,7.6,0,0,2,3,10770.31,2,2.8
752,2025-10-01,199.1,15.1,0,0,3,0,7655.79,6,3.05
1000,2026-04-01,184.2,8.2,0,0,6,0,8344.58,8,4.95
1420,2026-03-01,176.8,8.8,0,0,3,1,11652.06,12,3.63
372,2026-02-01,136.5,0.5,0,0,5,3,9894.13,8,4.19
615,2025-09-01,170.7,2.7,0,0,5,1,9925.62,6,3.86
921,2025-11-01,154.6,10.6,0,0,3,2,10133.63,4,3.05
329,2026-06-01,164.5,12.5,19147.76,65,1,3,9644.06,6,3.13
300,2026-08-01,170.6,2.6,0,0,4,0,12692.8,4,
1328,2026-03-01,105.6,0,0,0,2,0,4056.5,8,3.62
294,2026-05-01,163.3,11.3,0,0,3,2,8627.34,2,2.81
194,2026-03-01,187.2,11.2,0,99,3,0,13583.2,12,2.86
1225,2026-07-01,180.5,4.5,0,0,5,1,8259.94,2,
791,2026-07-01,192.5,8.5,0,0,3,0,6468.19,0,2.67
1167,2026-06-01,185.9,9.9,0,0,5,0,11898.62,2,4.52
1253,2026-05-01,160.1,8.1,0,0,4,2,4815.43,0,2.76
1203,2026-04-01,96,0,0,0,2,2,4890.17,6,3.05
413,2026-06-01,162.3,10.3,20339.48,54,1,3,9223.7,2,2.95
552,2026-01-01,177.2,1.2,0,0,5,0,8947.12,8,3.84
1126,2025-09-01,190.9,14.9,0,124,6,0,12648.29,6,3.33
1002,2026-05-01,175.6,7.6,0,0,6,0,7303.01,8,4.04
1466,2025-11-01,159.5,7.5,0,0,4,1,7881.71,8,3.09
951,2025-09-01,178.8,10.8,18473.99,53,2,1,7804.03,4,3.02
1117,2025-11-01,160.8,16.8,0,131,3,2,12797.57,2,3.31
1252,2026-07-01,168,8,0,98,5,3,11218.37,2,
1500,2025-12-01,188.7,12.7,0,0,5,1,13619.82,8,3.53
1094,2025-11-01,86.4,0,13146.42,37,1,2,5256.17,8,3.17
661,2025-09-01,177.1,1.1,0,0,6,0,8241.55,2,3.7
602,2025-11-01,174.1,14.1,0,0,4,0,7175.13,8,4.26
23,2025-11-01,164.6,12.6,0,0,6,1,6877.89,2,3.76
614,2025-12-01,195.4,11.4,0,0,4,0,9080.92,0,3.51
32,2026-06-01,188.3,12.3,0,104,3,0,9561.51,4,2.93
825,2026-06-01,183.6,15.6,0,142,5,1,17735.7,2,3.62
1152,2026-05-01,171.5,11.5,0,123,5,1,12408.07,6,3.82
100,2025-11-01,164.1,12.1,16508.75,57,1,1,9580.24,8,2.27
1261,2026-08-01,169.1,1.1,0,0,4,0,7748.9,6,
728,2026-08-01,162.9,2.9,0,0,4,1,8931.49,2,3.37
641,2026-01-01,169.3,1.3,21539.44,71,3,1,8163.15,8,4.25
280,2026-02-01,160.9,0.9,15901.41,52,2,0,7417.99,10,3.46
370,2026-01-01,175.2,7.2,14721.75,46,2,1,10249.32,8,3.07
874,2026-07-01,191.7,7.7,26305.7,81,3,0,10627.24,6,4.19
534,2025-09-01,165.7,5.7,18652.21,52,1,2,9461.43,4,2.86
727,2026-08-01,176.3,8.3,0,132,6,0,11452.65,0,4.55
1415,2026-05-01,177.7,9.7,0,0,5,0,7614.88,,3.66
114,2026-08-01,163.5,11.5,0,0,3,2,9356.36,8,3.5
591,2025-12-01,193.3,9.3,0,0,5,0,8381.47,2,3.58
12,2025-09-01,184.6,8.6,0,0,4,0,11360.23,8,4.37
778,2026-03-01,105.6,0,15329.65,42,1,0,4991.83,6,3.51
997,2026-01-01,176,0,0,0,6,0,7909.67,0,4.32
246,2026-04-01,189.3,13.3,0,0,5,0,16699.12,0,3.91
1396,2026-05-01,178,10,0,0,3,0,11631.94,0,3.06
306,2026-05-01,169.4,9.4,0,83,4,1,11004.68,6,2.91
770,2026-03-01,177.9,9.9,29162.74,90,3,1,8609.39,8,4.03
382,2025-09-01,173.9,5.9,0,128,6,1,10322.44,2,4.04
1371,2025-10-01,194.9,10.9,28601.52,89,2,0,10702.88,0,3.37
1364,2026-05-01,176.7,8.7,0,0,4,0,7947.64,8,3.52
497,2026-04-01,62.4,0,0,0,1,0,3117.93,6,3.15
729,2026-04-01,170.3,2.3,19685.12,51,1,1,9218.06,6,3.07
1480,2026-02-01,147.3,3.3,0,0,4,2,9568.16,8,3.87
1061,2026-01-01,100.8,0,0,0,3,1,4137.83,6,
1366,2026-08-01,148.4,4.4,0,0,5,3,8304.62,0,3.48
1267,2026-01-01,184.8,8.8,0,113,5,0,14671.74,8,4.09
1373,2026-07-01,173.6,5.6,0,0,4,2,11075.07,0,3.53
1069,2026-04-01,177.1,9.1,0,0,4,1,7150.67,8,
228,2026-02-01,157,5,0,66,3,1,10288.37,12,2.95
919,2026-08-01,172.6,4.6,0,0,4,0,10085.09,8,3.61
969,2026-01-01,174.5,6.5,18450.93,56,3,1,10309,6,3.43
888,2026-02-01,166.9,6.9,0,78,3,0,14307.52,6,3.68
825,2025-11-01,156,20,0,140,4,3,18330.7,8,3.65
1222,2026-02-01,161.5,9.5,0,58,4,1,13379.02,8,2.93
1002,2026-07-01,181.1,5.1,0,0,5,1,7154.76,0,3.74
521,2025-10-01,189.2,5.2,0,0,4,0,10443.56,8,3.62
359,2026-05-01,158.7,6.7,0,0,4,2,10508.75,0,3.76
1326,2025-12-01,201.6,17.6,36982.1,117,3,0,8224.02,4,3.29
309,2025-09-01,181.2,5.2,24336.19,84,3,0,8233.73,2,3.53
1261,2025-10-01,192.8,8.8,0,0,5,0,8260.38,8,3.98
1190,2025-10-01,192.4,8.4,0,0,3,0,12247.11,8,3.21
1451,2026-01-01,164.6,4.6,0,81,2,2,11879.8,4,3.18
868,2026-04-01,173.9,5.9,24384.52,85,3,1,7608.26,2,4.2
907,2026-02-01,96,0,10078.45,35,1,0,6415.17,8,3.5
1209,2026-01-01,167.8,7.8,0,0,2,2,7223.42,6,2.36
1237,2026-02-01,167.6,7.6,17506.28,52,2,0,8440.71,8,3.33
403,2026-03-01,172.3,4.3,0,0,5,1,7950.92,10,3.76
696,2026-06-01,183.4,7.4,0,0,7,0,11455.97,8,4.54
774,2025-12-01,181.9,21.9,43502.85,117,2,3,8271.92,2,4.2
927,2026-03-01,167.1,7.1,0,0,5,2,8848.89,8,3.62
390,2025-09-01,167.9,7.9,0,0,2,2,10720.51,8,3.18
1012,2025-09-01,162.2,2.2,0,0,4,2,9158.44,0,3.2
914,2026-07-01,191.8,7.8,0,0,7,0,10310.27,6,4.15
973,2025-11-01,175.3,15.3,30511.76,79,2,0,9532.58,4,3.24
187,2026-08-01,100.8,0,0,0,3,0,5723.83,0,3.87
554,2025-10-01,185.3,9.3,31338.46,93,3,1,10424.66,8,3.68
1316,2025-12-01,202.1,18.1,0,0,4,0,6901.25,4,3.7
1139,2025-10-01,197.2,13.2,35139.25,88,3,0,7400.35,0,3.42
1243,2026-08-01,149.4,5.4,0,0,3,3,12982.95,4,2.51
715,2026-08-01,166,6,0,0,7,1,12009.98,6,
187,2026-07-01,105.6,0,0,0,2,1,5723.83,2,3.61
850,2026-06-01,193.7,17.7,0,95,4,0,13974.92,4,2.61
766,2026-07-01,178.8,2.8,34032.94,75,3,1,9871.54,8,4.6
1017,2026-06-01,191.3,15.3,0,140,5,0,11282.52,6,3.39
984,2026-01-01,164.3,4.3,0,63,4,2,10838.86,8,3.35
618,2026-01-01,178.9,2.9,0,0,3,0,13881.85,8,3.04
330,2025-09-01,184.7,8.7,18636.67,59,3,0,7670.39,4,3.18
1369,2026-05-01,167.3,7.3,27051.03,94,3,1,7209.55,2,4.57
491,2025-12-01,197.5,21.5,0,0,5,1,10358.04,8,3.44
1127,2026-03-01,173.2,5.2,0,0,4,1,13683.93,12,2.87
10,2025-09-01,180.1,4.1,0,0,5,0,11474.85,8,3.08
293,2026-08-01,100.8,0,0,57,3,0,6882.83,,3.65
1155,2025-10-01,198.6,14.6,0,121,4,0,9515.94,4,2.83
519,2025-12-01,183.3,23.3,0,151,5,3,13426.06,2,3.15
512,2026-02-01,91.2,0,0,0,2,1,5063,8,4.06
1068,2025-10-01,185.7,9.7,30221.23,90,2,1,11262.52,2,3.72
610,2025-09-01,170.2,10.2,0,0,3,2,8618.91,4,2.82
349,2025-09-01,175.4,7.4,0,0,6,1,9422.24,6,3.6
301,2025-11-01,158.3,14.3,0,0,4,2,9299.78,8,3.14
1437,2026-02-01,165.5,5.5,16596.97,60,2,0,10267.14,6,3.54
372,2026-08-01,173.6,5.6,0,0,6,0,10328.92,6,4.41
1305,2026-06-01,185.9,9.9,37006.63,97,2,0,9282.69,0,4.01
285,2025-12-01,198.7,14.7,0,144,4,0,13267.91,8,3.17
1371,2026-02-01,149.9,5.9,16717.01,51,1,2,10279.69,6,3.29
620,2025-10-01,188.2,12.2,0,0,5,1,9958.67,2,3.51
618,2026-05-01,176.9,8.9,0,0,3,0,14584.99,4,3.13
444,2025-10-01,186.6,10.6,0,155,7,1,18935.34,0,4.04
316,2026-04-01,176.7,8.7,0,0,6,1,14474.1,6,3.72
483,2025-11-01,96,0,0,0,2,0,5581.5,8,3.18
1275,2026-03-01,168.2,8.2,0,0,3,2,6532.87,12,3.06
1228,2026-08-01,180.9,12.9,0,0,5,0,9448.15,8,4.22
1495,2026-02-01,155,3,0,0,3,1,11108.6,10,3.68
653,2026-04-01,176.5,8.5,19199.41,63,3,1,10597.98,0,3.2
1335,2026-04-01,182.6,6.6,0,0,7,0,10360.44,6,4.15
910,2026-03-01,185.9,9.9,0,0,5,0,8145.81,12,3.32
745,2026-05-01,163.3,3.3,0,0,4,1,10927.57,4,3.44
972,2026-07-01,171,3,0,0,5,2,10722.67,6,4.03
233,2025-10-01,188.9,4.9,0,0,3,0,9124.68,4,3.23
371,2025-11-01,166,14,29419.21,93,1,1,6624.15,8,3.41
224,2026-07-01,183.3,15.3,0,112,4,2,13400.87,4,
229,2026-06-01,182.9,6.9,0,0,5,0,9523.98,4,3.96
722,2026-05-01,178.5,10.5,0,127,4,0,19020.15,0,3.64
482,2025-10-01,192.4,8.4,0,124,3,0,14155.61,8,3.1
276,2026-04-01,169.2,17.2,0,101,4,3,16928.43,6,3.23
1035,2025-12-01,189.3,21.3,0,0,4,2,7802.35,0,3.03
1209,2026-05-01,174.6,6.6,0,0,3,0,7153.15,6,2.81
546,2025-11-01,174.1,14.1,33433.76,114,3,0,8851.98,4,4.05
1002,2025-10-01,188.7,4.7,0,0,5,0,7131.04,2,3.92
1356,2026-03-01,188.6,12.6,0,140,6,0,15774.04,10,4.03
392,2026-07-01,193.7,9.7,0,0,4,0,8430.36,2,3.58
258,2026-03-01,182.9,6.9,0,144,4,0,12077.36,4,3.84
1326,2026-02-01,165.9,5.9,14861.65,58,2,0,7501.4,10,3.29
1445,2025-10-01,190.6,6.6,24731.02,97,2,0,11198.73,8,3.65
8,2026-04-01,187.7,11.7,0,0,5,0,9292.71,8,2.99
1468,2026-06-01,190.3,14.3,0,0,5,0,8088.75,8,3.38
1171,2025-12-01,205.6,21.6,0,0,3,0,18064.38,4,3.55
198,2025-10-01,194.4,10.4,0,0,4,0,7557.7,6,4.42
237,2026-04-01,154.9,2.9,0,0,3,3,8837.7,4,2.59
1033,2026-02-01,146.4,10.4,0,0,3,3,10117.56,4,3.12
609,2026-01-01,179.1,3.1,21414.08,71,3,0,7067.48,4,3.96
16,2025-09-01,183.2,7.2,0,0,6,0,10044.12,2,4.15
1026,2025-11-01,166.5,14.5,0,0,4,1,10527,2,3.25
1339,2026-03-01,182.9,6.9,0,0,6,0,9739.46,12,5
577,2026-03-01,176.1,8.1,0,0,3,1,8899.28,4,2.88
944,2026-02-01,152,0,0,0,4,1,11305.33,10,3.56
936,2025-11-01,96,0,0,0,3,0,5002,8,3.62
1148,2025-12-01,194.2,10.2,36190.45,122,2,0,11506.63,4,3.35
909,2025-12-01,205.6,21.6,0,216,6,0,14528.73,8,4.32
8,2026-06-01,174.2,6.2,0,0,4,1,8891.08,2,2.95
217,2026-03-01,186.9,10.9,0,108,3,0,17500.66,12,3.02
153,2025-09-01,179.1,3.1,0,0,3,0,6681.22,6,3.97
158,2026-07-01,190.3,14.3,0,97,4,1,13492.68,8,3.55
38,2026-03-01,98.8,2.8,12103.38,43,1,0,3822.59,12,3.9
451,2026-06-01,184.6,8.6,0,0,4,0,7001.84,4,3.59
363,2025-12-01,199.1,23.1,0,0,6,1,12357.61,8,4.18
429,2026-01-01,170.8,2.8,0,0,5,1,10183.93,2,3.46
850,2026-02-01,169.5,9.5,0,68,3,0,13114.96,8,2.59
966,2026-06-01,157.9,5.9,24917.74,78,2,3,8516.55,0,3.65
596,2025-11-01,182,22,0,147,3,0,14728.43,4,3.47
1176,2025-10-01,184.1,8.1,0,0,4,1,8148.6,4,3.35
402,2026-08-01,164.3,4.3,30704.75,92,3,1,8889.42,0,4.49
62,2025-09-01,171.4,3.4,0,0,4,1,23935.29,6,3.99
954,2026-02-01,163.2,3.2,0,0,4,0,9173.52,12,3.51
890,2025-12-01,183.6,23.6,0,0,4,3,11116.66,8,3.48
1172,2025-11-01,171.6,11.6,0,0,6,0,8043.63,6,3.93
514,2026-07-01,184.6,8.6,0,111,7,1,14375.06,0,3.76
105,2026-02-01,166.8,6.8,23416.48,69,3,0,9979.1,,4.36
859,2025-12-01,199.6,15.6,46411.99,134,3,0,7188.9,6,3.83
1032,2026-04-01,189.4,13.4,30671.53,81,3,0,8191.53,4,4.01
967,2026-08-01,180,12,0,130,6,0,14061.71,8,4.54
623,2026-08-01,161.2,9.2,0,80,5,2,11096.83,6,3.44
498,2026-07-01,110.4,0,0,71,4,0,5418.83,6,3.75
630,2026-03-01,184.7,8.7,0,0,5,0,8592.63,10,2.95
1119,2025-12-01,201.2,17.2,44194.52,123,2,0,13583.77,4,3.66
833,2025-09-01,188.2,12.2,0,0,4,0,8722.26,8,3.83
1353,2026-04-01,173.2,5.2,0,0,5,1,9211.15,,3.04
1096,2026-06-01,190.5,14.5,0,136,5,0,13707.98,8,3.8
987,2026-02-01,163.9,3.9,15825.69,54,2,0,7083.6,4,3.59
60,2026-06-01,190,14,27430.46,75,1,0,4901.31,8,3.47
856,2026-08-01,166.5,6.5,0,0,5,1,9202.93,8,3.75
981,2026-04-01,187.7,11.7,35172.06,104,2,0,8609.76,0,4.37
1465,2026-05-01,178.7,10.7,16488.85,48,1,0,10263.85,2,2.34
1305,2025-09-01,187.7,11.7,6508.35,23,1,0,9415.87,8,3.78
755,2026-03-01,187.7,11.7,22400.88,78,3,0,10613.85,10,3.34
690,2025-09-01,177.5,9.5,0,0,6,1,8097.83,8,3.99
214,2026-04-01,166.4,6.4,19444.51,57,2,2,9302.69,8,3.21
1023,2026-08-01,161.3,1.3,0,0,4,1,8697.76,2,3.89
233,2026-07-01,172.3,4.3,0,0,2,2,9079.23,2,3.01
134,2026-02-01,163.5,3.5,0,75,3,0,11679.18,10,3.16
898,2025-10-01,197.7,13.7,0,158,4,0,10234.8,4,3.86
850,2025-11-01,147.2,11.2,0,91,3,3,13293.25,0,2.62
880,2025-09-01,183.3,7.3,0,0,3,0,8063.46,2,3.45
581,2026-08-01,166.5,6.5,0,0,4,1,12607.05,2,
378,2025-12-01,180.8,20.8,0,0,4,3,8973.51,8,2.98
462,2025-09-01,171.6,11.6,0,121,4,2,12350.72,2,3.56
955,2026-02-01,157.8,5.8,14831.71,47,1,1,6566.33,8,3.1
1,2025-10-01,195,11,0,0,6,0,5010.5,4,3.71
539,2026-02-01,128.4,0.4,12399.68,45,1,4,11038.41,8,3.51
1254,2026-05-01,178.7,10.7,0,0,4,0,8530.99,8,3.48
31,2025-10-01,192.5,16.5,0,0,3,1,11153.62,8,3.05
1301,2026-04-01,186.5,10.5,23285.72,73,2,0,8218.03,4,3.1
204,2026-04-01,189,13,0,144,5,0,10021.03,4,3.81
1459,2026-04-01,183.6,7.6,0,0,3,0,8245.68,6,2.88
1142,2026-05-01,86.4,0,0,56,2,3,5874.3,0,3.31
852,2026-03-01,174.6,6.6,24250.14,64,2,1,11187.98,4,3.12
1096,2025-09-01,191,15,0,121,5,0,13760.68,2,3.89
254,2026-01-01,100.8,0,0,0,2,1,4646.17,6,3.66
569,2025-09-01,185.6,9.6,0,115,5,0,9775.38,2,3.1
1221,2026-06-01,191.6,15.6,0,143,6,0,17377.99,2,3.54
311,2025-10-01,197.2,13.2,0,0,3,0,8949.13,2,2.67
869,2025-12-01,195.2,27.2,0,183,7,2,17545.96,6,4.23
484,2025-09-01,182.1,14.1,0,124,7,1,10893.87,0,
1243,2026-02-01,164.3,4.3,0,0,2,0,12864.88,4,2.77
1463,2025-11-01,159.7,15.7,33510.71,98,2,2,8718.71,0,4.02
996,2026-02-01,149.5,5.5,0,0,2,2,10267.14,12,2.82
391,2026-01-01,178.1,2.1,0,0,5,0,8156.92,6,4
1350,2026-02-01,153.1,1.1,0,0,3,1,9267.89,6,3.74
1111,2026-04-01,179,3,0,0,3,0,8876.45,2,3.07
215,2026-07-01,177.5,1.5,21204.82,86,2,1,9948.48,0,4.07
1068,2025-09-01,174.2,6.2,25025.79,71,2,1,10947.81,6,3.69
106,2026-02-01,145.1,9.1,0,56,2,3,12129.82,8,3.04
72,2026-08-01,173.9,5.9,0,0,5,0,15408.86,6,3.39
889,2025-11-01,173.7,13.7,0,0,6,0,10769.29,4,4.21
1235,2026-07-01,190,6,0,0,4,0,10566.22,6,3.81
927,2026-06-01,169.9,9.9,0,0,6,2,9050.89,2,3.95
917,2026-07-01,193.1,9.1,0,0,4,0,9958.3,8,3.11
152,2025-09-01,162.7,2.7,17820.61,52,1,2,6648.29,2,2.99
623,2026-04-01,181.9,13.9,0,119,3,1,11514.88,2,3.19
445,2025-12-01,110.4,0,0,0,2,0,5784.83,2,3.1
1392,2025-09-01,155.7,3.7,19334.51,65,1,3,6798.94,4,3.48
437,2026-06-01,164,4,0,0,4,2,9487.77,2,3.56
400,2026-06-01,191.7,15.7,0,129,5,0,10601.03,8,3.65
1248,2026-03-01,188.5,12.5,0,139,3,0,9790.52,8,3.67
1179,2026-08-01,165.8,5.8,23699.86,58,2,1,10004.31,4,3.71
1212,2025-11-01,168.5,16.5,36480.34,100,2,1,8585.96,6,4.09
437,2026-01-01,178,2,0,0,6,0,9329.05,,3.77
84,2025-11-01,153.7,17.7,0,122,3,3,22169.94,4,3.68
707,2025-12-01,203.9,19.9,0,0,4,0,10713.82,0,3.9
477,2026-03-01,100.8,0,9697.65,30,1,1,4188.67,12,2.53
396,2026-03-01,186.3,10.3,0,80,4,0,18724.22,12,2.68
448,2026-08-01,146.2,2.2,0,0,2,3,8402.14,6,2.23
945,2026-06-01,182,14,0,140,5,1,12048.11,6,3.96
1155,2026-08-01,168.5,8.5,0,70,4,1,9069.95,8,2.89
983,2026-07-01,190.5,14.5,0,92,3,1,17129.25,2,3.48
353,2026-07-01,181.8,5.8,0,0,3,1,7420.48,6,2.91
1388,2025-10-01,105.6,0,0,0,2,1,5713.67,8,3.39
1191,2025-09-01,179.1,11.1,0,87,3,1,18141.22,6,3.22
28,2026-02-01,155.1,3.1,0,0,5,1,11587.74,12,4.93
1157,2025-12-01,196.9,12.9,0,0,3,0,12533.5,8,
1376,2025-11-01,164.4,12.4,0,0,2,1,9546.47,8,2.62
249,2025-10-01,110.4,0,0,72,3,0,5754.33,4,3.63
349,2026-03-01,185.6,9.6,0,0,4,0,9590.83,6,3.67
576,2026-05-01,176.9,8.9,0,0,6,0,9821.88,0,4.48
1049,2026-04-01,180.5,4.5,0,0,5,0,8344.44,4,3.29
956,2026-07-01,183.5,7.5,0,0,6,1,9570.65,0,4.38
832,2026-05-01,158.1,6.1,19333.31,54,2,2,8808.86,8,3.22
585,2025-10-01,179.5,3.5,0,0,5,1,11532.53,8,3.71
57,2025-09-01,166,6,0,0,5,2,10266.77,6,3.85
1211,2025-12-01,201.3,17.3,0,0,5,0,10917.28,0,3.2
893,2026-02-01,147.3,3.3,0,80,5,2,9797.01,6,3.61
1374,2025-09-01,176.5,8.5,0,92,3,1,9746.65,8,3.06
941,2025-10-01,173.9,5.9,0,0,3,2,6529,4,3.71
1096,2026-07-01,189.7,13.7,0,109,4,1,13623.66,6,3.53
371,2026-01-01,168,0,20445.46,50,2,1,5908.33,4,3.89
1248,2025-11-01,175.9,15.9,0,152,5,0,10050.47,0,3.35
1298,2026-02-01,156.5,4.5,0,0,4,1,15505.87,6,4.66
1206,2026-01-01,148.5,4.5,0,0,4,4,11851.21,4,3.66
1149,2026-08-01,164.1,4.1,12619.58,35,2,1,7200.73,0,2.17
1280,2025-12-01,199.7,15.7,0,0,4,0,10173.76,4,2.63
490,2025-09-01,185.2,9.2,0,0,4,0,9812.62,4,3.59
639,2025-11-01,149.9,5.9,0,0,3,2,9307.29,0,3.64
981,2025-12-01,203.3,19.3,50820.42,161,3,0,9123.95,8,4.3
620,2026-08-01,169.4,9.4,0,0,4,1,9740.41,4,3.43
932,2026-06-01,182.5,14.5,0,138,5,1,13639.33,2,3.82
449,2026-03-01,185.8,9.8,0,96,3,0,13753.01,10,2.94
1053,2025-12-01,195.3,19.3,0,0,5,1,13015.57,2,4.43
1336,2026-01-01,105.6,0,0,0,3,0,4636,2,3.8
1426,2026-03-01,184.1,8.1,0,0,6,0,9258.29,10,3.94
764,2026-02-01,135.2,7.2,0,58,4,4,13208.56,12,3.3
651,2026-01-01,172.2,4.2,16233.42,51,2,1,11547.66,4,2.96
988,2025-11-01,171.6,11.6,19721.75,58,2,0,10281.08,2,2.46
504,2026-02-01,165.9,5.9,0,0,3,0,7760.31,12,2.87
432,2026-07-01,105.6,0,0,0,2,1,4046.33,0,3.64
652,2025-12-01,202.7,18.7,0,0,5,0,11823.72,8,3.09
327,2026-04-01,176.7,8.7,0,0,4,1,9018.98,2,3.73
767,2026-03-01,168.9,8.9,0,0,3,2,6821.66,12,3.07
46,2025-11-01,170.3,10.3,23180.82,90,2,0,6754.45,4,3.18
924,2025-09-01,159.5,7.5,0,0,4,3,12916.04,8,4.22
631,2026-08-01,96,0,12959.04,39,1,1,5042.67,4,3.97
580,2026-01-01,105.6,0,0,0,4,0,4209,8,4.49
1386,2026-08-01,177,9,21754.84,63,2,0,7868.2,2,3.07
1078,2026-04-01,181.4,13.4,22515.96,73,3,1,9019.76,4,3.35
1189,2025-10-01,186.7,10.7,20180.65,60,1,1,10874.79,6,2.68
60,2026-04-01,146.6,2.6,18654.18,57,2,4,4470.03,6,3.2
157,2026-04-01,100.8,0,13067.74,33,1,1,3975.17,4,3.16
1170,2026-05-01,173,5,0,0,4,0,8050.39,4,3.68
1484,2026-02-01,160,0,17947.16,51,2,0,8682.33,12,3.63
875,2026-02-01,91.2,0,0,0,1,1,6974.33,8,3.62
765,2026-06-01,181.8,5.8,26587.32,78,2,0,8360.06,8,3.97
968,2026-08-01,170.2,2.2,0,0,4,0,8453.94,4,3.94
843,2025-09-01,163.4,11.4,23195.05,63,2,3,9460.69,0,
188,2026-01-01,172.5,4.5,18506.52,57,2,1,8798.63,8,3.44
85,2026-04-01,181.5,5.5,23772.25,89,3,0,14463.46,6,3.73
1463,2026-05-01,8.7,0.7,1866.6,6,0,0,412.01,0,4.73
974,2025-12-01,110.4,0,0,142,4,0,7004.83,6,4.58
645,2025-09-01,178.7,2.7,28399.98,70,2,0,10123.3,8,4.11
166,2026-05-01,180.5,12.5,26540.64,79,2,0,6500.73,8,3.36
146,2025-11-01,173.2,13.2,0,84,2,0,15564.69,2,2.48
1143,2025-10-01,185.1,9.1,25032.44,77,2,1,9157.69,0,3.2
1225,2025-09-01,184.3,8.3,0,0,2,0,8521.38,14,3.24
1319,2025-11-01,91.2,0,0,0,2,1,4961.33,6,2.68
1091,2026-06-01,178,10,0,0,5,1,12637.17,0,3.59
865,2026-04-01,186.6,10.6,0,0,2,0,10111.43,4,2.52
257,2026-05-01,171.4,3.4,0,0,4,0,7650.5,8,2.97
1296,2025-12-01,110.4,0,19820.38,57,2,0,3873.5,4,3.33
522,2025-09-01,179.2,3.2,26583.53,65,2,0,8281.49,0,3.63
1152,2026-04-01,188.6,12.6,0,154,4,0,12515.5,2,4.47
1073,2025-12-01,196.4,20.4,0,0,5,1,12499.74,6,3.68
733,2026-08-01,171.9,11.9,0,100,3,1,14970.21,8,3.1
169,2026-04-01,187.6,11.6,0,116,4,0,14330.86,6,3.78
538,2025-12-01,189.2,21.2,0,0,4,2,10684.29,6,3.02
138,2026-03-01,181,13,0,99,4,1,13572.5,,3.14
1102,2026-08-01,173.3,5.3,0,0,5,0,7538.77,4,4.08
1211,2026-04-01,165.8,5.8,0,0,5,2,9972.28,6,3.14
647,2026-01-01,183.3,7.3,0,0,5,0,9187.59,0,3.45
1361,2026-06-01,105.6,0,0,0,2,0,5286.67,2,3.93
59,2025-09-01,176.4,8.4,0,0,5,1,8070.22,0,4.62
692,2025-11-01,160.6,16.6,0,0,5,2,11813.18,8,4.03
665,2026-07-01,180.4,4.4,0,0,5,1,9688.37,6,4.29
163,2026-04-01,177.5,9.5,0,117,3,1,14545.28,4,3.35
395,2026-02-01,91.2,0,0,41,2,1,7259,6,3.45
6,2025-09-01,180.5,4.5,0,0,4,0,11513.21,8,3.92
922,2026-07-01,105.6,0,0,0,3,1,5164.67,4,3.37
450,2026-01-01,105.6,0,11067.7,29,1,0,4656.33,4,3.62
987,2026-08-01,175.1,7.1,19920.05,70,2,0,7273.36,0,
1175,2026-06-01,180.1,12.1,25805.48,74,1,1,9456.7,2,3.05
395,2026-03-01,105.6,0,0,70,3,0,7259,4,3.63
1121,2025-09-01,175.2,7.2,0,0,4,1,8488.9,0,3.47
949,2025-12-01,198.9,14.9,0,0,4,0,6404.49,0,3.95
121,2026-07-01,191.1,7.1,0,0,4,0,12636.65,6,3.47
914,2026-02-01,164.4,4.4,0,0,5,0,10026.09,4,4.05
1137,2025-11-01,160.9,16.9,28998.32,89,2,2,8145.83,0,3.9
1394,2026-04-01,164.4,4.4,0,0,4,2,8580.22,4,3.7
539,2026-08-01,177.2,9.2,23696.73,66,2,0,11876.13,8,
1269,2026-02-01,161.4,9.4,0,108,5,1,13555.21,6,4.21
511,2026-04-01,189.7,13.7,0,127,6,0,12520.58,4,4.19
664,2026-01-01,171,3,0,0,4,1,8083.72,8,3.78
821,2025-11-01,177.9,17.9,0,0,7,0,10943.1,0,
1054,2026-05-01,177,9,26659.67,77,2,0,10914.66,4,3.45
1271,2026-02-01,168.4,8.4,19498.13,60,3,0,8680.94,12,3.91
462,2025-12-01,208,24,0,188,7,0,13555.14,8,3.65
909,2026-02-01,141.1,5.1,0,82,5,3,12780.9,12,4.2
1202,2025-12-01,203.5,27.5,0,152,5,1,11679.94,4,2.95
1005,2026-01-01,162.5,2.5,0,0,4,2,8298.91,0,3.23
286,2026-01-01,178.1,2.1,0,0,3,0,6645.62,6,3.56
69,2026-08-01,183.5,15.5,0,134,5,0,26220.06,4,4.18
966,2026-03-01,185.8,17.8,23986.16,77,3,1,9350.98,12,3.93
901,2026-08-01,178.9,10.9,0,79,4,0,9801.7,6,2.9
412,2026-01-01,176,0,16684.58,53,2,0,10481.83,0,3.19
418,2026-02-01,137.1,1.1,0,0,5,3,9206.31,10,3.72
1033,2025-09-01,176.1,8.1,0,0,3,1,9932.81,,2.93
637,2025-12-01,199.9,15.9,0,0,4,0,7754.61,2,3.37
1372,2026-03-01,184.4,8.4,0,89,4,0,13752.09,6,2.71
934,2026-05-01,175.9,7.9,28674.17,93,2,0,9265.04,2,
779,2025-12-01,210.7,26.7,0,193,5,0,13517.01,2,3.21
337,2025-10-01,91.2,0,0,0,2,4,5723.83,0,2.85
1323,2025-10-01,105.6,0,0,0,3,1,6100,6,3.23
1354,2026-07-01,186.9,2.9,0,0,6,0,8212.39,4,3.65
448,2026-01-01,171.8,3.8,0,0,4,1,8516.31,8,2.58
238,2026-03-01,183.4,7.4,29843.38,76,3,0,8437.82,8,3.98
809,2026-03-01,174.4,6.4,0,0,3,1,6158.87,12,3.85
725,2026-02-01,164.2,4.2,0,0,3,0,9904.01,10,3.25
965,2026-08-01,100.8,0,16409.66,55,2,0,6242.33,2,4.66
116,2026-02-01,96,0,0,0,3,0,4524.17,6,3.14
1202,2026-03-01,185.6,9.6,0,113,3,0,10218.47,6,2.98
1014,2025-10-01,195.2,11.2,0,113,4,0,13482.83,4,3.41
1270,2026-06-01,189.2,13.2,0,134,5,0,15496.72,2,4.13
22,2026-08-01,167.8,7.8,0,0,4,1,10201.74,2,3.52
1260,2026-03-01,176.9,8.9,0,0,4,1,9559.08,12,2.84
106,2026-03-01,187.3,11.3,0,101,4,0,12343.9,6,3.23
59,2025-11-01,162.1,10.1,0,0,5,1,8180.9,4,4.41
980,2025-12-01,199.2,15.2,30508.96,85,1,0,11469.46,2,2.73
1133,2026-07-01,184,0,0,0,7,0,12210.17,4,
834,2026-03-01,182.7,6.7,0,0,3,0,10648.58,8,2.48
607,2026-01-01,176.2,0.2,0,0,4,0,8310.36,0,3.87
763,2026-04-01,178.7,10.7,0,106,6,1,13551.83,6,3.71
1229,2026-06-01,181.6,5.6,0,0,3,0,8261,8,3.41
724,2026-03-01,154.5,2.5,25678.44,81,2,3,8517.03,4,4.25
40,2026-08-01,178.6,10.6,0,82,3,0,9434.37,0,2.53
1382,2026-08-01,96,0,0,0,2,1,5774.67,6,2.55
707,2026-02-01,141.5,5.5,0,0,4,3,9574.85,4,3.88
237,2026-07-01,190.6,6.6,0,0,5,0,9113.74,6,2.92
1255,2025-10-01,110.4,0,17111.42,55,2,0,3832.83,6,4.04
1418,2026-01-01,96,0,0,38,2,2,8346.83,0,3.27
425,2026-08-01,177.9,9.9,0,0,4,0,9613.82,4,2.91
1456,2026-04-01,172.2,4.2,0,0,3,1,10441.36,0,3.44
58,2025-10-01,182.1,6.1,0,0,7,1,5458.71,4,4.85
1295,2025-12-01,210.4,26.4,0,161,4,0,14949.76,8,3.21
1279,2025-11-01,171.9,11.9,0,0,4,0,8993.34,2,3.06
1419,2026-02-01,153.5,1.5,17168.78,54,3,1,5952.61,10,3.92
1082,2025-10-01,200,16,0,98,2,0,12778.09,0,2.35
1345,2026-01-01,181.7,5.7,0,0,3,0,8321.16,2,3.13
254,2025-11-01,96,0,0,0,2,0,4646.17,4,3.55
1279,2026-03-01,187.7,11.7,0,0,5,0,8979.23,8,3.33
457,2025-10-01,196.1,12.1,0,0,6,0,7232.91,4,3.31
611,2026-04-01,180.6,12.6,0,0,5,1,9843.27,6,3.91
371,2025-10-01,191.5,7.5,25110.41,96,3,0,6291.81,0,3.61
465,2026-02-01,96,0,8619.53,29,1,0,5256.17,10,2.99
990,2026-03-01,183.1,7.1,0,0,5,0,9410.04,4,
1067,2026-08-01,171.4,3.4,0,0,4,0,6991.16,,
1204,2026-03-01,176.2,8.2,27832.21,85,2,1,7033.72,12,4.18
310,2026-04-01,173.7,5.7,0,0,3,1,11254.91,4,3.36
1456,2026-01-01,168,0,0,0,4,1,10075.17,0,3.58
410,2026-02-01,167.2,7.2,0,101,5,0,11728.94,6,3.77
29,2026-01-01,173.8,5.8,0,0,6,1,5338.48,0,4.98
1143,2025-12-01,199.9,15.9,31693.47,112,2,0,9657.24,2,
1173,2026-03-01,182,6,26151.97,85,3,0,6748.26,12,4.01
954,2026-04-01,178.1,10.1,0,0,3,1,9706.53,2,3.54
1132,2026-03-01,188.7,12.7,22659.8,81,3,0,10516.71,4,3.45
151,2025-09-01,105.6,0,0,0,3,0,3395.67,4,3.9
684,2025-12-01,189.3,13.3,40794.36,112,3,1,11552.21,8,3.86
1099,2026-06-01,179.7,3.7,0,0,4,0,8760.98,2,2.87
426,2026-03-01,169.6,9.6,20404.1,57,2,2,8489.7,12,3.33
1181,2026-06-01,184.8,8.8,0,0,6,0,8118.15,0,4.38
249,2026-01-01,100.8,0,0,44,2,1,5754.33,8,3.94
420,2025-10-01,196.1,12.1,0,0,5,0,9670.09,0,4.37
981,2025-09-01,184.4,8.4,28967.76,81,3,0,8386.49,2,4.09
1220,2026-01-01,178.2,2.2,0,99,6,0,13188.57,8,3.67
1423,2026-02-01,165.2,5.2,0,106,5,0,10539.17,8,4.31
800,2026-02-01,160,0,0,0,6,0,11091.83,10,4.47
102,2026-06-01,186.6,10.6,0,0,6,0,14118.26,4,3.51
252,2026-01-01,180.5,4.5,0,0,4,0,6876.24,2,3.43
1101,2025-12-01,110.4,0,16088.12,49,1,0,4524.17,4,3.06
1024,2026-04-01,182.5,6.5,0,0,5,0,11232.51,2,3.72
295,2026-01-01,179.5,3.5,0,87,5,0,12726.64,6,3.57
343,2026-04-01,151,7,0,88,4,4,14276.94,6,3.71
744,2026-06-01,185.9,9.9,0,0,4,0,5927.23,6,3.81
88,2026-06-01,182.3,6.3,0,0,6,0,13840.74,8,3.93
156,2026-07-01,176.8,8.8,0,0,2,2,15787.72,4,2.97
1230,2026-04-01,152.4,8.4,0,0,4,4,6107.19,8,2.88
712,2026-03-01,105.6,0,0,0,3,0,6455.83,4,3.64
571,2026-03-01,181.6,5.6,0,101,4,0,10083.75,12,3.51
1061,2026-03-01,100.8,0,0,0,3,1,4137.83,10,4.62
953,2026-03-01,178,10,0,100,2,1,10317.41,4,2.72
325,2026-08-01,157.3,5.3,22000.68,64,2,2,9569.67,2,
891,2025-10-01,196.3,12.3,0,0,4,0,10363.68,4,3.86
927,2026-08-01,173.5,5.5,0,0,4,0,8733.46,8,4.17
520,2026-04-01,186.3,10.3,0,0,6,0,11017.5,0,3.98
435,2026-05-01,161.3,9.3,0,93,4,2,16356.5,0,3.38
1274,2025-10-01,194.3,10.3,0,0,2,0,8138.56,12,2.15
1015,2026-08-01,168.4,8.4,0,87,4,1,10011.44,0,3
1076,2026-04-01,182,6,24530.06,59,2,0,9368.43,2,3.12
635,2026-08-01,175.5,7.5,16517.45,55,1,0,8492.61,4,3.08
1169,2026-07-01,192.8,8.8,20295.94,59,2,0,8840.25,0,3.21
157,2025-09-01,105.6,0,10757.16,38,1,0,3975.17,8,2.98
577,2026-02-01,164.8,4.8,0,0,3,0,8661.78,6,2.75
921,2026-03-01,181.6,5.6,0,0,3,0,9731.99,10,3.05
905,2026-07-01,192,8,0,0,5,0,8087.66,4,3.98
1160,2026-07-01,189,5,23465.37,80,2,0,6660.93,4,
225,2025-10-01,196,12,0,0,3,0,10122.64,0,3.43
367,2026-06-01,174.5,6.5,25550.51,84,1,1,8365.32,8,3.4
1195,2026-04-01,172.1,4.1,0,0,5,1,12485.48,0,3.78
1207,2026-03-01,164.4,4.4,20068.73,63,1,2,7229.34,4,
998,2025-11-01,172.4,20.4,0,191,5,1,10047.64,8,4.53
1116,2026-05-01,152.8,0.8,0,0,3,2,6910.01,8,3.02
1427,2026-02-01,164.4,4.4,0,0,3,0,13709.36,8,2.82
622,2026-07-01,184.8,0.8,24979.36,83,3,0,8343.2,6,4.26
919,2026-03-01,179.5,11.5,0,0,5,1,10664.24,4,3.21
304,2026-01-01,171.5,3.5,0,0,3,1,8369.2,2,3.79
1472,2025-09-01,179.3,3.3,0,0,4,0,7466.3,0,3.37
684,2026-07-01,177.6,1.6,25433.46,68,3,1,10503.28,0,3.63
820,2026-03-01,187.5,11.5,24681.25,70,2,0,7174.36,8,3.1
771,2025-10-01,110.4,0,0,0,2,0,7879.17,6,
500,2026-07-01,192,8,0,0,3,0,10490.04,6,2.3
1025,2025-09-01,182.5,6.5,0,0,6,0,13927.89,0,3.89
348,2026-08-01,91.2,0,0,58,2,2,7808,8,3.57
387,2026-06-01,190.4,14.4,0,0,6,0,13080.03,4,3.72
718,2026-08-01,96,0,16447.77,43,1,1,6171.17,0,3.96
1334,2026-07-01,177.7,1.7,0,130,6,1,12585.81,6,4.46
470,2025-10-01,195.1,11.1,0,0,7,0,11510.98,2,4.56
1074,2025-09-01,175.7,7.7,0,125,5,1,11136.91,6,4
1306,2026-05-01,178.9,10.9,0,0,4,0,8800.39,4,4.17
1359,2026-01-01,146.1,2.1,16493.16,52,2,4,7287.4,0,3.63
984,2025-12-01,195,19,0,181,4,1,12168.22,0,3.71
300,2026-03-01,182.8,6.8,0,0,5,0,13143.99,,3.05
985,2026-04-01,189.2,13.2,0,0,3,0,9979.98,2,3
262,2025-09-01,170.9,2.9,0,0,5,1,14142.4,0,3.49
726,2026-03-01,174.7,6.7,0,0,5,1,6754.85,8,3.31
834,2026-07-01,192.4,8.4,0,0,3,0,10796.65,8,2.19
1193,2026-03-01,105.6,0,14551.08,44,1,0,4097.17,8,4.09
134,2025-10-01,195,11,0,126,6,0,12414.92,8,3.39
720,2026-04-01,188.8,12.8,0,127,6,0,14183.78,8,4.5
589,2025-10-01,184.6,8.6,0,0,5,1,8782.33,8,3.42
944,2026-06-01,185.6,9.6,0,0,5,0,12244.55,2,4.05
1480,2026-05-01,180.2,12.2,0,0,6,0,10284.63,6,4.16
110,2026-07-01,176.1,0.1,20974.75,70,2,1,7224.58,8,4.26
1230,2025-10-01,195.1,11.1,0,0,4,0,6240.22,4,3.31
533,2026-01-01,105.6,0,0,0,2,0,4849.5,0,3.83
1063,2026-02-01,159.8,7.8,0,79,3,1,10776.95,8,3.86
741,2026-06-01,158.3,6.3,27432.87,80,3,3,6153.82,6,4.48
639,2026-08-01,173.1,5.1,0,0,5,0,9245.99,8,4.11
151,2026-08-01,100.8,0,0,0,3,0,3395.67,2,3.72
1266,2026-08-01,182.9,14.9,0,133,4,0,10031.41,6,4.41
721,2025-09-01,179.8,3.8,0,0,4,0,12958.23,0,2.74
81,2026-06-01,173.5,5.5,0,0,3,1,13451.66,6,3.25
1181,2025-09-01,172.5,12.5,0,0,4,2,8359.69,0,4.34
488,2026-01-01,176,0,0,0,6,0,11905.17,6,3.85
330,2025-12-01,197.4,21.4,39242.62,101,3,1,8454.37,2,3.15
736,2026-05-01,179.1,11.1,0,146,4,0,12547.3,6,3.93
1238,2026-03-01,169.1,9.1,24416.9,68,3,2,10111.84,8,4.06
968,2026-07-01,189.9,5.9,0,0,6,0,8719.57,8,3.83
734,2025-12-01,200.8,16.8,0,0,5,0,8582.18,8,3.77
188,2025-10-01,175.3,7.3,27004.98,79,3,2,9003.84,0,3.54
462,2026-08-01,176.4,8.4,0,110,3,0,12039.9,2,3.66
1313,2025-12-01,190.8,14.8,0,0,3,1,8853.9,4,3.15
989,2026-07-01,189.7,5.7,22132.62,61,2,0,9238.62,8,3.74
1264,2025-10-01,192.8,8.8,0,0,4,0,8358.85,2,3.75
1056,2025-12-01,202.9,18.9,0,0,3,0,11143.39,8,2.92
760,2026-05-01,96,0,0,0,2,1,5246,2,2.64
62,2025-10-01,199.2,15.2,0,0,7,0,26309.59,6,4.17
345,2025-12-01,202.1,18.1,0,0,5,0,10971.26,2,3.31
222,2026-03-01,176.5,8.5,0,0,3,1,8251.36,12,3.43
524,2025-09-01,189.2,13.2,0,94,3,0,12143.63,8,2.95
1461,2026-04-01,177.6,9.6,0,79,3,1,14556.03,2,2.87
606,2025-11-01,81.6,0,0,0,2,3,6028.83,,
497,2026-02-01,96,0,0,0,3,0,5276.5,8,3.31
928,2026-03-01,188,12,0,0,4,0,9078.95,4,2.49
1048,2026-04-01,68,4,0,51,2,0,4587.4,2,4.23
781,2026-06-01,189.5,13.5,0,0,5,0,13977.28,4,2.76
331,2026-02-01,160,0,12256.11,31,1,0,7187.83,10,2.4
215,2026-04-01,179.5,11.5,29677.73,81,3,1,10798.38,8,4.1
169,2026-01-01,174.6,6.6,0,81,5,1,13767.34,6,3.35
583,2026-06-01,178.5,10.5,34767.41,93,2,1,8240.22,2,4.39
222,2025-10-01,194.5,10.5,0,0,6,0,8384.39,6,3.6
345,2026-04-01,182.9,6.9,0,0,4,0,10051.89,4,3.19
579,2026-04-01,186.7,10.7,0,0,4,0,11230.25,2,3.17
1163,2026-02-01,166,6,0,0,6,0,6919.37,10,3.73
1246,2026-01-01,162.2,2.2,12825.27,41,2,2,8308.9,2,2.94
1379,2026-06-01,169.2,9.2,0,0,3,2,11371.23,6,3.29
1497,2025-09-01,169.5,9.5,17025.34,66,2,2,8603.94,4,3.15
458,2026-05-01,172.5,4.5,0,151,4,0,8181.67,6,4.2
609,2026-04-01,176.2,0.2,26709.46,90,3,0,6894.75,0,3.88
655,2025-10-01,191.5,7.5,0,0,6,0,13370.76,4,4.25
537,2026-07-01,105.6,0,0,53,3,1,8937.72,0,3.01
1372,2025-10-01,201.9,17.9,0,99,3,0,14806.06,4,2.51
358,2025-09-01,181.3,5.3,18430.43,67,2,0,9697.26,2,2.85
656,2026-01-01,174.8,6.8,0,85,3,1,11496.95,0,3.25
1416,2026-04-01,176.2,8.2,22617.65,75,2,1,8764.93,8,3.68
1271,2026-06-01,169.2,9.2,22342.31,73,2,2,8736.97,8,3.76
923,2025-11-01,165,13,26947.47,83,1,1,8098.26,2,3.33
127,2025-12-01,203.7,19.7,0,0,6,0,7972.92,0,2.97
1471,2026-07-01,190.5,6.5,22338.76,75,3,0,7796.18,4,3.7
79,2025-09-01,174.9,14.9,0,149,6,2,21153.18,0,4.5
762,2025-09-01,186.7,10.7,0,0,3,0,10408.25,2,2.23
941,2025-11-01,169.3,9.3,0,0,4,0,6711.77,6,3.7
394,2026-07-01,184.9,0.9,0,0,4,0,7909.8,4,4.14
432,2026-02-01,96,0,0,0,2,0,4046.33,,3.52
168,2025-12-01,197.8,13.8,0,0,4,0,10743.48,8,3.52
1293,2026-04-01,188.1,12.1,24131.07,83,2,0,12275.74,6,3.37
857,2026-06-01,179,11,0,172,7,1,12581.93,4,4.75
1179,2026-02-01,160,0,23681.33,65,3,0,9526.17,10,3.93
544,2025-10-01,197.5,13.5,0,0,5,0,10048.65,4,3.77
1177,2025-11-01,163.1,11.1,19228.93,57,1,1,8056.57,2,2.27
1229,2025-12-01,204.6,20.6,0,0,4,0,9283.78,8,3.32
447,2026-01-01,160.5,0.5,0,0,4,2,9107.91,6,3.13
1486,2026-04-01,184.2,8.2,0,0,4,0,8503.61,2,3.24
269,2025-11-01,177,17,0,143,5,0,16443.9,2,3.21
85,2026-06-01,185.3,9.3,29461.35,96,2,0,14917.48,4,3.77
838,2025-11-01,86.4,0,0,60,2,2,8113,2,3.45
388,2026-05-01,175.3,7.3,0,0,4,0,11187.24,8,4.51
1426,2026-01-01,168,0,0,0,4,1,8651.83,8,3.33
1452,2026-03-01,176.3,16.3,0,116,6,2,9361.81,4,3.98
322,2026-01-01,179.9,3.9,16484.27,61,2,0,11203.44,8,3.59
243,2026-07-01,173,5,0,0,4,2,9842.9,8,3.29
1374,2026-02-01,161.5,9.5,0,61,2,1,9825.22,12,2.97
822,2026-05-01,180,12,0,106,5,0,17114.21,4,3.58
225,2026-02-01,162.1,2.1,0,0,4,0,9336.99,4,3.36
1088,2025-09-01,184.3,8.3,0,51,3,0,11452.65,4,1.77
3,2026-01-01,163.2,3.2,0,0,4,2,8880.97,8,4.41
595,2026-04-01,186.6,10.6,0,122,6,0,11354.55,6,3.63
604,2026-04-01,192.7,16.7,0,126,5,0,14149.31,2,3.6
456,2026-04-01,185.7,9.7,0,0,4,0,13290.22,0,3.88
278,2026-02-01,162.5,2.5,0,0,6,0,11446.05,6,4.01
759,2025-09-01,172.9,4.9,0,0,4,1,5638.01,6,3.04
1037,2025-09-01,180.4,4.4,0,0,5,0,9224.01,0,3.33
391,2026-03-01,181.7,5.7,0,0,5,0,8406.51,4,4.09
1081,2025-09-01,176.7,0.7,0,0,4,0,7170.01,2,3.77
183,2026-03-01,180.3,4.3,0,0,5,0,10460.62,12,3.55
602,2025-12-01,195,27,0,0,7,2,7889.01,0,4.34
772,2026-04-01,173.3,5.3,0,86,3,1,15311.47,8,2.87
511,2026-08-01,179.3,11.3,0,114,6,0,12288.1,2,4.21
1313,2026-07-01,173.6,5.6,0,0,5,2,8229.03,6,3.4
1213,2025-09-01,189.1,13.1,0,0,5,0,10515.55,6,3.8
1495,2025-09-01,181.6,5.6,0,0,6,0,11352.22,2,3.7
278,2026-04-01,180.1,4.1,0,0,5,0,11601.18,0,4.26
306,2025-09-01,182.2,6.2,0,85,2,0,10722.86,6,2.66
280,2025-09-01,185.4,9.4,22941.39,81,2,0,7959.43,2,3.36
456,2026-02-01,163.6,3.6,0,0,6,0,12642.98,4,3.76
30,2026-05-01,179.1,11.1,37275.96,89,3,0,7911.71,0,4.35
1283,2026-07-01,186.5,2.5,0,111,6,0,10189.27,4,4.14
54,2026-07-01,191.2,7.2,0,100,6,0,10800.13,4,3.83
1243,2026-05-01,178.6,10.6,0,0,4,0,13541.1,4,2.64
66,2026-02-01,160.3,0.3,0,0,2,0,12048.2,8,2.31
914,2026-01-01,161.7,1.7,0,0,4,2,9800.42,8,4.16
1166,2025-12-01,188.7,28.7,0,167,7,3,14392.4,0,3.91
532,2026-03-01,184.6,8.6,0,0,4,0,11469.47,12,3.54
1117,2026-05-01,180.5,12.5,0,121,4,0,12381.8,4,3.31
1203,2026-01-01,86.4,0,0,0,2,4,4890.17,0,2.94
1369,2025-12-01,196.3,12.3,53980.76,166,4,0,7502.97,0,4.33
1185,2026-07-01,182,6,27534.62,65,2,1,9175.92,8,3.73
1349,2026-02-01,161.1,9.1,0,78,5,1,10660.21,4,3.38
1435,2026-06-01,190.2,14.2,0,0,4,0,7842.79,6,3.01
868,2025-12-01,204.3,20.3,48322.83,133,3,0,8510.31,4,4.09
189,2026-05-01,174.9,6.9,24463.65,88,2,0,8522.02,0,3.87
851,2026-02-01,164,4,0,109,4,0,13632.09,6,
625,2026-07-01,161.9,1.9,0,0,4,3,8918.1,6,4
89,2026-02-01,158.4,6.4,0,71,2,1,19603.24,10,
705,2026-01-01,176.6,0.6,21814.47,60,3,0,6816.38,4,4.02
416,2026-04-01,105.6,0,0,0,2,0,4229.33,0,3.87
267,2026-03-01,172.9,12.9,18103.23,55,2,2,9301.23,4,3.13
1080,2026-03-01,157.7,5.7,0,0,6,3,12268.38,12,4.47
941,2026-06-01,187.8,11.8,0,0,4,0,6846.16,2,3.92
384,2025-12-01,204.3,20.3,0,206,6,0,10458.59,8,3.71
196,2026-08-01,96,0,12772.83,39,1,1,5032.5,4,3.92
22,2025-11-01,160.9,16.9,0,0,3,2,10954.33,4,3.53
954,2025-11-01,173.7,13.7,0,0,3,0,9984.62,8,3.56
977,2026-01-01,179.4,3.4,17723.73,46,3,0,9052.92,6,3.35
1006,2026-04-01,181.3,5.3,19488.97,64,2,0,6305.35,8,3.16
930,2025-11-01,178.6,18.6,0,0,4,0,8592.66,2,4.88
611,2025-09-01,176.2,8.2,0,0,4,1,9505.32,4,3.93
980,2026-04-01,176.6,8.6,17355.48,69,2,1,10890.53,6,2.98
1456,2025-10-01,178.5,10.5,0,0,6,2,10990.65,6,3.35
316,2026-06-01,175.9,7.9,0,0,6,1,14380.91,6,4
115,2026-04-01,157.7,5.7,22107.14,55,2,3,10529.47,0,3.36
262,2026-06-01,151,7,0,0,5,4,14631.9,4,3.4
107,2026-07-01,171,11,21893.98,81,2,3,7749.58,0,3.93
91,2025-10-01,163.1,3.1,17602.15,53,2,3,8518.56,2,2.7
1145,2025-09-01,175.6,7.6,28393.15,75,3,1,12482.29,0,4.19
990,2026-06-01,177.6,9.6,0,0,4,1,9601.84,6,2.87
1146,2025-09-01,172.7,4.7,0,0,4,1,9469.26,6,3.04
1136,2026-07-01,182.3,6.3,0,0,5,1,8119.8,,3.3
257,2026-07-01,186.4,2.4,0,0,3,0,7586.19,2,2.77
1397,2026-03-01,183.3,15.3,0,92,3,1,9908.53,12,3.16
588,2026-07-01,185,9,0,0,6,1,11353,6,3.33
1143,2025-11-01,163.9,11.9,21447.84,83,2,1,9363.39,6,3.27
1388,2026-08-01,100.8,0,0,0,3,0,5713.67,8,3.42
643,2025-11-01,178.7,18.7,0,149,5,0,13335.64,8,
857,2026-02-01,160.9,8.9,0,120,6,1,12373.16,8,4.56
818,2026-04-01,105.6,0,12169.72,35,1,0,5622.17,4,2.91
1005,2025-12-01,195.1,19.1,0,0,3,1,9465.83,6,3.35
1227,2026-05-01,163.2,11.2,0,0,3,2,7828.74,2,2.55
921,2026-01-01,179.3,3.3,0,0,6,0,9547.24,0,3.49
1472,2026-07-01,194.5,10.5,0,0,6,0,7918.59,6,3.48
1421,2026-03-01,188.5,12.5,0,89,4,0,17436.37,6,2.77
603,2026-07-01,91.2,0,10519.33,37,1,4,4808.83,6,3.71
1411,2025-09-01,175.7,7.7,28180.98,106,2,1,8252.37,0,
753,2026-06-01,175.1,7.1,28820.46,78,2,1,8816.52,4,3.41
190,2026-07-01,105.6,0,0,0,3,1,6608.33,8,4.3
348,2026-06-01,100.8,0,0,80,3,1,7808,4,3.68
973,2025-09-01,176.6,8.6,23155.57,72,2,1,9044.49,6,3.17
850,2026-07-01,197.9,13.9,0,75,3,0,13576.4,2,2.6
546,2026-01-01,181.7,5.7,22890.07,63,3,0,8278.49,4,4.14
431,2026-02-01,165.7,5.7,0,0,3,0,8566.53,6,3.28
984,2026-04-01,191.2,15.2,0,146,5,0,11824.58,6,3.79
219,2026-03-01,185.5,9.5,0,0,5,0,8306.88,6,
868,2026-08-01,146.7,2.7,17589.68,54,2,3,7407.8,8,3.67
216,2026-08-01,160.7,8.7,0,0,5,2,9510.93,6,3.37
585,2026-06-01,186.7,10.7,0,0,4,0,12229.98,2,3.98
1145,2025-12-01,197,13,49308.41,152,3,0,13029.6,,4.57
164,2025-11-01,172.3,12.3,0,0,5,0,9550.26,2,3.4
155,2026-01-01,179.8,3.8,0,0,5,0,7361.2,6,3.23
426,2026-05-01,169.7,9.7,24471.59,65,2,1,8496.48,8,3.56
786,2026-05-01,182.7,14.7,0,0,4,0,12434.08,8,4.41
717,2026-05-01,85.9,5.9,11146.52,30,1,2,4326.28,6,3.35
1293,2025-11-01,176.3,16.3,37171.59,99,3,0,12679.62,0,3.55
1469,2025-12-01,195.3,19.3,0,0,8,1,13110.49,6,4.47
1054,2026-04-01,168.5,8.5,20376.75,70,2,2,10870.85,8,3.2
68,2026-02-01,163.8,3.8,0,0,4,0,17463.15,6,2.91
1103,2026-05-01,172.7,12.7,25312.39,71,2,1,6455.94,0,3.71
1111,2026-01-01,178.8,2.8,0,0,4,0,8861.47,0,3.3
673,2026-06-01,100.8,0,18804.47,52,2,1,5225.67,4,4.13
899,2026-06-01,182.9,6.9,0,0,7,0,5505.38,8,4.11
1086,2026-04-01,183.4,7.4,0,0,6,0,7107.24,,3.53
797,2025-11-01,171.6,19.6,0,95,3,1,13603.41,6,2.65
1195,2025-12-01,201.4,17.4,0,0,6,0,13873.27,0,4.1
1136,2025-12-01,202.6,18.6,0,0,6,0,8939.4,8,3.23
1120,2026-05-01,175.7,7.7,33970.76,110,4,0,11104.38,4,4.67
1302,2026-07-01,186.9,10.9,0,119,6,1,13462.05,0,3.72
652,2026-04-01,183.7,7.7,0,0,6,0,10854.96,2,3.25
1174,2025-09-01,180.5,4.5,0,0,4,0,12727.91,4,4.14
271,2026-08-01,160.8,16.8,0,110,5,3,12075.6,2,4.1
530,2026-08-01,177.6,9.6,21826.79,86,3,0,11297.58,2,3.85
683,2026-08-01,169.8,1.8,0,0,4,0,9571.3,2,4.04
1183,2025-12-01,110.4,0,26006.49,69,1,0,5113.83,0,3.35
242,2026-05-01,173.7,5.7,0,0,4,0,6806.28,0,3.05
352,2025-10-01,189.7,13.7,0,0,4,1,8551.75,2,2.47
1269,2026-01-01,179.6,3.6,0,123,6,0,12926.03,8,4.67
486,2026-02-01,147.3,3.3,0,0,3,2,9860.95,10,3.52
1081,2026-05-01,169.5,9.5,0,0,5,1,7712.74,2,3.88
61,2026-06-01,186.2,10.2,0,0,3,0,14991.82,6,3.36
550,2026-01-01,105.6,0,0,44,2,0,8468.83,6,3.3
1038,2026-07-01,171.5,11.5,20565.94,60,2,3,6239.77,4,3.55
261,2026-05-01,100.8,0,20039.31,49,2,0,5083.33,0,4.15
1275,2026-07-01,182.1,6.1,0,0,6,1,6422.01,4,3.42
924,2025-11-01,165.7,13.7,0,0,6,1,13566.8,2,3.98
307,2025-12-01,205.1,21.1,40781.96,104,3,0,8716.72,0,3.42
1356,2025-09-01,184.1,8.1,0,158,6,0,15220.16,,4.27
1044,2026-01-01,170.7,2.7,0,0,3,1,8812.37,,4.1
26,2025-09-01,183.1,15.1,0,133,6,1,11265.27,0,3.9
163,2025-12-01,204.8,20.8,0,183,5,0,15859.59,6,3.3
981,2026-06-01,179.6,11.6,30616.27,86,3,1,8602.99,6,4.34
1427,2025-09-01,181.6,5.6,0,0,4,0,13846.51,8,2.4
1197,2026-03-01,105.6,0,0,0,2,0,4239.5,10,4.05
92,2025-10-01,182.5,14.5,0,127,7,2,12826.92,4,4.16
1173,2026-07-01,187.6,3.6,22525.18,80,2,0,6615.02,0,
1284,2025-11-01,172.1,20.1,0,136,5,1,12293.13,0,3.43
500,2026-04-01,181.2,5.2,0,0,3,0,10252.32,8,2.22
1140,2025-11-01,175.3,15.3,0,0,5,0,8876.35,2,3.57
117,2026-05-01,172.1,12.1,22590.03,76,2,1,10141.8,8,3.27
164,2026-05-01,176.7,8.7,0,0,5,0,9281.35,8,3.45
1450,2025-09-01,171.5,11.5,0,0,3,2,9767.4,2,3.37
526,2026-02-01,167.8,7.8,0,0,4,0,7314.87,10,4.38
240,2026-07-01,180,4,13314.73,41,2,1,7057.97,4,1.96
656,2026-04-01,189.4,13.4,0,120,6,0,12117.11,0,3.33
960,2026-03-01,186.5,10.5,0,148,6,0,11800.25,4,4.09
28,2026-07-01,188,4,0,0,9,0,11675.63,4,5
334,2025-11-01,175.9,15.9,0,0,5,0,13936.5,0,4.15
121,2025-11-01,165.3,13.3,0,0,4,1,13275.41,6,3.85
1123,2026-02-01,163.5,3.5,24218.33,67,3,0,7929.27,8,4.9
95,2026-07-01,185.7,1.7,0,0,4,0,6200.06,4,3.16
91,2026-02-01,142.5,6.5,13024.8,41,1,3,8762.65,8,2.81
1025,2026-06-01,184.2,8.2,0,0,6,0,14121.88,4,3.9
1494,2026-04-01,170.8,2.8,16932.72,59,1,1,8590.74,2,2.6
113,2025-12-01,203.2,19.2,29804.16,85,2,0,10243.5,4,2.81
1193,2026-01-01,96,0,8268.43,25,1,2,4097.17,6,3.64
948,2025-10-01,193.6,9.6,20711.06,54,2,0,8820.04,6,2.38
1341,2026-02-01,155.5,3.5,19135.65,52,2,1,11731.55,,3.77
93,2025-09-01,160,8,0,0,4,3,10533.53,6,
1484,2026-07-01,189.3,5.3,25862.41,67,3,0,9080.55,6,3.78
495,2026-07-01,188,4,0,0,3,0,10571.18,4,3.07
1435,2026-08-01,173.9,5.9,0,0,3,0,7341.11,0,2.85
55,2025-11-01,175.8,15.8,0,124,4,0,5200.54,0,3.22
1301,2026-05-01,170.8,10.8,20168.78,77,3,1,8237.59,0,3.34
162,2026-08-01,172.1,4.1,0,0,5,0,11148.5,6,3.79
821,2026-08-01,177,9,0,0,4,0,10213.32,8,4.48
48,2026-05-01,158.3,6.3,0,0,4,2,6754.2,8,3.9
913,2026-07-01,191.2,7.2,27291.93,71,2,0,5435.47,8,3.98
526,2026-07-01,185.8,1.8,0,0,7,0,6959.07,2,4.3
455,2026-06-01,173.8,5.8,28789.14,67,2,1,11979.54,8,3.33
1500,2026-01-01,182,6,0,0,5,0,12908.32,6,3.21
221,2025-12-01,182.4,14.4,0,0,4,2,9124,0,2.62
704,2025-09-01,105.6,0,0,49,2,0,5408.67,2,2.75
1168,2025-10-01,185.4,9.4,23697.64,87,2,1,7717.57,4,3.45
830,2026-05-01,154.1,10.1,26639.93,77,3,3,8390.95,2,3.97
1403,2025-11-01,169.3,17.3,21274.86,69,1,1,8965.26,8,2.91
714,2026-01-01,176.7,0.7,25970.74,77,2,0,11414.73,6,5
1444,2025-11-01,172.7,12.7,26947.82,85,2,0,11509.7,4,3.16
585,2026-05-01,167.1,7.1,0,0,5,1,11881.25,4,3.73
1368,2025-10-01,194.7,10.7,0,0,3,0,6664.84,4,3.21
467,2026-05-01,154.3,10.3,0,0,5,3,7474.19,2,3.33
547,2026-05-01,181.1,13.1,0,110,4,0,10957,6,2.89
732,2026-04-01,189.5,13.5,0,0,4,0,7920.16,6,3.6
131,2026-02-01,161.8,1.8,0,0,2,0,6422.17,12,2.59
1205,2026-03-01,176.7,8.7,22509.74,76,3,1,7499.42,12,4.1
846,2026-04-01,171.7,11.7,0,123,4,2,13860.7,6,4.03
1243,2026-07-01,190.9,6.9,0,0,4,0,13143.96,4,2.75
983,2026-03-01,176.4,16.4,0,130,6,2,17379.5,12,3.82
570,2025-11-01,168.6,8.6,37012.13,111,3,0,9557.89,6,4.23
611,2025-11-01,172.1,12.1,0,0,5,0,9804.87,6,3.9
1054,2026-02-01,146.3,2.3,17545.94,50,2,2,10327.55,4,3.33
1269,2025-12-01,195,19,0,215,5,1,14596.63,6,4.18
1447,2025-11-01,156.6,20.6,0,132,3,3,15572.79,2,3.2
1211,2026-02-01,163.4,3.4,0,0,3,0,9775.06,6,3.62
359,2026-06-01,192,16,0,0,7,0,11308.15,2,3.82
371,2026-06-01,182.7,6.7,26071.56,76,2,0,6250.9,0,3.71
971,2026-02-01,96,0,0,70,3,0,6669.33,6,4.6
126,2025-10-01,177.2,9.2,0,171,5,2,10712.66,4,4.48
567,2026-08-01,170.7,2.7,0,0,4,0,7480.63,6,3.85
69,2026-07-01,194.2,10.2,0,157,7,0,25159.7,0,4.42
959,2026-02-01,165.7,5.7,0,0,3,0,12375.06,4,2.72
466,2025-10-01,175.7,7.7,31482.74,88,3,2,8599.39,2,3.85
612,2026-03-01,96,0,13058.06,48,1,2,5378.17,6,3.98
1307,2025-09-01,180.3,4.3,0,0,3,0,14024.83,0,3.22
539,2026-07-01,179.7,3.7,27151.36,68,3,1,11352.56,4,4.12
546,2026-02-01,149.8,5.8,20128.94,51,2,2,8285.32,6,
1405,2026-04-01,174.2,6.2,0,0,5,1,8087.67,8,3.45
638,2026-04-01,189,13,0,130,7,0,7685.52,2,3.92
804,2025-12-01,200.1,16.1,38204.37,124,2,0,8212.65,0,3.17
637,2026-03-01,186.4,10.4,0,0,5,0,7430.17,4,3.34
1238,2026-08-01,177,9,29644.1,70,2,0,10103.73,6,4.13
1421,2026-05-01,172.1,12.1,0,86,3,1,17381.91,8,2.87
417,2026-08-01,176.2,8.2,0,0,5,0,6380.43,0,3.49
126,2026-07-01,185.3,9.3,0,135,6,1,10721.25,0,4.53
1351,2026-07-01,169.4,9.4,0,86,6,3,12411.87,8,3.77
1438,2026-04-01,177.6,9.6,0,0,4,1,8886.1,2,3.59
275,2026-03-01,188.9,12.9,0,153,5,0,16884.62,6,4.23
581,2026-02-01,149.9,5.9,0,0,4,2,12545.07,6,3.06
1299,2025-10-01,199.3,15.3,0,149,5,0,11720.38,4,3.6
380,2026-01-01,178.6,2.6,19847.85,64,3,0,6798.6,0,3.94
989,2026-01-01,179,3,18343.89,58,2,0,9032.91,6,3.73
577,2026-06-01,178.7,10.7,0,0,3,1,9086.39,6,2.52
649,2026-05-01,170.1,10.1,0,0,4,1,9828.14,8,3.94
1053,2025-10-01,196.5,12.5,0,0,9,0,12359.27,2,4.73
588,2025-09-01,185.4,9.4,0,0,4,0,11389.46,8,3.45
377,2025-09-01,168.8,8.8,27384.3,97,2,2,7264.76,4,4.54
44,2026-08-01,163,11,0,0,3,2,11913.87,8,2.76
264,2026-05-01,172,12,0,0,3,1,8416.83,4,3.06
415,2026-06-01,105.6,0,14408.81,46,1,0,4483.5,2,3.86
688,2026-01-01,183.1,7.1,14099.53,44,2,0,6928.03,8,3.2
887,2026-06-01,189.3,13.3,26675.74,71,2,0,11008.04,8,3.09
438,2025-10-01,175.5,7.5,0,109,4,2,9559.82,6,3.36
1003,2026-03-01,163.2,11.2,0,73,3,3,10371.41,10,2.79
1400,2026-04-01,178.5,2.5,0,0,2,0,11155.23,4,2.87
977,2026-06-01,173.8,5.8,20605.43,58,2,1,9235.57,8,2.91
312,2026-07-01,192.6,8.6,0,0,4,0,12529.03,0,
1335,2026-03-01,181.4,5.4,0,0,5,0,10258.66,10,4.25
1346,2026-07-01,186.6,2.6,23877.34,67,3,0,6549.11,2,3.98
135,2026-06-01,187.6,11.6,37390.48,91,3,0,9688.15,8,3.95
385,2026-07-01,194,10,27370.34,99,3,0,8229.62,6,
915,2025-12-01,178,18,0,0,4,3,8460.23,8,3.19
501,2025-11-01,172,12,0,0,5,0,7664.92,8,4.6
435,2026-02-01,159,7,0,82,3,1,16055.19,4,3.12
1158,2025-12-01,199.1,23.1,0,156,5,1,15578.15,4,3.28
149,2026-02-01,161.1,1.1,12986.69,48,1,0,6968.88,10,3
110,2026-03-01,187,11,24915.2,86,2,0,7905.46,6,3.99
776,2026-01-01,96,0,0,0,2,2,7543.67,4,3.4
1255,2026-07-01,110.4,0,11493.97,41,2,0,3832.83,6,3.79
1076,2026-02-01,166.5,6.5,11047.23,37,2,0,9406.96,12,2.49
833,2026-05-01,160,0,0,0,6,1,7889.33,4,3.9
920,2026-02-01,154.6,2.6,0,0,2,1,10218.69,10,
1135,2026-01-01,105.6,0,0,0,2,0,6872.67,2,3.29
1197,2026-07-01,105.6,0,0,0,2,1,4239.5,2,
375,2026-07-01,185.9,9.9,20334.59,74,2,1,6777.13,4,3.48
196,2026-04-01,100.8,0,,46,1,1,5032.5,0,3.71
905,2025-11-01,173.8,13.8,0,0,4,0,8467.32,4,3.98
461,2026-01-01,178.1,2.1,0,0,5,0,10341.07,4,3.77
1079,2026-07-01,186,2,18969.85,67,2,0,5884.96,4,3.33
506,2026-01-01,176,0,0,0,3,0,8275.67,4,3.62
16,2026-03-01,185.1,9.1,0,0,4,0,10199.58,10,4.8
203,2026-03-01,182.5,6.5,18499.7,63,2,0,8107.6,12,3.02
1362,2026-02-01,157.2,5.2,0,0,4,1,7957.5,10,
444,2025-09-01,187.7,11.7,0,144,4,0,19100.45,6,4.27
1158,2025-11-01,178.2,18.2,0,151,4,0,15027.63,2,3.64
7,2025-11-01,169.7,9.7,0,0,3,0,10138.47,8,2.97
860,2026-06-01,100.8,0,0,79,4,1,7431.83,4,4.35
82,2026-07-01,158.9,6.9,0,0,4,4,16753.16,6,3.48
935,2026-01-01,105.6,0,0,63,2,0,6476.17,6,4.14
1216,2026-08-01,164,4,0,0,4,1,6773.97,2,3.42
1096,2026-05-01,171.1,11.1,0,140,4,1,13349.62,2,3.79
1410,2026-02-01,155,3,15088.27,54,2,1,6842.48,12,3.83
93,2025-11-01,171,19,0,0,3,1,11471.31,8,3.24
1148,2025-10-01,193.3,9.3,22006.46,78,2,0,11424.28,4,3.2
1128,2026-01-01,165.1,5.1,0,0,3,2,7377.68,2,3.76
61,2026-01-01,176,0,0,0,4,0,13775.83,8,3.61
695,2026-04-01,175.4,7.4,26791.13,82,3,1,6858.44,8,3.65
184,2025-11-01,172.8,20.8,0,156,3,1,19770.51,4,3.79
1083,2026-03-01,183,7,0,0,2,0,8464.29,4,2.53
929,2026-07-01,174.2,6.2,17423.28,55,2,2,8173.37,8,3.09
703,2025-11-01,96,0,13417.64,39,1,0,3812.5,,2.67
946,2026-03-01,183.4,7.4,0,0,5,0,9266,10,3.86
632,2025-10-01,193.6,9.6,26401.07,94,2,0,8831.05,2,3.59
30,2025-09-01,168.7,8.7,24216.77,86,2,2,7761.79,8,4.05
355,2025-12-01,194.3,18.3,0,0,3,1,10878.98,0,3.5
1254,2026-06-01,186.6,10.6,0,0,4,0,8524.23,2,3.52
657,2025-12-01,202.1,18.1,0,0,7,0,8866.38,2,3.77
269,2026-05-01,158.7,14.7,0,77,3,3,16158.58,8,3.03
549,2025-09-01,175.8,7.8,0,86,3,1,8228.65,4,2.58
584,2026-06-01,182.2,6.2,0,0,6,0,11751.23,8,3.73
1390,2026-08-01,171.3,3.3,0,0,6,0,9599.53,4,
1051,2025-12-01,193.4,17.4,0,0,2,1,9463.3,0,2.68
1178,2026-03-01,187.7,11.7,0,0,5,0,6549.68,10,3.18
897,2026-02-01,160,0,23321.28,57,2,0,9272,4,3.91
389,2026-04-01,180.5,12.5,0,121,6,1,17654.49,4,3.8
1102,2026-06-01,183.4,7.4,0,0,7,0,7669.77,2,4.03
339,2026-02-01,166.7,6.7,15331.01,53,2,0,10928.24,4,3.17
703,2026-05-01,96,0,10117.31,33,1,1,3812.5,6,2.87
630,2026-08-01,178.5,10.5,0,0,4,0,8717.11,0,3.4
264,2026-07-01,173,5,0,0,4,2,7954.93,2,2.62
64,2025-09-01,177.9,9.9,0,107,5,1,25607.41,6,3.51
411,2026-05-01,175,7,0,0,2,0,9111.24,4,3
338,2026-08-01,168.1,8.1,17687.14,51,2,1,9595.55,4,3.06
236,2026-01-01,165.5,5.5,0,0,5,2,9510.95,6,3.87
894,2025-11-01,169,17,0,139,3,1,9971.3,0,3.24
1036,2026-08-01,178.6,10.6,0,0,4,0,9734.05,2,4.56
208,2025-12-01,210.4,26.4,0,0,3,0,7980.7,2,3.5
1484,2026-01-01,178.6,2.6,18867.28,61,2,0,8877.69,2,3.81
1103,2025-10-01,190.7,6.7,31415.19,102,2,0,6153.92,8,3.88
1411,2026-04-01,182,6,33845.58,112,4,0,8138.55,2,4.82
46,2025-12-01,175.7,15.7,24256.02,88,1,3,7044.26,4,2.97
1303,2026-08-01,174.3,6.3,18321.05,39,1,0,8909.11,8,2.37
1072,2025-10-01,193.2,9.2,0,0,6,0,9716.54,4,3.44
1230,2026-02-01,160,0,0,0,3,0,5693.33,4,3.25
474,2026-07-01,178.7,10.7,0,102,5,2,10841.47,2,3.55
1261,2025-11-01,158.2,14.2,0,0,4,2,8619.08,4,4.02
757,2026-08-01,172.7,4.7,0,0,3,0,9955.95,8,3.15
1217,2026-08-01,180,12,0,115,5,0,15666.52,2,3.42
1413,2026-07-01,188.7,4.7,22501.48,69,2,0,13003.04,2,3.07
610,2025-10-01,183,7,0,0,5,1,8399.59,0,2.84
1156,2025-11-01,175.2,15.2,35245.8,85,3,0,10261.55,2,3.7
193,2025-12-01,205.5,29.5,0,204,7,1,14497.74,0,4.24
708,2026-02-01,153.1,1.1,0,0,3,1,6188.86,10,4.33
1148,2026-07-01,189,5,19618.58,70,3,0,11030.83,0,3.38
1282,2025-10-01,105.6,0,18840.43,57,1,1,5378.17,2,3.91
1038,2026-01-01,168.7,0.7,16499.95,58,2,1,5709.38,0,3.64
325,2026-06-01,186.8,10.8,22612.4,74,2,0,10005.17,6,3.44
493,2025-09-01,185,9,28799.41,88,3,0,7243.56,0,3.62
719,2025-12-01,199.5,15.5,39299.12,114,3,0,7829.12,4,3.59
1070,2025-10-01,188.8,12.8,0,143,6,1,9384.33,0,4.32
329,2026-04-01,185.6,9.6,21903.46,68,3,0,9425.66,4,3.09
145,2025-11-01,177.4,17.4,0,108,2,0,12118.64,6,2.98
118,2026-06-01,186.4,10.4,0,0,6,0,7945.55,6,3.84
1313,2026-05-01,177.7,17.7,0,0,4,1,9050.87,6,3.16
36,2026-08-01,168.8,8.8,0,82,4,1,11816.17,8,3.12
514,2026-04-01,156.6,4.6,0,82,4,3,13911.93,8,3.52
1375,2026-02-01,159.1,7.1,0,0,3,1,11740.97,10,3.84
151,2026-03-01,91.2,0,0,0,1,3,3395.67,10,3.42
926,2025-11-01,140.1,12.1,0,0,3,4,5919.41,8,3.57
1398,2026-05-01,164.3,4.3,24925.63,65,3,1,8330.54,8,3.55
506,2026-04-01,175.9,7.9,0,0,5,1,8841.44,2,3.64
663,2025-09-01,182.7,6.7,0,0,6,0,15983.62,8,3.83
986,2025-09-01,169.4,9.4,0,81,4,2,12411.87,2,2.89
1066,2025-11-01,181.4,21.4,0,158,4,0,19761.11,6,3.64
971,2026-03-01,96,0,0,69,2,2,6669.33,4,
1466,2026-02-01,152.9,0.9,0,0,3,1,7458.98,4,3.1
434,2026-04-01,179.2,11.2,0,0,8,1,10505.23,6,4.67
40,2025-12-01,202.9,18.9,0,119,4,0,10055.08,8,2.7
363,2026-06-01,190.7,14.7,0,0,4,0,11608.96,0,4.13
1319,2026-08-01,100.8,0,0,0,2,0,4961.33,8,2.56
1050,2025-12-01,205.5,21.5,0,202,5,0,14843.71,6,3.61
279,2026-06-01,187.8,11.8,0,97,3,0,13557.86,8,3.14
289,2026-02-01,166.2,6.2,0,0,4,0,7327.11,8,3.32
945,2026-07-01,192.9,8.9,0,128,7,0,11573.83,8,4.16
495,2026-03-01,180.2,4.2,0,0,5,0,10588.87,10,2.88
123,2026-05-01,172.7,12.7,22948.1,56,2,1,6860.69,0,
1055,2026-05-01,100.8,0,11913.95,48,1,0,4087,6,3.58
1416,2026-07-01,188.2,4.2,27442.2,93,3,0,8481.63,8,4.27
690,2025-12-01,194.3,18.3,0,0,5,1,8667.66,0,3.69
1210,2026-05-01,86.4,0,12587.3,37,1,3,5276.5,6,3.59
598,2026-04-01,171,11,,54,2,2,12236.77,8,2.86
136,2026-07-01,177.7,9.7,0,0,4,2,10953.96,2,3.01
727,2025-11-01,179.6,19.6,0,206,4,0,12497.54,4,4.46
180,2026-07-01,191.9,7.9,0,84,5,0,9493.14,8,2.82
1088,2026-07-01,192.4,8.4,0,82,3,0,11461.9,6,2.43
1444,2026-03-01,181.5,5.5,24469.21,79,2,0,10863.57,10,3.67
157,2026-07-01,100.8,0,9430.14,35,1,2,3975.17,2,3.21
479,2025-11-01,170.4,10.4,26546.9,99,2,0,7435.8,8,3.82
404,2026-07-01,184.1,8.1,28479.1,74,2,1,8186.24,0,4.02
1216,2026-01-01,176,0,0,0,3,0,6547.33,8,3.29
130,2025-11-01,96,0,19217.84,56,1,0,6130.5,2,3.66
625,2026-08-01,174.2,6.2,0,0,4,0,9244.58,4,3.89
1,2026-07-01,167.3,7.3,0,0,3,3,4864.02,8,3.52
1256,2026-03-01,181.2,5.2,0,0,4,0,9115.53,6,3.92
1196,2026-06-01,188.7,12.7,23696.36,70,3,0,9918.66,2,3.19
218,2026-02-01,167.1,7.1,0,82,3,0,15010.74,8,3.03
1254,2025-12-01,185.4,17.4,0,0,4,2,8983.7,6,3.5
1006,2025-09-01,175.3,7.3,18508.62,67,1,1,6409.69,2,3.1
332,2025-12-01,195.6,19.6,0,0,6,1,9786.37,6,3.75
9,2025-09-01,171.9,3.9,19715.71,74,3,1,10719.99,2,3.59
67,2026-04-01,162.9,2.9,0,0,5,2,13933.96,0,3.52
385,2025-12-01,195.1,19.1,48394.49,147,4,1,8826.09,0,4.18
569,2025-11-01,174.2,22.2,0,142,4,1,10759.51,2,3.23
1175,2026-08-01,149.8,5.8,16295.28,44,1,3,8990,0,2.78
964,2026-03-01,170.9,10.9,16762.66,41,1,2,11414.92,4,2.31
636,2026-07-01,184,0,20393.03,57,2,0,6567.67,2,3.25
352,2025-12-01,199.3,15.3,0,0,4,0,8657.6,6,2.44
1304,2025-10-01,196.8,12.8,0,110,6,0,10389.39,2,3.29
795,2025-12-01,198.6,22.6,29433.04,87,2,1,9164.89,6,3.07
235,2025-09-01,184.6,8.6,0,0,5,0,11666.09,4,3.83
696,2026-04-01,178.9,10.9,0,0,7,1,11782.07,2,4.66
869,2026-03-01,187.3,11.3,0,160,4,0,15591.71,8,4.41
1187,2026-05-01,181.2,13.2,21098.59,75,2,0,7846.04,4,3.29
340,2025-12-01,187.1,19.1,0,0,6,2,7049.02,4,4.04
665,2026-04-01,179.6,3.6,0,0,5,0,9623.76,0,4.24
34,2025-11-01,174.4,14.4,0,0,4,0,8232.18,0,4.06
468,2025-10-01,196.6,12.6,0,0,4,0,9313.34,2,3.08
561,2026-06-01,178.8,10.8,0,0,6,1,8837.9,0,3.73
12,2025-11-01,172.1,12.1,0,0,5,0,11680.48,2,3.88
1475,2026-08-01,169.7,9.7,26207.47,71,2,1,8320.16,6,3.95
878,2025-11-01,176.8,16.8,0,0,4,0,11726.26,4,3.23
575,2026-06-01,175.5,7.5,0,0,6,1,10653.3,8,3.89
515,2025-12-01,110.4,0,27353.85,63,1,0,5368,0,3.81
650,2026-06-01,163.2,11.2,21557.39,65,1,3,8821.27,8,3.09
20,2026-02-01,159.3,7.3,0,0,6,1,11673.64,12,4.22
885,2026-08-01,174.6,6.6,0,0,5,0,9683.35,4,3.25
890,2026-04-01,182.6,6.6,0,0,6,0,9758.58,6,3.56
105,2026-03-01,183.2,7.2,33237.8,102,2,0,10011.72,8,4.67
996,2026-01-01,172.1,4.1,0,0,3,1,10148.4,8,2.89
447,2026-06-01,187.4,11.4,0,0,3,0,9963.33,8,3.17
1418,2026-08-01,91.2,0,0,51,2,2,8346.83,2,
1084,2026-01-01,179.2,3.2,22251.38,54,2,0,8400.36,0,3.76
532,2026-05-01,176,8,0,0,4,0,11414.04,8,3.61
296,2026-02-01,157.9,5.9,0,60,2,1,11294.84,12,2.71
222,2026-01-01,176,0,0,0,5,0,7686,6,3.08
1348,2025-09-01,181.6,5.6,0,0,5,0,10936.5,0,4.23
887,2026-04-01,169,9,24219.7,71,2,2,10640.7,4,3.19
758,2026-01-01,176,0,18565.9,73,3,0,6716.67,,4.01
264,2025-10-01,184,8,0,0,2,1,8152.88,2,2.54
218,2025-10-01,194.4,10.4,0,150,6,0,15414.6,6,3.46
1335,2025-10-01,192.7,8.7,0,0,4,0,10538.54,,4.08
927,2025-10-01,192.3,8.3,0,0,6,0,8935.46,8,3.81
1386,2025-09-01,173.6,5.6,16624.71,57,1,1,7653.42,8,2.94
1456,2026-02-01,159.5,7.5,0,0,2,1,10729.08,4,3.2
586,2025-11-01,176,16,22630.52,74,2,0,7500.18,0,2.45
215,2025-09-01,185.3,9.3,27801.6,74,2,0,10611.4,8,3.95
498,2026-06-01,105.6,0,0,63,3,0,5418.83,2,3.35
582,2026-01-01,176.9,0.9,21471.66,63,4,0,9108.56,0,4.13
1225,2026-08-01,141.6,5.6,0,0,3,4,8335.62,0,3.26
784,2025-10-01,159.9,7.9,26905.87,72,2,4,9713.22,4,3.69
344,2026-01-01,180.3,4.3,0,0,3,0,10481.71,2,3.5
1083,2026-07-01,189.7,5.7,0,0,2,0,8374.5,6,2.7
1286,2026-03-01,181.3,5.3,0,0,5,0,9027.39,10,3.49
1284,2026-07-01,186.6,10.6,0,117,4,1,11432.24,4,3.44
783,2026-03-01,182.6,6.6,0,0,5,0,12380.94,10,3.71
380,2025-12-01,203,19,49214.09,115,3,0,7742.25,0,3.89
1148,2026-02-01,174.6,14.6,17807.92,67,3,0,11909.23,4,3.67
632,2026-03-01,185,9,22098.48,81,2,0,8788.71,8,3.56
308,2026-05-01,177.4,9.4,0,0,5,0,12082.06,4,3.86
116,2026-07-01,105.6,0,0,0,2,1,4524.17,4,3.47
810,2026-07-01,105.6,0,0,0,3,1,7919.83,2,4.43
676,2026-04-01,182.2,6.2,0,0,6,0,8280.49,2,3.84
1053,2025-09-01,162.4,10.4,0,0,6,3,12156.59,4,4.45
1263,2026-04-01,105.6,0,14903.73,46,1,0,5286.67,2,3.44
398,2026-03-01,183.7,7.7,26602.29,79,2,0,8664.45,6,3.92
283,2026-03-01,183.6,7.6,0,0,4,0,10131.02,12,3.42
952,2026-01-01,174,6,0,110,6,1,19432,2,4.29
257,2025-10-01,195.9,11.9,0,0,4,0,8197.17,6,3.04
512,2026-06-01,105.6,0,0,0,3,0,5063,4,4.05
57,2026-03-01,184.4,8.4,0,0,3,0,10469.48,12,3.65
817,2026-07-01,181.6,5.6,18746.55,68,3,1,9913.2,4,3.39
1128,2025-11-01,174.8,14.8,0,0,5,0,7970.8,0,3.67
736,2025-11-01,175.8,15.8,0,155,5,0,13012.91,0,3.79
1405,2026-03-01,186.3,10.3,0,0,6,0,8360.02,10,3.89
612,2026-04-01,105.6,0,13948.52,45,2,0,5378.17,2,4.04
1238,2025-10-01,168,8,28039.05,73,2,3,10022.61,4,3.98
234,2026-06-01,105.6,0,0,76,2,0,5337.5,4,3.5
715,2026-06-01,179,11,0,0,7,1,12503.99,8,4.56
873,2026-07-01,194.7,10.7,0,0,6,0,10597.09,6,4.19
504,2026-08-01,169.9,1.9,0,0,4,0,7504.73,8,3.03
1367,2026-02-01,164.6,4.6,0,0,5,0,11195.09,4,3.11
271,2026-04-01,188.1,12.1,0,124,7,0,11646.79,2,4.31
922,2026-01-01,105.6,0,0,0,3,0,5164.67,0,3.47
1053,2026-02-01,153.5,1.5,0,0,5,1,11297.61,6,
988,2025-10-01,180.1,4.1,18791.56,64,2,1,9674.67,0,2.57
1332,2026-08-01,168,0,0,0,3,0,11925.5,4,3.57
879,2025-09-01,178.5,10.5,0,109,4,1,14095.98,0,3.52
773,2026-05-01,153,1,0,0,4,2,11075.02,2,4.09
801,2026-07-01,110.4,0,11538.68,35,1,0,4554.67,8,2.9
193,2026-02-01,141.1,5.1,0,91,3,3,12059.06,8,3.94
24,2025-12-01,199,15,0,0,5,0,6662.1,4,4.81
529,2025-09-01,182.4,6.4,0,0,5,0,6427.12,0,4.1
1071,2026-08-01,164.1,4.1,21160.81,51,2,1,7474.45,6,3.23
686,2025-11-01,175.3,15.3,0,0,3,0,8289.2,2,3.02
407,2026-01-01,180.1,4.1,17025.85,46,2,0,8916.7,8,3.16
512,2025-10-01,105.6,0,0,0,3,1,5063,2,3.96
409,2026-07-01,188.8,4.8,19613.92,78,2,0,7899.37,2,3.43
548,2026-06-01,193.5,17.5,0,111,3,0,21539.65,6,2.79
326,2025-12-01,201.1,17.1,54170.1,124,4,0,11169.28,2,4.21
283,2025-11-01,168.8,8.8,0,0,3,0,10229.74,8,3.23
1223,2026-06-01,188.3,12.3,0,0,3,0,9336.53,2,3.39
132,2025-10-01,196.9,12.9,34306.86,92,2,0,7945.04,6,4.03
536,2026-05-01,96,0,0,62,3,1,7533.5,0,3.59
173,2026-01-01,162.9,2.9,12682.59,42,2,2,8545.88,4,2.8
328,2025-10-01,200.1,16.1,0,162,6,0,12880.47,2,3.61
1441,2026-07-01,192.4,8.4,23316.33,73,2,0,7132.33,0,3.41
1142,2025-12-01,110.4,0,0,100,2,0,5874.3,6,3.27
199,2026-05-01,171.6,11.6,0,106,5,1,14588.17,8,
450,2025-12-01,105.6,0,26104.58,65,1,1,4656.33,0,4.12
1398,2026-04-01,181.6,5.6,24519.43,73,2,0,8420.89,4,3.42
766,2026-03-01,187,11,43219.37,107,2,0,10555.46,6,4.85
342,2025-09-01,180.3,12.3,0,101,5,1,9696.49,2,3.38
931,2025-09-01,167.3,7.3,0,92,3,2,13792.19,6,3.29
1289,2026-01-01,171.2,3.2,0,66,2,1,10097.08,2,2.71
929,2026-01-01,180.3,4.3,13932.07,41,1,0,8045.82,2,2.74
777,2025-12-01,206.3,22.3,0,0,6,0,10612.56,4,4.57
640,2026-04-01,188.2,12.2,0,0,4,0,10959.03,8,3.33
586,2026-01-01,169.1,1.1,13396.59,34,1,1,6650.71,0,2.42
1382,2026-05-01,100.8,0,0,0,2,0,5774.67,2,2.69
1370,2026-08-01,180.4,12.4,0,121,5,0,10357.02,6,3.78
648,2026-07-01,105.6,0,0,0,3,1,4361.5,0,3.77
237,2026-01-01,184,8,0,0,4,0,9218.19,8,2.75
327,2026-01-01,179.3,3.3,0,0,4,0,8627.03,2,
577,2026-04-01,188.3,12.3,0,0,5,0,9201.54,2,2.64
1192,2025-09-01,186.2,10.2,0,79,3,0,11064.07,6,2.78
1337,2026-05-01,173.7,13.7,25339.33,83,2,1,11644.93,6,3.96
91,2025-09-01,186.4,10.4,19868.66,55,3,0,9042.64,0,2.97
205,2026-04-01,184.8,8.8,0,0,4,0,8457.31,4,3.85
399,2026-04-01,180.3,4.3,25316.23,86,3,0,8119.64,6,3.73
872,2026-08-01,160.1,0.1,0,0,3,1,8720.37,4,3.25
543,2026-06-01,191.6,15.6,0,0,5,0,7188.9,4,3.81
43,2025-11-01,163.3,11.3,0,0,3,1,6919.73,8,3.29
1270,2026-04-01,167.4,7.4,0,103,5,2,14798.65,6,3.92
1009,2026-05-01,180.4,12.4,0,0,4,0,9704.08,2,3.26
163,2026-02-01,173,13,0,78,4,0,14952.37,6,3.11
1197,2026-06-01,105.6,0,0,0,3,0,4239.5,4,4.08
9,2026-03-01,178.7,10.7,23362.41,77,2,1,11330.22,4,3.61
125,2025-09-01,183,7,24522.43,75,3,0,7590.9,6,3.38
624,2026-04-01,171.9,11.9,0,0,3,2,7412.21,8,2.49
668,2026-04-01,160.2,0.2,23274.77,64,2,2,7393.77,2,3.58
787,2026-01-01,172.5,4.5,17657.02,49,2,1,12030.78,8,3.51
1303,2025-12-01,204.9,20.9,33075.04,85,2,0,9976.54,8,2.69
1178,2026-02-01,162.5,2.5,0,0,5,0,6076.17,8,3.14
1039,2026-03-01,187.2,11.2,0,0,3,0,9858.41,8,4.06
34,2026-02-01,164,4,0,0,5,0,7573.38,4,4.51
267,2026-02-01,157.8,5.8,14921.26,48,2,1,8787.13,10,3.54
729,2025-10-01,189.8,5.8,29922.11,72,1,0,9491.81,8,3.3
627,2026-03-01,179.6,11.6,0,143,4,1,17507.14,4,4.03
118,2026-08-01,177,9,0,0,7,0,7857.24,6,4.1
1364,2026-02-01,171.6,11.6,0,0,3,0,8133.13,6,3.01
1397,2026-04-01,186.3,10.3,0,124,4,0,9529.93,8,3.74
1045,2025-10-01,192,8,0,0,5,0,8142.01,4,4.07
729,2026-08-01,173.6,5.6,22594.88,53,1,0,9476.17,8,3.26
326,2025-10-01,185.5,9.5,36061.66,91,3,1,10529.38,8,4.04
950,2026-08-01,178.4,10.4,0,137,7,0,9819.08,8,4.56
174,2025-11-01,179.6,19.6,25479.81,81,2,0,9536.65,8,3.01
302,2025-10-01,171.6,3.6,0,0,4,2,12349.44,0,3.07
553,2026-03-01,185,9,0,0,5,0,7955.87,6,3.86
1268,2026-08-01,152.6,8.6,0,77,4,3,10748.53,0,2.76
1497,2026-02-01,161.4,1.4,14720.77,48,2,0,8046.65,8,3.33
629,2025-09-01,181.7,13.7,0,72,2,1,10655.57,2,2.11
941,2026-01-01,176,0,0,0,4,0,6211.83,8,3.86
4,2026-01-01,176,0,0,0,5,0,8133.33,4,4.73
1397,2026-07-01,193.4,9.4,0,134,7,0,9461.78,0,3.74
71,2026-03-01,171.5,3.5,0,0,3,1,13491.28,12,3
778,2026-06-01,105.6,0,14224.28,42,1,0,4991.83,2,3.36
1161,2026-04-01,182.6,14.6,0,117,3,1,12332.93,2,3.44
1279,2026-08-01,172.3,4.3,0,0,4,0,8457.08,8,3.25
768,2026-03-01,171.3,3.3,0,0,4,1,8459.72,12,3.26
983,2025-10-01,191.6,7.6,0,155,6,0,16220.47,2,3.84
1379,2026-05-01,173.4,5.4,0,0,3,0,11024.87,6,3.17
761,2025-09-01,186.1,10.1,0,0,7,0,6389.95,4,4.01
642,2026-07-01,184.8,8.8,0,89,3,1,9803.04,4,2.77
1261,2025-12-01,191.8,15.8,0,0,7,1,8725.36,4,4.21
774,2026-02-01,153.5,1.5,20457.99,71,2,1,7044.27,6,4.25
1396,2026-03-01,159.9,7.9,0,0,4,3,11437.39,6,3
1284,2025-12-01,208.7,24.7,0,156,5,0,12709.99,4,3.16
1013,2025-10-01,196.9,12.9,23738.39,69,3,0,8837.87,0,3.01
192,2026-04-01,168,8,20486.71,68,2,2,8935.56,4,3.2
364,2026-06-01,188,12,0,99,3,0,17911.01,,2.92
681,2026-02-01,153.5,9.5,0,0,4,2,10034.27,4,3.38
204,2025-11-01,174.2,22.2,0,117,2,1,10738.18,6,3.05
428,2026-03-01,179.9,3.9,0,0,7,0,8985.87,10,4.17
335,2026-02-01,170.1,10.1,0,95,5,0,9419.09,6,3.58
1417,2025-11-01,154.2,18.2,0,105,4,3,14003.82,4,2.85
1200,2026-08-01,175.8,7.8,0,0,6,0,11536.65,0,3.95
878,2026-03-01,183.9,7.9,0,0,4,0,10937.75,,2.74
192,2025-10-01,192.1,8.1,26758,68,3,0,8942.79,0,3.02
1376,2026-04-01,165.3,5.3,0,0,3,2,9016.75,6,2.89
850,2026-08-01,166.8,14.8,0,73,3,2,13670.79,0,
778,2025-11-01,91.2,0,15649.97,44,1,1,4991.83,0,3.37
1372,2026-02-01,150.6,6.6,0,63,3,2,13552.4,4,2.6
551,2025-09-01,185.1,9.1,0,69,3,0,11704.44,2,2.35
1088,2026-03-01,182.7,6.7,0,73,3,0,11304.7,4,2.09
607,2025-09-01,181.6,5.6,0,0,6,0,8698.04,6,3.89
126,2026-03-01,189.6,13.6,0,176,4,0,11090.49,10,4.86
1494,2025-12-01,202.8,18.8,32227.99,83,2,0,9752.08,4,2.71
832,2025-12-01,200.8,16.8,35801.87,126,2,0,9583.62,0,3.31
930,2025-12-01,185.8,17.8,0,0,7,2,8541.42,2,4.67
268,2026-02-01,164.2,4.2,19133.62,57,2,0,10936.56,10,3.91
1173,2025-09-01,159.2,7.2,20600.03,63,2,3,6814.88,4,3.6
1229,2026-01-01,178.5,2.5,0,0,5,0,8049.63,2,3.43
441,2026-01-01,168.4,0.4,0,0,3,1,6978.07,0,3.46
633,2026-07-01,179.3,3.3,21778.35,74,2,1,8396.97,2,3.78
823,2026-01-01,147.3,3.3,0,0,4,4,9505.42,2,4.22
1380,2025-09-01,185.2,9.2,0,165,4,0,12809.1,0,4.63
837,2026-05-01,81.6,0,0,0,2,4,5246,4,3.58
98,2026-04-01,105.6,0,0,0,2,0,6222,8,2.97
1098,2026-06-01,105.6,0,0,0,3,0,4107.33,6,3.79
309,2025-12-01,192.1,16.1,38080.29,104,1,1,8976.95,2,3.14
578,2026-06-01,178.9,10.9,0,148,6,1,13541.7,2,3.74
246,2026-08-01,173.1,5.1,0,0,3,0,15636.44,6,3.85
940,2026-06-01,184.6,8.6,0,0,5,0,8159.71,0,3.94
1195,2025-11-01,156.4,12.4,0,0,4,2,13351.55,2,3.76
831,2026-08-01,166.3,6.3,0,0,4,1,10635.18,6,2.98
1466,2025-12-01,203.5,19.5,0,0,3,0,8650.31,6,3.15
691,2025-09-01,177.5,9.5,0,0,6,1,11794.66,6,3.67
440,2026-03-01,105.6,0,0,0,2,0,5368,8,3
833,2026-02-01,139.5,3.5,0,0,3,3,8128.29,12,3.55
1209,2026-03-01,186.2,10.2,0,0,2,0,7363.96,10,2.43
231,2026-06-01,177.8,9.8,28641.22,75,2,1,9231.17,8,3.37
1394,2025-12-01,189.5,13.5,0,0,4,1,9231.13,4,4.18
804,2026-03-01,172.4,12.4,24398.87,62,2,2,7981.84,,2.9
462,2026-04-01,190.8,14.8,0,141,6,0,12661.54,8,3.81
1178,2025-12-01,200.2,16.2,0,0,4,0,6781.29,4,3.55
1097,2026-04-01,184.3,8.3,,81,2,0,5787.87,2,3.31
959,2026-06-01,148.4,4.4,0,0,3,4,12242.39,6,2.77
35,2026-03-01,168.2,8.2,0,0,3,2,12085.8,12,3.81
1499,2026-03-01,179.1,3.1,0,0,3,0,10825.67,4,2.64
389,2026-02-01,140,4,0,71,3,3,16482.63,12,3.48
537,2026-04-01,100.8,0,0,47,1,1,8937.72,2,2.33
832,2026-02-01,155.1,3.1,19228.81,46,2,1,8591.63,4,3.51
197,2025-10-01,110.4,0,12333.97,44,1,0,5551,8,2.91
745,2026-01-01,171.2,3.2,0,0,6,1,10918.37,0,3.62
674,2026-04-01,185.9,9.9,0,0,7,0,10662.4,6,4.36
220,2026-01-01,180,4,24061.49,77,3,0,7815.31,2,4.69
210,2026-04-01,150.4,6.4,0,0,2,4,10128.88,8,2.9
59,2026-03-01,183.9,7.9,0,0,4,0,8037.67,4,4.24
1427,2026-07-01,192.5,8.5,0,0,2,0,14177.94,6,2.73
1180,2026-05-01,157.1,13.1,0,123,6,3,13175.57,0,4.09
380,2026-04-01,182.5,6.5,27217.4,71,3,0,7023.01,0,3.43
545,2026-08-01,149.4,5.4,0,0,5,3,12312.52,8,4.22
605,2025-12-01,175.3,23.3,38635.61,105,2,4,9748.86,2,4.01
772,2026-01-01,174.9,6.9,0,73,3,1,15514.18,2,2.93
928,2026-07-01,175.1,7.1,0,0,4,2,8730.19,0,2.45
287,2025-10-01,110.4,0,0,57,2,0,5652.67,8,2.46
928,2026-08-01,172.6,4.6,0,0,4,0,8552.24,2,
339,2026-07-01,187.9,3.9,19231.21,59,2,0,10677.95,2,3.28
1097,2026-08-01,168.8,0.8,25738.52,64,3,0,5437.38,,3.74
1376,2026-08-01,175.7,7.7,0,0,3,0,9195.81,2,2.9
1082,2025-12-01,198.7,22.7,0,138,4,1,13428.87,4,2.46
1337,2026-03-01,170.5,10.5,26232.14,81,2,2,11356.64,6,3.79
168,2026-08-01,165.3,5.3,0,0,3,1,10037.52,6,3.58
1160,2026-06-01,187.6,11.6,29404.29,86,3,0,7025.59,8,3.75
905,2025-09-01,160.3,8.3,0,0,4,3,8107.3,2,4.08
984,2025-10-01,191.2,15.2,0,150,4,1,11824.58,6,3.85
379,2026-08-01,148.6,4.6,16670.43,51,1,3,7495.11,6,
89,2026-01-01,171.2,3.2,0,67,4,1,19088.87,8,3
569,2026-07-01,202.6,18.6,0,117,3,0,10478.33,6,3.5
1055,2025-10-01,110.4,0,12397.13,48,1,0,4087,8,3.36
560,2026-01-01,178.1,2.1,0,0,4,0,9233.47,4,3.08
352,2025-09-01,184.1,8.1,0,0,2,0,8181.24,8,2.48
4,2026-03-01,166.9,6.9,0,0,7,2,8618.99,10,4.54
850,2025-12-01,203.2,19.2,0,121,3,0,14132.23,8,2.62
242,2025-09-01,183.2,7.2,0,0,5,0,6890.48,6,3.3
997,2026-07-01,184,0,0,0,6,0,7909.67,6,4.5
1363,2025-11-01,176.1,16.1,0,185,7,0,11200.91,6,4.12
23,2025-10-01,191.6,7.6,0,0,5,0,6609.55,2,4.04
1498,2026-02-01,161.9,1.9,0,0,5,0,7853.71,8,3.23
1229,2025-09-01,164.1,4.1,0,0,4,2,8158.73,8,3.22
536,2026-07-01,110.4,0,0,67,4,0,7533.5,0,3.82
886,2026-07-01,168.4,0.4,0,0,5,2,6463.96,0,3.39
1040,2026-04-01,167.4,7.4,0,0,3,2,10395.83,8,2.85
272,2025-12-01,196,20,0,0,7,1,12212.51,2,3.85
515,2026-07-01,110.4,0,16841.37,42,1,0,5368,0,3.89
317,2026-01-01,176,0,0,0,4,0,10756.33,6,2.5
343,2026-01-01,179.8,3.8,0,98,6,0,13904.16,2,3.67
64,2025-12-01,202.4,18.4,0,172,4,0,27342.39,6,3.36
349,2026-02-01,137.9,1.9,0,0,2,3,9000.77,8,3.17
960,2026-07-01,178.1,10.1,0,97,6,2,11762.81,,
837,2026-07-01,110.4,0,0,0,3,0,5246,2,
704,2026-08-01,81.6,0,0,41,2,4,5408.67,4,3.22
1188,2025-12-01,196.4,20.4,0,172,3,1,10119.41,0,3.25
618,2026-07-01,182.5,6.5,0,0,5,1,14303.74,2,3.24
656,2026-06-01,191.8,15.8,0,113,5,0,12342.62,8,3.38
1434,2025-10-01,195.7,11.7,0,0,4,0,9874.91,8,3.11
847,2026-01-01,171.6,3.6,0,121,7,1,11112.4,6,4.67
278,2025-11-01,171.6,11.6,0,0,5,0,12328.34,8,4.53
408,2026-06-01,186.5,10.5,0,0,5,0,8861.28,0,
842,2026-04-01,165.2,5.2,21412.74,67,2,2,8456.84,0,3.07
194,2026-02-01,168.5,8.5,0,72,3,0,13293.86,12,2.8
534,2026-04-01,180,4,21726.03,76,3,0,9328.78,0,3.58
295,2026-07-01,197.1,13.1,0,131,4,0,13752.85,0,
1219,2026-02-01,164.2,4.2,0,64,3,0,16183.58,12,2.66
1355,2025-10-01,193.5,9.5,26518.44,95,2,0,11288.55,8,3.53
316,2026-08-01,173,5,0,0,5,0,14043.1,8,4.01
428,2025-11-01,173.5,13.5,0,0,6,0,9708.02,0,3.96
1469,2026-03-01,182.7,6.7,0,0,7,0,11885.53,12,4.35
701,2026-08-01,158.6,14.6,0,91,3,3,12458.89,2,3.41
349,2026-04-01,183.5,7.5,0,0,4,0,9429.9,4,3.41
1124,2025-10-01,194.8,10.8,32205.51,89,2,0,10060.76,2,3.47
1320,2026-02-01,166.5,6.5,18297.07,60,1,0,9750.6,8,3.35
669,2025-10-01,194.8,10.8,30213.27,76,3,0,10850.05,6,3.62
683,2026-05-01,178.3,10.3,0,0,6,0,10264.55,0,3.97
434,2025-10-01,171.6,11.6,0,0,5,3,10538.38,0,4.56
31,2025-12-01,200.5,16.5,0,0,5,0,11153.62,2,3.16
254,2026-04-01,105.6,0,0,0,2,0,4646.17,4,3.91
614,2026-02-01,32,0,0,0,1,0,1653.1,6.4,3.67
847,2026-05-01,181.5,13.5,0,172,4,0,12035.67,0,4.56
746,2025-11-01,184.3,24.3,0,198,5,0,11588.51,0,4.5
1036,2026-07-01,187.3,3.3,0,0,5,0,9170.79,4,4.83
288,2025-11-01,162.5,10.5,0,0,4,1,12066.43,0,4.81
1311,2025-09-01,188.4,12.4,0,93,3,0,14072.04,6,3.15
950,2025-09-01,183.5,7.5,0,135,6,0,9593.01,0,4.41
606,2026-01-01,105.6,0,0,0,4,0,6028.83,6,4.74
1217,2025-09-01,194.7,18.7,0,98,5,0,16489.42,2,3.12
321,2025-09-01,163.2,3.2,0,0,5,2,8097.36,4,3.71
315,2026-02-01,153.3,1.3,0,0,4,1,8080.9,12,3.64
1045,2026-01-01,170.5,2.5,0,0,5,1,7779.58,0,3.79
1105,2026-06-01,100.8,0,0,68,3,1,6577.83,6,3.52
1361,2025-09-01,105.6,0,0,0,2,0,5286.67,4,3.89
233,2026-05-01,172.5,4.5,0,0,4,0,9094.38,6,3.21
1317,2026-03-01,188.3,12.3,0,0,2,0,7480.47,16,3.07
755,2025-11-01,176.5,16.5,25730.56,83,1,0,11014.2,8,3.32
94,2026-05-01,162.7,10.7,20841.32,73,3,2,9308.56,0,3.28
1469,2025-10-01,194.6,10.6,0,0,8,0,12264.69,4,4.37
1232,2026-06-01,169.8,9.8,0,0,3,2,9352.49,6,2.97
1238,2025-09-01,186.3,10.3,36154.77,90,3,0,10209.18,8,4.37
142,2025-10-01,193.4,9.4,10293.57,33,1,0,6486.27,16,3.62
1468,2026-03-01,185.1,9.1,0,0,5,0,7764.84,4,3.53
713,2026-03-01,175.5,7.5,25190.64,82,2,1,10360.98,4,3.47
450,2025-09-01,105.6,0,16378.7,43,1,0,4656.33,4,3.89
677,2026-06-01,153,9,23977.9,85,1,0,8326.55,2,3.91
1379,2025-11-01,178.5,18.5,0,0,5,0,12218.91,4,3.61
890,2026-02-01,166.4,6.4,0,0,3,0,9742.61,4,3.29
659,2025-10-01,110.4,0,0,59,2,0,7767.33,8,2.55
1473,2026-06-01,181.3,13.3,0,0,6,1,12413.81,6,3.87
972,2026-06-01,177.6,9.6,0,0,5,1,11319.6,2,4.3
579,2026-06-01,184.7,8.7,0,0,5,0,11052.35,2,3.23
774,2026-01-01,149.7,5.7,15498.17,51,2,4,7297.02,0,4.15
984,2026-05-01,167,15,0,139,6,2,11806.49,0,3.83
48,2025-10-01,195.8,11.8,0,0,4,0,7059.05,2,4.13
645,2026-07-01,185.8,1.8,24518.13,66,3,0,10046.26,8,3.94
283,2025-10-01,185.7,9.7,0,0,4,1,10303.77,4,3.21
1163,2026-08-01,146,10,0,0,3,4,7147.07,4,3.7
1077,2026-03-01,185.3,9.3,28509.67,73,1,0,12105.35,6,3.33
350,2026-06-01,179.6,3.6,0,0,6,0,7694.81,2,3.79
405,2026-01-01,170,2,0,0,4,1,11438.95,0,4.42
698,2026-06-01,185.2,9.2,0,0,5,0,8802.82,6,4.04
237,2026-02-01,151.5,7.5,0,0,3,2,9180.89,4,
168,2026-05-01,168.5,8.5,0,0,3,1,10303.29,6,3.01
1136,2026-02-01,155,3,0,0,5,1,7899.9,4,3.42
1075,2026-03-01,96,0,8357.48,24,1,2,3914.17,4,2.36
1090,2025-10-01,179,11,0,0,4,2,11479.62,0,3.25
303,2025-12-01,184.7,16.7,29987.5,80,2,2,9762.56,0,2.74
1178,2026-06-01,192.6,16.6,0,0,5,0,6801.88,4,3.34
607,2026-03-01,185.5,9.5,0,0,4,0,8978.03,12,4
335,2026-01-01,183,7,0,83,4,0,9186.72,8,3.16
1262,2026-04-01,188,12,0,0,4,0,6117.15,2,3.48
465,2026-08-01,96,0,10289.62,38,1,1,5256.17,2,3.14
509,2026-03-01,105.6,0,0,0,3,0,3914.17,10,3.18
996,2026-04-01,187.9,11.9,0,0,5,0,10809.95,2,3.29
717,2025-11-01,172.4,12.4,26942.08,96,3,0,7695.79,0,3.44
479,2026-05-01,178.5,10.5,31295.33,92,3,0,7441.7,2,3.93
1347,2025-09-01,184.8,8.8,0,0,5,0,14485.75,4,3.35
491,2026-07-01,180.2,4.2,0,0,5,1,9050.58,0,3.21
997,2026-06-01,169.8,9.8,0,0,4,2,8580.47,2,4.46
1237,2025-12-01,201.3,17.3,40637.37,111,2,0,9105.52,4,3.32
877,2026-05-01,176.7,8.7,0,0,3,0,7499.42,8,2.75
1244,2026-02-01,96,0,0,41,2,0,9861.67,4,2.69
801,2026-01-01,100.8,0,8596.71,22,1,1,4554.67,2,2.59
58,2026-03-01,182.7,6.7,0,0,7,0,5485.63,6,5
1073,2026-08-01,164,4,0,0,6,1,10991.93,2,
1362,2025-09-01,187.4,11.4,0,0,4,0,8366.07,2,4
952,2026-04-01,185.4,9.4,0,147,6,0,19975.53,8,4.13
14,2026-05-01,175.8,7.8,0,115,4,0,11178.5,6,3.18
752,2026-01-01,179.5,3.5,0,0,5,0,6976.08,2,3.16
842,2025-09-01,170.4,2.4,17057.69,53,2,1,8260.75,0,2.84
226,2025-09-01,178.1,10.1,0,0,2,1,10181.91,16,3.12
75,2026-04-01,181.2,5.2,17776.09,68,2,0,11187.25,0,2.75
552,2025-12-01,196.1,20.1,0,0,4,1,10395.45,6,3.61
938,2026-02-01,166,6,20613.13,63,2,0,9913.85,6,3.7
331,2026-07-01,181.1,5.1,15161.48,47,2,1,7505.07,6,2.54
22,2026-04-01,183.8,7.8,0,0,4,0,10201.74,2,3.64
573,2025-11-01,177.1,17.1,0,130,4,0,13818.63,14,3.75
385,2026-01-01,176.9,0.9,21375.14,69,3,0,7633.16,4,4.08
312,2025-11-01,164.2,12.2,0,0,4,1,12892.32,6,3.79
914,2026-08-01,163.5,3.5,0,0,6,1,9950.87,0,3.98
1310,2025-09-01,173.8,5.8,0,0,5,1,8135.84,4,3.21
1412,2026-07-01,187.8,3.8,0,0,4,0,9240.87,6,3.5
226,2026-04-01,185.8,9.8,0,0,4,0,10157.6,8,3.39
65,2026-03-01,176,0,26185.31,83,3,0,20079.17,10,3.82
1486,2026-05-01,159.5,7.5,0,0,4,2,8455.51,8,2.86
535,2026-05-01,178.2,10.2,0,0,6,0,12635.17,2,4.34
280,2026-03-01,185.7,9.7,21151.54,68,2,0,7978.54,10,3.55
1032,2026-01-01,176,0,16970.59,66,3,0,7340.33,2,3.82
1261,2026-07-01,193.8,9.8,0,0,7,0,8326.8,6,4.46
961,2025-10-01,190.4,6.4,0,0,7,0,10386.39,8,4.13
567,2025-11-01,167.2,15.2,0,0,5,1,8271.36,8,3.65
177,2026-01-01,176.6,0.6,0,0,2,0,8584.34,8,2.82
1484,2026-04-01,172.3,4.3,25082.12,85,2,1,9005.42,8,4.03
1143,2026-02-01,137.9,9.9,14363.63,40,2,1,7943.08,4,3.22
1152,2025-09-01,185.4,9.4,0,120,5,0,12202.99,8,4.01
351,2026-01-01,186.4,10.4,0,121,6,0,11558.18,4,4.39
143,2026-04-01,185.5,9.5,0,0,7,0,6876.55,8,4.8
819,2026-07-01,110.4,0,0,0,3,0,4463.17,0,3.53
541,2026-07-01,187.2,3.2,0,0,4,0,7951.08,2,3.11
871,2025-09-01,178.4,2.4,0,0,6,0,8904.17,6,3.82
1497,2026-01-01,176,0,19805.09,49,2,0,7950.33,2,3.48
87,2026-07-01,189,5,0,0,4,0,13374.89,4,2.84
1220,2025-09-01,187.5,11.5,0,145,6,0,14230.16,0,3.96
472,2026-01-01,179.1,3.1,14597.21,47,2,0,8226.25,8,3.3
722,2025-09-01,182.2,14.2,0,111,4,1,19578.43,4,3.32
1330,2025-11-01,169.5,17.5,30765.28,99,3,1,8557.33,4,3.93
1059,2026-03-01,174,6,0,0,3,1,8716.06,12,3.93
1305,2026-01-01,155.2,3.2,20189.09,57,2,3,8786.94,8,3.82
996,2025-10-01,193.5,9.5,0,0,5,0,10606.39,2,3.34
1190,2026-05-01,8.3,0.3,0,0,0,0,573.32,0,3.14
1318,2025-11-01,175.9,15.9,0,177,5,0,11600.26,2,3.97
622,2026-04-01,181.5,5.5,,79,2,0,8680.21,0,4.18
272,2025-09-01,158.3,6.3,0,0,4,3,10978.25,2,4.07
1002,2025-11-01,154.9,18.9,0,0,4,3,7973.09,2,3.43
1483,2026-06-01,186.6,10.6,0,0,4,0,8890.51,6,3.55
621,2026-03-01,183.2,7.2,0,104,4,0,11869.34,10,3.09
111,2026-08-01,174.8,6.8,0,118,6,0,14855.61,8,3.8
1413,2026-05-01,153.6,1.6,16831.32,58,2,2,12667.84,4,2.94
772,2026-05-01,175.3,7.3,0,99,3,0,15564.85,2,3.11
1372,2026-06-01,181.6,13.6,0,95,3,1,14329,2,2.46
837,2026-06-01,96,0,0,0,2,2,5246,6,3.88
366,2026-06-01,186.1,10.1,32440.34,96,2,0,8888.44,2,3.65
505,2026-04-01,156,4,0,0,4,3,8309.69,0,3.61
89,2025-11-01,175.5,15.5,0,128,5,0,21065.98,2,3.08
1402,2026-02-01,173.2,13.2,15046.42,49,1,0,8745.23,4,2.85
362,2025-11-01,86.4,0,0,0,3,2,6943.83,2,3.24
642,2025-12-01,211.1,27.1,0,155,5,0,11245.65,6,2.7
217,2026-06-01,185.1,17.1,0,108,3,1,18358.7,6,3.07
1492,2026-07-01,173.2,5.2,0,0,6,2,12706.5,0,3.87
959,2026-04-01,182.8,6.8,0,0,3,0,12487.33,6,3.01
1312,2026-03-01,105.6,0,17334.63,44,1,0,3954.83,12,4.31
1076,2025-11-01,155.1,11.1,21699.1,58,1,2,9761.49,8,
952,2025-12-01,199.7,15.7,0,210,8,0,20982.65,2,4.25
322,2025-10-01,190.4,6.4,26024.06,90,2,0,11437.91,6,3.35
619,2026-03-01,186.2,10.2,0,131,5,0,11351.74,6,3.71
276,2026-06-01,185.8,17.8,0,124,4,1,17004.94,6,3.38
808,2026-07-01,110.4,0,0,0,2,0,4188.67,2,3.43
816,2026-05-01,100.8,0,16732.23,40,1,0,5683.17,2,3.58
1387,2026-07-01,169.6,1.6,0,0,4,2,7843.96,0,4.02
251,2026-03-01,172.4,4.4,21682.1,76,2,1,9181.79,4,3.43
973,2026-06-01,183.7,15.7,26911.12,84,2,1,9561.71,2,3.38
891,2025-09-01,179.5,11.5,0,0,6,1,10298.83,0,
972,2026-02-01,164.6,4.6,0,0,4,0,10867.38,10,4.09
724,2025-10-01,193.5,9.5,42739.77,114,3,0,9022.04,2,4.28
150,2026-08-01,146.8,2.8,22364.24,65,2,3,8705.28,6,
638,2025-10-01,184.4,8.4,0,150,4,1,7410.52,8,3.74
1207,2025-11-01,175.6,15.6,31396.61,91,1,0,7904.33,2,3.53
837,2026-03-01,100.8,0,0,0,2,1,5246,,3.74
1006,2026-05-01,177,9,22695.17,55,1,0,6498.39,8,3.09
725,2025-09-01,181.3,5.3,0,0,4,0,9994.99,2,3.55
1149,2025-10-01,190.9,6.9,17774.49,65,2,0,7369.23,0,2.3
1483,2026-08-01,171.6,3.6,0,0,4,0,8397.2,2,3.62
204,2026-08-01,179.4,11.4,0,125,5,0,9896.31,0,3.67
1041,2026-05-01,175.5,7.5,24858.37,70,2,0,7914.19,2,3.45
1383,2026-04-01,100.8,0,,47,1,1,4493.67,8,3.79
44,2026-06-01,173.6,13.6,0,0,2,2,12158.63,8,2.67
27,2026-02-01,160,0,0,0,4,0,7218.33,6,3.91
32,2025-10-01,202.2,18.2,0,124,4,0,10002.73,0,3.01
989,2025-11-01,172,12,33602.36,99,3,0,9718.63,2,3.55
188,2026-05-01,178,10,28597.44,85,2,0,9201.71,6,3.74
975,2026-06-01,169.3,9.3,0,0,5,2,8546.24,4,3.04
289,2026-07-01,190.3,6.3,0,0,6,0,7333.13,8,3.61
756,2025-12-01,198.5,14.5,0,0,4,0,9726.03,8,3.07
572,2026-04-01,187.2,11.2,0,0,5,0,9624.22,2,3.47
299,2025-11-01,172.1,12.1,0,0,4,0,14162.59,8,3.91
590,2026-08-01,169.7,1.7,0,0,5,0,5828.67,8,3.71
536,2025-09-01,100.8,0,0,60,2,1,7533.5,8,3.5
707,2026-08-01,173.4,5.4,0,0,6,0,9566.94,8,4.18
1441,2025-10-01,168.8,8.8,21068,63,2,3,7155.35,,3.47
462,2025-11-01,179.6,19.6,0,141,6,0,13127.76,6,3.73
1139,2025-12-01,190.4,14.4,34398.54,106,2,1,7469.32,4,3.23
5,2025-10-01,176.2,8.2,0,0,4,2,8383.84,6,3.72
17,2025-09-01,182.3,6.3,0,0,4,0,5360.47,8,4.53
789,2026-05-01,177.3,9.3,0,0,7,0,9150.41,0,4.01
1430,2026-02-01,159.5,7.5,0,68,2,1,9743.87,8,3.19
977,2026-02-01,166.1,6.1,14734.74,54,2,0,9258.4,6,3.21
1243,2025-12-01,204.1,20.1,0,0,3,0,14560.8,8,2.84
30,2025-11-01,169.7,9.7,41542.64,116,3,0,7824.26,0,4.11
422,2026-08-01,172.1,12.1,0,0,5,1,9524.09,2,3.76
570,2025-12-01,203.5,19.5,45772.22,159,2,0,10397.01,0,4.22
790,2026-05-01,166.2,6.2,24373.32,78,2,1,7455.65,8,3.87
1253,2026-03-01,183.5,7.5,0,0,5,0,4792.07,,3.06
1219,2026-07-01,197.3,13.3,0,100,4,0,17413.34,4,2.86
688,2026-01-01,183.1,7.1,14099.53,44,2,0,6928.03,8,3.2
1308,2025-10-01,100.8,0,0,0,2,2,6018.67,8,2.88
646,2025-11-01,96,0,0,0,1,0,4229.33,0,2.95
918,2026-02-01,164,4,17493.27,57,2,0,9708.66,4,3.45
460,2025-12-01,202.2,18.2,52478.28,170,2,0,12838.8,4,4.49
959,2026-07-01,190.7,6.7,0,0,4,0,12477.12,2,
232,2025-12-01,181.1,21.1,0,0,3,3,7839.04,4,3.56
806,2025-09-01,185.7,9.7,0,0,6,0,9719.71,2,3.82
380,2025-11-01,157.6,13.6,28426.32,89,2,2,7431.54,0,3.45
426,2025-10-01,194.8,10.8,31341.71,81,2,0,8571.1,4,3.49
1450,2026-06-01,185.9,9.9,0,0,4,0,9644.4,4,3.38
1435,2026-01-01,160.3,0.3,0,0,3,2,7002.63,0,3.14
1469,2026-07-01,178.5,2.5,0,0,7,1,11477.21,2,
1140,2025-12-01,179.4,19.4,0,0,4,3,9154.46,6,3.14
811,2025-11-01,167,15,28588.52,87,2,1,10119.5,0,3.56
27,2025-12-01,183.7,23.7,0,0,5,3,8698.79,8,3.37
740,2026-04-01,178.6,10.6,0,107,5,1,11421.14,2,3.48
907,2026-06-01,105.6,0,19631.85,49,2,0,6415.17,8,3.77
312,2025-10-01,176.1,8.1,0,0,5,2,12478.57,0,3.67
1056,2026-04-01,185.6,9.6,0,0,5,0,10372.63,4,2.88
514,2026-01-01,182.4,6.4,0,96,6,0,14120.34,6,3.63
1350,2025-09-01,178.1,10.1,0,0,5,1,9982.91,0,3.78
805,2026-06-01,167,7,20542.92,58,2,2,12259.74,4,3.15
360,2025-09-01,174.6,6.6,0,0,5,1,10564.63,0,3.22
947,2026-03-01,182.8,6.8,0,0,5,0,7137.15,6,3.29
1202,2025-09-01,178.4,10.4,0,96,3,1,10283.79,8,2.97
464,2026-02-01,168.4,8.4,0,0,5,0,6248.43,4,3.52
758,2026-03-01,185.8,9.8,23261.87,76,2,0,7286.29,4,3.68
1324,2026-03-01,195.1,19.1,0,106,3,0,13612.32,10,2.94
519,2026-01-01,184.9,8.9,0,67,4,0,12033.72,4,3.13
581,2026-06-01,190.1,14.1,0,0,4,0,13392.05,8,3.02
566,2025-11-01,177.8,17.8,0,169,4,0,18068.4,0,4.31
1482,2025-12-01,209.3,25.3,0,208,4,0,13183.23,2,3.5
637,2026-07-01,193,9,0,0,6,0,7347.58,8,3.56
884,2026-07-01,193.9,9.9,0,116,4,0,13035.5,6,3.61
245,2026-03-01,178.6,2.6,0,0,6,0,8066.84,6,
92,2026-01-01,176,0,0,87,7,0,11396.83,8,4.28
1262,2026-06-01,180.9,4.9,0,0,4,0,5776.65,2,3.62
1021,2025-10-01,181.1,5.1,27359.92,77,2,1,9437.06,4,3.16
1422,2025-09-01,165.1,5.1,0,0,5,2,7834.14,0,4.52
397,2026-03-01,174.3,6.3,13151.16,44,2,1,7408.17,6,2.14
420,2026-01-01,177.6,1.6,0,0,7,0,8874.7,0,4.33
822,2026-07-01,198.7,14.7,0,115,5,0,17476.48,8,3.54
828,2026-04-01,181.4,5.4,21025.93,63,3,0,7779.13,4,3.36
313,2026-03-01,187.4,11.4,0,0,3,0,7427.82,12,3.31
953,2025-12-01,201.3,25.3,0,146,4,1,11574.67,4,2.8
175,2025-12-01,26.2,2.2,0,0,0,0,1457.34,5.2,3.68
1284,2026-06-01,188.9,12.9,0,144,6,0,11640.67,2,3.72
770,2026-04-01,179.9,3.9,30825.56,87,3,0,8197.64,6,4.16
892,2026-07-01,182.1,6.1,16477.66,50,1,1,11859.31,6,2.83
1346,2026-08-01,168.3,8.3,22484.73,61,3,1,6865.05,2,3.84
260,2026-06-01,185,9,0,0,3,0,10629.74,6,3.18
686,2026-04-01,182.2,6.2,0,0,4,0,7712.75,0,3.53
247,2025-11-01,150.4,6.4,0,0,2,2,8240.44,0,2.5
467,2026-01-01,176,0,0,0,4,0,6862.5,8,3.44
1119,2026-06-01,189.2,13.2,28869.15,90,3,0,13174.48,0,3.52
1250,2026-06-01,190.4,14.4,0,105,4,0,12131.04,2,3.22
627,2025-11-01,157.3,13.3,0,125,3,2,17741.2,2,3.93
1446,2026-06-01,178.3,10.3,26212.36,66,2,1,13641.77,2,2.89
376,2026-07-01,161.7,9.7,0,0,4,4,9829.91,6,3.1
1116,2025-12-01,201,17,0,0,3,0,7872.08,8,2.89
1184,2026-02-01,157,5,0,0,4,1,9004.98,12,3.64
818,2026-06-01,105.6,0,11903.52,40,1,0,5622.17,6,3.04
175,2026-06-01,190.2,14.2,0,0,5,0,10947.94,6,3.44
186,2026-08-01,160.7,8.7,0,72,2,2,10844.64,4,2.93
237,2025-09-01,183,7,0,0,3,0,9143.59,6,2.8
1024,2026-05-01,171.2,11.2,0,0,4,1,11665.05,0,3.54
757,2026-06-01,180.3,12.3,0,0,3,1,10585.15,8,2.92
573,2025-09-01,176.6,8.6,0,40,1,1,12933.19,8,3.96
1177,2025-09-01,158.4,6.4,15611.82,45,1,3,7757.6,8,2.77
1279,2025-09-01,173.3,5.3,0,0,3,1,8527.64,8,3.11
982,2026-02-01,162.9,2.9,14086.53,51,2,0,8702.21,12,3.04
1435,2026-02-01,153.2,1.2,0,0,3,1,7057.03,10,2.77
1274,2026-03-01,184.5,8.5,0,0,2,0,8022.16,6,2.18
923,2025-09-01,180.1,12.1,18369.51,59,2,1,8041.56,8,2.98
176,2025-09-01,184.9,8.9,0,0,2,0,8913.05,2,2.68
1274,2026-05-01,177.6,9.6,0,0,4,0,8093.29,4,2.4
1181,2025-11-01,168.2,8.2,0,0,5,0,8078.98,0,4.39
1243,2026-03-01,171,3,0,0,3,1,12725.34,6,2.51
939,2026-04-01,188.2,12.2,0,0,5,0,15657.36,8,3.36
84,2025-09-01,182.3,6.3,0,116,6,0,20273.31,8,4.03
494,2026-01-01,177.9,1.9,17343.02,47,2,0,8804.42,2,2.92
311,2026-02-01,156.5,4.5,0,0,3,1,8344.44,12,2.99
1176,2026-05-01,160.4,8.4,0,0,4,2,8168.37,4,2.84
1333,2026-08-01,166.8,6.8,21775.77,65,3,1,7126.39,8,4.08
632,2025-12-01,179,11,33755.02,124,2,2,8929.83,0,3.55
724,2026-05-01,173.7,5.7,32390.78,103,3,0,8747.89,4,4.55
479,2026-03-01,177,9,22468.79,81,3,1,7353.15,10,3.93
67,2026-07-01,190.5,6.5,0,0,6,0,14357.43,0,3.79
315,2025-09-01,174.4,6.4,0,0,5,1,8433.58,6,3.49
856,2026-07-01,173.6,5.6,0,0,4,2,9135.07,4,3.04
4,2025-09-01,176.1,8.1,0,0,4,1,8703.45,0,4.6
479,2026-04-01,174.8,6.8,24970.22,86,2,1,7223.27,8,3.78
1004,2026-03-01,179.5,11.5,0,0,5,1,6628.82,4,3.56
1154,2026-08-01,170.4,2.4,20751.96,57,2,0,7502.65,4,3.05
299,2025-12-01,195.1,19.1,0,0,4,1,14939.19,0,4.2
373,2025-11-01,156.7,12.7,28608.41,81,2,2,9704.26,0,3.58
1046,2026-08-01,168.7,8.7,0,101,4,1,9704.48,6,3.84
1126,2026-04-01,171.9,11.9,0,83,3,2,12357.43,4,3.17
261,2025-10-01,110.4,0,22628.19,56,2,0,5083.33,6,4.62
159,2026-08-01,178.9,10.9,0,0,3,0,9901.83,0,3.54
727,2025-10-01,193.3,17.3,0,194,8,1,12284.86,8,4.56
951,2026-08-01,162.7,2.7,18025.79,59,2,1,7303.76,2,3.07
1362,2025-11-01,176.7,16.7,0,0,4,0,8715.32,6,3.57
838,2026-08-01,100.8,0,0,61,2,0,8113,2,3.49
230,2025-12-01,197.3,13.3,0,0,4,0,8883.6,6,3.49
829,2025-09-01,158.4,14.4,0,127,6,4,16007.03,4,4.03
850,2026-05-01,178.5,10.5,0,75,3,0,13219.83,0,2.56
1253,2026-07-01,191.5,7.5,0,0,3,0,4792.07,8,2.89
362,2026-05-01,100.8,0,0,0,2,0,6943.83,0,
346,2026-04-01,167.6,7.6,0,0,3,2,11052.03,0,3.49
437,2026-07-01,176,0,0,0,5,1,9170.33,8,3.65
1233,2025-12-01,193.6,17.6,39361.12,126,3,1,9524.4,0,3.78
1272,2026-04-01,176.1,8.1,0,0,5,1,8442.35,0,3.73
930,2026-06-01,162.7,10.7,0,0,4,3,8086.67,2,4.39
485,2026-05-01,170.4,10.4,0,0,4,1,8611,0,3.27
590,2025-10-01,171.5,11.5,0,0,3,3,6315.82,2,3.41
161,2026-07-01,188.3,4.3,19420.18,71,3,0,7877.1,4,3.46
922,2025-11-01,96,0,0,0,2,0,5164.67,6,3.48
222,2026-05-01,53.7,5.7,0,0,1,2,3307.13,2,3.26
1110,2025-12-01,201.5,17.5,61543.19,151,3,0,11530.74,6,4.51
650,2025-12-01,201.7,17.7,38455.88,111,2,0,9273.63,4,3.13
392,2026-01-01,176,0,0,0,4,0,7777.5,8,3.39
606,2025-12-01,110.4,0,0,0,5,0,6028.83,4,4.76
263,2026-02-01,158.2,6.2,19029.39,55,2,1,10444.34,10,3.64
1168,2025-12-01,175.5,15.5,37270.07,94,2,3,8094.32,6,3.58
1174,2026-02-01,158.1,6.1,0,0,5,1,12897.54,4,4.35
860,2026-07-01,100.8,0,0,53,3,2,7431.83,8,3.96
1457,2026-05-01,178.7,10.7,0,0,6,0,7147.4,0,4.12
264,2026-04-01,189.8,13.8,0,0,3,0,8535.6,6,2.92
1067,2026-07-01,183.6,7.6,0,0,3,1,7237.99,8,3.08
594,2026-02-01,135.1,7.1,0,0,3,4,10208.6,12,2.51
1433,2026-01-01,168,0,17624.64,44,2,1,6943.83,0,3.34
345,2026-07-01,184,8,0,0,4,1,10142.19,4,3.12
238,2025-11-01,170.9,10.9,35779.72,98,2,0,8678.01,,3.62
1363,2026-02-01,168.4,8.4,0,103,6,0,10545.82,4,4.28
785,2026-02-01,157,5,24275.66,69,2,1,13968.85,4,4.79
1309,2026-08-01,173.6,5.6,0,0,4,0,9273.64,4,4.03
390,2025-11-01,155.7,11.7,0,0,3,2,11050.49,4,3.22
832,2025-11-01,167.5,7.5,25497.21,79,2,0,8910.23,4,3.57
623,2025-12-01,208.8,24.8,0,196,5,0,12484.42,4,3.53
1328,2026-04-01,105.6,0,0,0,3,0,4056.5,8,3.6
30,2026-01-01,154.3,2.3,19651.27,57,3,3,7362.01,6,4.53
1069,2026-07-01,189,5,0,0,3,0,6915.48,8,3.33
764,2025-10-01,198.4,14.4,0,144,4,0,13983.28,8,3.46
1063,2026-08-01,180.6,12.6,0,110,5,0,11196.3,4,3.53
1050,2026-08-01,182.6,14.6,0,149,6,0,14096.41,,
967,2026-03-01,192.1,16.1,0,145,6,0,14513.7,10,4.37
819,2026-04-01,86.4,0,0,0,3,4,4463.17,2,3.29
898,2026-08-01,181.7,13.7,0,138,4,0,10234.8,0,3.91
930,2025-09-01,181,5,0,0,6,0,7721.58,8,4.65
1277,2026-08-01,177.5,9.5,0,0,5,0,8901.01,0,4.17
1012,2026-08-01,145.8,1.8,0,0,5,3,9127.33,4,3.42
524,2025-12-01,206.4,22.4,0,165,3,0,13011.33,8,3.15
1444,2026-07-01,194.6,10.6,25224.42,77,2,0,11321.25,0,3.67
1497,2026-06-01,183,7,26164.43,98,2,0,8431.94,6,3.85
592,2025-12-01,206.6,22.6,0,224,6,0,11868.49,,4.23
1305,2025-11-01,168.1,8.1,27284.7,66,2,0,9149.5,8,3.97
268,2026-07-01,193.8,9.8,24715.31,69,3,0,11447.98,8,4.02
321,2026-02-01,160.6,0.6,0,0,4,0,7920.08,4,3.89
1207,2026-08-01,159.7,7.7,21797.33,66,2,2,7428.22,2,3.63
904,2026-07-01,105.6,0,0,0,3,1,5225.67,4,3.69
433,2025-09-01,177.3,9.3,22757.29,58,2,1,11358.37,8,2.91
1353,2025-09-01,170,10,0,0,2,2,9577.29,4,2.91
1362,2026-08-01,168,0,0,0,5,0,7614.83,4,3.65
1033,2025-11-01,176,16,0,0,5,0,10567.39,2,3.05
1115,2025-09-01,186.2,10.2,0,0,5,0,6527.8,8,3.4
227,2025-09-01,155.8,11.8,0,0,4,4,10812.67,0,3.18
963,2025-12-01,187.3,19.3,0,214,5,2,11864.7,4,4.15
343,2026-07-01,185.1,9.1,0,112,6,1,14521.57,6,3.63
119,2026-08-01,174.6,6.6,0,0,5,0,9831.17,8,4.43
976,2026-06-01,178,18,0,141,7,2,18024.99,0,3.95
69,2026-01-01,181.9,5.9,0,112,7,0,24299.4,2,4.45
1176,2025-09-01,184.2,8.2,0,0,5,0,8155.19,4,3.16
1427,2026-05-01,176.2,8.2,0,0,4,0,14143.65,2,2.94
1206,2026-07-01,187,3,0,0,5,0,11703.14,6,3.94
1449,2026-08-01,176.1,8.1,0,0,7,0,10683.48,0,4.8
250,2025-11-01,177,17,34369.71,100,2,0,10402.81,4,3.94
859,2026-05-01,155,3,22957.9,87,2,2,6498.27,4,4.07
774,2026-07-01,184.5,0.5,29974.98,74,2,0,6984.09,8,4.57
178,2026-01-01,171.6,3.6,0,83,4,1,9749.56,6,4.08
1341,2025-11-01,152.7,16.7,29137.43,86,2,3,13032.26,6,3.75
787,2025-11-01,172.6,12.6,30284.41,82,1,0,12842.48,8,3.37
1227,2026-04-01,180.4,12.4,0,0,2,1,7902.85,2,2.57
1407,2025-11-01,155.6,11.6,0,129,3,2,14509.85,4,3.48
167,2026-05-01,162.7,10.7,0,0,4,2,8497.67,8,3.95
914,2025-11-01,171.9,19.9,0,0,5,1,11321.61,6,4.11
205,2025-10-01,198.9,14.9,0,0,7,0,8872.17,8,3.82
1302,2026-02-01,169.6,9.6,0,77,5,0,13323.65,8,3.28
761,2026-02-01,149.1,5.1,0,0,4,2,6135.68,12,4
932,2025-11-01,169.7,17.7,0,133,4,1,13974.92,2,3.42
250,2026-02-01,162.8,2.8,21220.15,61,3,0,9288.41,12,4.1
290,2025-09-01,96,0,0,0,3,2,6069.5,6,3.95
1073,2026-01-01,177.3,1.3,0,0,5,0,10743.69,2,4
917,2026-05-01,160,0,0,0,2,1,9231.33,8,2.88
239,2026-04-01,173.1,13.1,0,146,4,2,18721.98,4,4.16
555,2026-01-01,105.6,0,11053.91,39,2,0,3863.33,4,3.75
1001,2025-09-01,187.4,11.4,24705.36,77,3,0,7470.85,0,3.96
392,2026-06-01,194.8,18.8,0,0,4,0,9042.84,6,3.42
550,2025-12-01,100.8,0,0,68,2,2,8468.83,8,2.82
467,2025-11-01,166.8,14.8,0,0,5,1,7741.43,0,3.31
1413,2026-03-01,181,5,25722.75,56,2,0,13035.48,4,2.92
1075,2026-02-01,96,0,7412.32,22,1,0,3914.17,4,2.36
574,2025-09-01,175.8,7.8,0,0,5,1,8566.69,4,3.4
791,2025-12-01,195.7,19.7,0,0,4,1,7052.15,2,2.64
235,2026-06-01,180.9,4.9,0,0,4,0,11318.42,6,
435,2025-12-01,187.9,19.9,0,154,4,2,17745.13,8,3.18
556,2025-11-01,96,0,0,74,1,0,7238.67,4,3.03
672,2026-03-01,176.3,8.3,27377.88,67,2,1,9780.42,12,3.43
789,2025-10-01,163.8,11.8,0,0,6,4,9333.63,6,3.97
567,2025-12-01,204.4,20.4,0,0,6,0,8600.3,4,3.67
464,2026-05-01,176.4,8.4,0,0,3,0,6248.43,6,3.73
785,2026-01-01,179.7,3.7,26105.71,74,3,0,13818.22,2,4.82
483,2026-07-01,105.6,0,0,0,2,1,5581.5,2,3.4
677,2025-10-01,176.2,8.2,24457,71,2,2,9951.73,8,3.63
957,2026-04-01,186.5,10.5,28194.21,92,2,0,7652.42,6,3.78
884,2026-04-01,179.4,11.4,0,119,4,1,13191.35,6,3.79
688,2025-10-01,167.4,15.4,22412.46,66,2,4,7396.85,4,
379,2026-04-01,175.8,7.8,23242.61,67,2,1,7694.72,2,3.2
145,2026-06-01,191.7,15.7,0,150,4,0,11963.69,,3.41
581,2026-01-01,160,0,0,0,3,2,11935.67,6,3.24
1202,2025-11-01,178.5,18.5,0,108,5,0,10945.12,4,3.12
549,2026-02-01,165.9,5.9,0,55,3,0,8101.9,6,2.58
236,2026-08-01,172,4,0,0,5,0,9393.1,4,4.01
1234,2025-11-01,162.6,10.6,25100.96,100,2,1,10377.81,0,3.62
541,2025-10-01,179.2,11.2,0,0,4,2,8486.71,2,2.64
856,2025-10-01,188.6,12.6,0,0,3,1,9662.87,2,3.19
34,2026-01-01,174.8,6.8,0,0,5,1,7750.75,0,3.97
1418,2025-09-01,96,0,0,50,2,2,8346.83,6,3.12
1129,2026-04-01,185.4,9.4,0,116,4,0,12609.76,6,3.19
1449,2026-02-01,160.8,0.8,0,0,3,0,10052.78,8,4.48
745,2026-02-01,162.6,2.6,0,0,4,0,10863.21,12,3.63
660,2026-01-01,183.7,7.7,0,0,5,0,8968.09,8,3.81
1447,2026-08-01,170.8,10.8,0,86,4,1,14451.92,2,3.29
537,2026-03-01,100.8,0,0,47,1,1,8937.72,4,2.55
1494,2026-08-01,160.3,8.3,14959.78,38,1,2,8989.95,8,2.45
85,2026-08-01,171.6,3.6,25023.99,77,3,0,14236.45,0,3.63
1392,2026-01-01,177.5,1.5,18808.68,54,2,0,6673.52,6,3.89
783,2026-07-01,187.1,3.1,0,0,5,0,12026.2,0,3.54
1308,2025-09-01,105.6,0,0,0,2,0,6018.67,4,2.85
479,2026-06-01,161.4,9.4,22295.39,92,2,3,7376.76,0,3.81
691,2026-04-01,184,8,0,0,4,0,11653.19,2,3.75
668,2026-08-01,166.1,6.1,20533.77,60,1,1,7770.63,6,
1105,2025-11-01,96,0,0,85,2,0,6577.83,6,3.76
153,2026-02-01,138,2,0,0,2,3,6619.28,12,3.52
1188,2025-11-01,174.7,14.7,0,139,4,0,9695.15,2,3.44
1328,2026-02-01,96,0,0,0,2,0,4056.5,6,3.78
101,2026-03-01,172,4,0,0,5,1,6942.27,12,3.63
1064,2026-01-01,153.7,1.7,0,0,4,3,9862.32,0,2.83
894,2026-02-01,162.8,2.8,0,78,4,0,8903.13,6,3.27
208,2025-10-01,196.1,12.1,0,0,4,0,7176.76,6,3.3
778,2025-09-01,105.6,0,12509.5,33,1,0,4991.83,8,3.17
963,2026-01-01,184.5,8.5,0,91,5,0,10914.5,6,4.31
955,2026-01-01,176,0,15915.39,56,2,0,6252.5,0,3.25
68,2026-03-01,186.5,10.5,0,0,5,0,18443.44,8,3
479,2025-10-01,193.6,9.6,33202.72,102,4,0,7388.57,6,3.91
1306,2025-12-01,198.5,22.5,0,0,4,1,9607.67,8,3.75
863,2025-10-01,183.9,7.9,38031.91,101,3,1,8070.25,0,4.29
580,2026-07-01,110.4,0,0,0,4,0,4209,6,
454,2025-11-01,176.2,16.2,18282,63,2,0,7488.4,0,2.43
270,2026-05-01,175.7,7.7,0,0,6,0,8490.94,,3.55
109,2026-02-01,162.6,2.6,0,0,4,0,6278.83,4,2.98
743,2025-10-01,193.2,17.2,0,150,6,1,11317.86,6,4.4
863,2025-11-01,167.3,15.3,41043.79,123,3,1,8553.99,0,4.62
714,2025-12-01,200.8,16.8,46383.39,158,3,0,12995.53,8,4.61
798,2025-10-01,105.6,0,0,65,3,1,5225.67,0,3.11
631,2026-02-01,91.2,0,9742.19,29,1,1,5042.67,4,3.77
1472,2026-01-01,169.9,1.9,0,0,4,1,7378.35,0,3.31
807,2026-04-01,33.6,0,0,15,1,1,2761.64,6,3.15
37,2026-07-01,185.7,9.7,30426.45,88,4,1,7163.05,4,
667,2026-05-01,181.3,13.3,0,0,5,0,9556.93,6,3.68
867,2025-10-01,179.5,11.5,0,148,5,2,12106.26,6,3.73
687,2025-11-01,161.3,17.3,19612.71,58,2,2,12062.77,6,2.53
1275,2025-11-01,144.9,16.9,0,0,3,4,6992.12,0,2.93
1170,2026-07-01,172.6,4.6,0,0,5,2,8023.68,2,3.7
904,2025-09-01,105.6,0,0,0,3,0,5225.67,0,3.34
1382,2025-12-01,110.4,0,0,0,2,0,5774.67,2,2.7
740,2025-11-01,176.5,16.5,0,135,3,0,11955.28,6,3.47
41,2026-02-01,160.2,8.2,0,0,5,1,6968.39,12,3.95
627,2026-01-01,158.7,6.7,0,85,4,3,16832.5,0,3.86
1470,2026-07-01,110.4,0,0,66,3,0,8021.5,8,4.16
613,2025-10-01,184.4,8.4,0,0,3,1,8026.6,6,3.21
70,2026-06-01,179.7,11.7,29061.78,79,1,1,15484.13,8,3.39
899,2025-10-01,194.8,10.8,0,0,7,0,5680.71,0,4.19
290,2025-11-01,91.2,0,0,0,3,1,6069.5,4,3.99
826,2025-11-01,178.3,18.3,0,152,5,0,15239.07,0,3.72
1093,2026-08-01,175.8,7.8,0,95,4,0,10968.56,6,
615,2026-01-01,176,0,0,0,5,0,9699,6,3.68
1106,2026-02-01,161,1,17924.36,45,1,0,5927.19,12,3.35
177,2025-11-01,174.2,14.2,0,0,5,0,9589.43,2,2.93
1113,2026-05-01,178.5,10.5,0,0,7,0,8761.47,4,4.53
355,2026-05-01,167.7,7.7,0,0,3,1,10017.48,0,
681,2026-06-01,169.6,9.6,0,0,4,2,10042.29,8,3.75
205,2025-09-01,173.4,5.4,0,0,6,1,8226.08,4,3.78
1438,2026-05-01,155,11,0,0,4,3,8985.51,0,3.74
543,2026-03-01,188.2,12.2,0,0,6,0,7002.54,12,4.08
165,2026-07-01,190.1,6.1,23899.58,69,3,0,8316.5,0,3.82
504,2025-12-01,193.7,17.7,0,0,5,1,8514.26,8,3.02
612,2025-11-01,96,0,16756.19,49,1,0,5378.17,2,3.88
171,2025-12-01,188.2,12.2,39475.53,123,2,1,8868.39,0,3.97
1378,2026-06-01,183.8,15.8,0,0,4,1,9649.9,2,
195,2026-02-01,164.6,4.6,14347.2,52,2,0,8139.96,8,2.97
751,2025-09-01,169.4,9.4,0,84,2,2,12367.9,2,3
463,2026-03-01,184,16,0,134,6,1,15081.39,6,4.28
462,2026-05-01,171.1,11.1,0,124,6,1,12302.15,8,3.75
515,2026-02-01,96,0,9940.33,33,1,0,5368,12,3.87
578,2026-03-01,180,12,0,142,4,1,13659.5,4,3.92
1274,2025-09-01,180.4,4.4,0,0,2,0,7757.03,8,2.3
309,2026-02-01,164.7,4.7,18427.8,50,2,0,8199.64,6,3.57
921,2026-06-01,185.3,9.3,0,0,5,0,10029.2,2,3
1288,2026-08-01,157,5,0,0,3,2,10956.59,0,3.87
1488,2026-03-01,175.5,15.5,0,96,3,2,10896.2,10,3
107,2026-05-01,175.3,7.3,24364.92,91,3,0,7523.01,0,3.86
43,2025-10-01,181.3,5.3,0,0,3,1,6592.44,0,
1442,2026-05-01,174.6,6.6,0,0,5,0,9898.3,0,3.42
19,2025-09-01,183.4,7.4,0,0,6,0,5517.04,6,3.48
165,2026-06-01,180.5,4.5,25792.97,94,2,0,8207.12,2,4
1333,2026-06-01,181.9,5.9,26422.49,100,2,0,7073.97,6,3.93
778,2026-02-01,86.4,0,6854.42,23,1,2,4991.83,4,3.04
398,2026-04-01,166.7,6.7,25042.15,60,3,0,7855.68,8,3.65
661,2025-10-01,179,11,0,0,5,2,8940.97,4,3.6
280,2025-11-01,172.4,12.4,30575.35,92,2,0,8150.52,4,3.79
98,2025-10-01,105.6,0,0,0,1,1,6222,8,2.76
953,2025-09-01,180.7,4.7,0,76,3,0,9881.88,4,2.44
575,2026-05-01,162.8,2.8,0,0,3,1,10246.4,8,3.76
1027,2026-07-01,176.5,8.5,18214.14,60,2,2,7509.18,4,3.35
303,2026-03-01,179.2,11.2,19719.76,67,1,1,9356.57,12,3.03
481,2026-04-01,105.6,0,0,0,2,0,4595.33,4,2.93
156,2026-08-01,176.7,8.7,0,0,4,0,15775.02,0,3.36
428,2026-06-01,177.1,9.1,0,0,6,1,9377.03,2,4.37
352,2026-01-01,176.2,8.2,0,0,3,1,8187.86,0,2.56
404,2026-05-01,160.5,8.5,24283.35,87,2,2,8212.72,4,3.99
400,2025-11-01,153.3,17.3,0,115,5,3,10730.26,0,3.35
987,2026-03-01,185.8,9.8,24205.96,77,3,0,7433.46,10,3.52
1043,2026-04-01,180.1,4.1,0,0,8,0,6642.78,2,4.79
27,2025-09-01,167.3,7.3,0,0,4,2,7674.34,8,3.61
1345,2025-10-01,190.1,6.1,0,0,6,0,8348.61,2,3.47
943,2026-06-01,179.2,11.2,0,82,4,1,9066.62,2,2.54
1201,2026-02-01,162.3,2.3,0,104,6,0,12214.71,4,4.12
8,2026-02-01,152.8,8.8,0,0,3,2,9080.94,4,2.7
1357,2026-01-01,153.6,1.6,0,0,3,3,8379.95,8,3.98
508,2026-04-01,183.7,7.7,20037.87,50,2,0,10974.25,2,2.67
629,2026-07-01,192,8,0,76,3,0,10185.67,0,2.22
346,2026-08-01,156.1,4.1,0,0,3,2,10737.94,6,3.35
1140,2025-09-01,168.1,8.1,0,0,3,2,8387.95,0,3.21
1037,2025-12-01,203.7,19.7,0,0,4,0,10400.5,0,3.33
352,2026-03-01,177.8,9.8,0,0,3,1,8293.72,10,3
973,2025-12-01,182.6,14.6,26615.36,106,2,2,9481.58,2,3.06
455,2026-07-01,191.9,7.9,23913.72,79,2,0,12186.84,2,3.45
1123,2026-06-01,185.2,9.2,35347.42,97,4,0,8308.9,2,4.76
1276,2025-11-01,171,11,0,0,4,0,6892.23,8,3.66
1318,2025-12-01,200.4,16.4,0,193,7,0,11644.38,0,3.81
151,2026-06-01,105.6,0,0,0,4,0,3395.67,2,3.7
1391,2025-11-01,153.6,9.6,0,0,4,2,9392.62,4,3.41
995,2026-04-01,155.4,11.4,0,97,3,4,9963.33,8,3.72
445,2026-07-01,110.4,0,0,0,2,0,5784.83,6,2.92
1370,2026-03-01,192.7,16.7,0,116,4,0,10705.07,4,3.87
399,2026-02-01,165.1,5.1,18974.21,65,2,0,8173.83,10,3.73
1231,2025-09-01,189,13,0,0,6,0,7430.94,4,4.45
1341,2026-06-01,189.4,13.4,36641.3,107,3,0,12707.08,6,4.09
304,2025-09-01,186.2,10.2,0,0,5,0,8840.19,6,4.03
242,2026-08-01,168.8,8.8,0,0,3,1,6980.29,8,2.78
1016,2025-10-01,190.6,6.6,0,0,5,0,13272.96,8,3.71
1337,2026-02-01,137.9,1.9,15156.13,40,1,3,10581.84,4,3.45
359,2026-03-01,164.5,4.5,0,0,4,2,10319.64,6,3.67
1379,2026-07-01,190.2,6.2,0,0,6,0,11097.78,6,3.14
240,2025-11-01,174,14,19676.22,53,2,0,7648.32,4,2.19
1239,2025-12-01,192.9,16.9,0,0,4,1,8658.58,4,4.12
929,2026-04-01,176.9,8.9,20948.32,65,2,1,8354.62,0,2.85
117,2026-02-01,143.6,7.6,14380.15,37,1,3,9784.29,10,2.83
195,2025-11-01,172.5,12.5,25715.53,86,2,0,8675.15,4,2.96
268,2026-06-01,187.2,11.2,32627.05,95,2,0,11575.83,4,4.21
946,2025-09-01,179.1,3.1,0,0,6,0,8941.95,4,3.71
563,2026-08-01,176.8,8.8,0,126,7,0,11717.7,4,4.23
336,2025-12-01,200.1,24.1,0,169,3,1,15066.69,0,3.15
591,2025-10-01,196.6,12.6,0,0,4,0,8603,4,3.75
141,2026-07-01,194.3,10.3,0,91,3,0,10664.44,4,3.34
1051,2025-10-01,190.3,14.3,0,0,3,1,9242.66,8,2.86
1146,2025-10-01,194.4,10.4,0,0,5,0,9918.09,6,3.02
691,2025-12-01,197.9,13.9,0,0,4,0,12209.65,6,
849,2025-10-01,190.3,14.3,0,123,6,1,10933.53,2,3.48
1288,2025-12-01,202.4,18.4,0,0,5,0,12174.43,6,3.69
1315,2026-04-01,177.9,9.9,0,0,5,1,12748.52,4,3.94
96,2026-04-01,105.6,0,0,80,3,0,5805.17,2,4.25
511,2025-10-01,198.3,14.3,0,157,5,0,12578.7,6,4.01
1236,2026-05-01,169.7,9.7,0,100,4,1,11449.86,8,3.33
603,2025-11-01,96,0,16913.12,58,1,0,4808.83,6,4.09
450,2026-03-01,100.8,0,12500.91,35,1,1,4656.33,10,3.48
1256,2026-04-01,171.3,11.3,0,0,3,2,9576.01,,3.87
1404,2026-05-01,178.5,10.5,26598.43,84,2,0,7245.16,8,3.57
851,2026-08-01,173.1,5.1,0,138,5,0,13757.52,8,5
22,2026-05-01,171.4,3.4,0,0,6,0,9837.85,6,3.82
1171,2026-04-01,188.2,12.2,0,0,5,0,16826.33,6,3.66
1011,2025-12-01,199.6,23.6,0,180,4,1,16442.37,0,3.71
1093,2026-06-01,173.4,13.4,0,105,4,2,11466.5,6,3.31
187,2026-04-01,86.4,0,0,0,3,4,5723.83,4,3.94
906,2025-11-01,163.6,11.6,0,0,3,1,8737.24,6,3.55
973,2026-02-01,156.3,4.3,16105.94,51,1,1,8731.25,8,3.6
655,2025-12-01,203.4,19.4,0,0,8,0,14663.76,4,4.4
1274,2025-12-01,195.2,19.2,0,0,2,1,8714.08,8,2.3
763,2025-11-01,173.8,13.8,0,147,3,0,13884.58,6,3.83
343,2025-10-01,179.8,11.8,0,119,4,2,14836.1,4,3.56
507,2026-08-01,159.2,7.2,17715.12,63,1,2,7668.09,8,3.24
250,2026-08-01,177.1,9.1,26844.36,71,2,0,9782.82,2,3.93
915,2026-08-01,166.3,6.3,0,0,4,1,7719.08,0,3.56
834,2026-06-01,177.1,9.1,0,0,4,1,10857.62,2,2.31
584,2026-07-01,183.2,7.2,0,0,4,1,11847.74,2,3.73
29,2025-12-01,200.9,16.9,0,0,7,0,5826.77,0,4.88
771,2026-04-01,105.6,0,0,0,2,0,7879.17,2,3.12
211,2026-07-01,184.1,8.1,0,130,6,1,9229.58,8,4.36
373,2026-03-01,181.4,5.4,32422.28,80,2,0,9151.92,8,3.79
642,2026-06-01,173.7,13.7,0,93,5,2,10189.31,8,2.92
1370,2026-05-01,169.4,9.4,0,116,6,1,10114.19,6,4.01
454,2026-01-01,164.4,4.4,9364.64,33,1,2,6817.74,4,2.18
973,2026-07-01,187.6,3.6,19395.96,54,3,0,8680.25,0,3.02
803,2025-12-01,201.4,17.4,36998.15,123,2,0,9802.53,4,3.16
1350,2026-03-01,177.8,9.8,0,0,4,1,9959.08,8,3.89
1058,2026-02-01,164.3,4.3,22580.93,69,3,0,8799.01,4,4.12
1080,2026-06-01,186.4,10.4,0,0,5,0,12743.92,6,4.15
161,2026-05-01,151.2,7.2,19053.87,56,2,3,8067.7,6,2.93
111,2026-05-01,160.7,8.7,0,92,4,2,15086.3,0,3.43
699,2026-01-01,176.7,0.7,24429.85,67,3,0,10985.14,4,4.65
239,2026-06-01,185.1,9.1,0,178,6,0,18139.9,4,4.39
894,2025-09-01,181.5,13.5,0,118,5,1,9708.02,6,3.45
102,2025-12-01,194,18,0,0,3,1,14946.41,8,3.36
482,2026-06-01,189.8,13.8,0,132,3,0,14772.28,2,3.06
1191,2025-10-01,182.9,6.9,0,121,3,1,17539.64,6,3.21
842,2026-07-01,189.7,5.7,16032.91,62,2,0,8491.85,6,2.81
1315,2026-02-01,163.6,3.6,0,0,4,0,12108.32,8,3.65
765,2026-05-01,179.8,11.8,29151.97,92,3,0,8773.39,2,4.01
945,2026-05-01,181.4,13.4,0,134,5,0,11992.31,8,4.3
956,2026-06-01,188.3,12.3,0,0,5,0,9943.97,2,4.3
1351,2026-03-01,187.2,11.2,0,125,6,0,12590.67,8,4.01
20,2025-10-01,191.1,7.1,0,0,4,0,11654.64,6,4.52
1199,2026-05-01,172,4,0,0,5,0,12180.53,2,3.61
1097,2026-02-01,164.2,4.2,17195.86,60,1,0,5596.27,4,3.59
135,2026-05-01,159.5,7.5,26442.86,71,2,2,9375.77,4,4.11
1252,2026-03-01,185.8,17.8,0,125,5,1,12108.17,8,3.36
647,2025-09-01,168.4,8.4,0,0,4,2,9269.85,8,3.35
1256,2025-12-01,195.2,19.2,0,0,5,1,10172.36,8,3.88
420,2026-04-01,181.5,5.5,0,0,6,0,9170.13,0,4.63
393,2025-09-01,188.8,12.8,21760.45,57,2,0,9542.43,0,2.98
1434,2025-09-01,176.6,8.6,0,0,5,1,9634.35,0,3.11
1178,2025-10-01,195.5,11.5,0,0,4,0,6539.39,8,3.33
1338,2026-02-01,164.9,4.9,0,0,4,0,7652.98,12,4.31
1376,2025-09-01,184.6,8.6,0,0,3,0,9262.96,4,2.81
1176,2026-08-01,157.1,5.1,0,0,3,2,7950.91,2,3.58
437,2025-12-01,185.2,17.2,0,0,6,2,10535.3,6,3.63
1301,2025-09-01,182.3,6.3,26153.15,78,2,0,7944.22,0,3.4
657,2026-01-01,178.2,2.2,0,0,3,0,7811.61,2,3.46
207,2025-09-01,173.3,5.3,17686,50,1,1,9782.33,2,2.41
1082,2026-08-01,165,5,0,66,2,1,11709.65,4,2.38
506,2026-06-01,156.4,12.4,0,0,3,4,9163.71,4,3.4
681,2026-01-01,180.8,4.8,0,0,5,0,9657.14,2,3.43
1305,2025-12-01,183.3,15.3,46032.18,130,3,2,9682.24,0,3.62
178,2026-03-01,185.2,9.2,0,134,5,0,10207.76,8,4.21
360,2025-12-01,177,17,0,0,5,3,11464.08,6,3.31
521,2026-07-01,173,5,0,0,4,2,10426.26,8,3.64
198,2025-12-01,178.3,18.3,0,0,4,3,8031.72,4,4.13
886,2026-08-01,173.3,5.3,0,0,5,0,6737.12,4,3.51
1056,2026-01-01,176.9,0.9,0,0,4,0,9651.59,8,2.76
1263,2026-06-01,100.8,0,15308.92,36,1,1,5286.67,6,3.4
284,2026-02-01,168.1,8.1,20696.55,71,2,0,6059.78,4,4.09
1477,2025-12-01,195.6,19.6,0,0,4,1,11130.06,6,3.6
365,2025-10-01,176.9,8.9,0,0,4,2,7040.65,2,2.55
684,2025-11-01,157,13,34657.87,94,2,2,11525.31,4,3.93
619,2026-06-01,183.1,15.1,0,120,6,1,11794.05,8,3.81
817,2026-04-01,152,8,14270.55,44,2,4,10109.58,6,2.99
1255,2026-04-01,105.6,0,14363.7,43,2,0,3832.83,4,3.96
1373,2026-04-01,165.1,13.1,0,0,4,3,11760.66,6,3.71
915,2026-02-01,166.2,6.2,0,0,3,0,7712.75,10,3.42
744,2026-03-01,161.3,9.3,0,0,5,3,5898.88,4,3.58
1462,2026-01-01,172.5,4.5,11535.46,42,2,1,8798.63,4,2.75
1287,2026-06-01,188.2,12.2,0,144,3,0,13195.8,2,3.85
626,2026-07-01,191.2,7.2,24500.42,84,3,0,9007.31,8,4.38
525,2026-04-01,193.8,17.8,0,101,3,0,11357.28,4,3.1
148,2026-04-01,189.2,13.2,0,91,5,0,10206.54,4,3.11
217,2026-05-01,176.3,8.3,0,99,3,0,17140.83,6,3.24
1079,2026-03-01,185.2,9.2,25870.78,66,1,0,6245.4,4,3.23
993,2026-03-01,187.6,11.6,0,121,3,0,10952.31,12,3.28
319,2025-10-01,174.2,6.2,0,0,4,2,9169.6,2,3.18
1249,2026-04-01,178.9,10.9,0,101,5,1,15668.49,0,2.93
1189,2026-08-01,151.5,7.5,16271.31,50,2,3,10599.17,4,
463,2025-10-01,199.2,15.2,0,159,7,0,14989.68,8,4.74
373,2026-06-01,185.1,9.1,29675.86,86,2,0,9431.87,6,3.93
503,2026-07-01,174.8,6.8,28199.38,72,3,2,11109.41,2,3.91
887,2025-11-01,171.8,11.8,31834.69,83,1,0,10879.9,4,3.24
880,2026-02-01,169.5,9.5,0,0,4,0,8207.85,6,3.69
1352,2026-03-01,154.2,10.2,0,0,4,4,10311.71,4,3.03
1347,2026-06-01,183.4,15.4,0,0,4,1,15254.56,6,3.64
343,2026-05-01,172.4,12.4,0,124,4,1,14906,2,3.78
1452,2025-11-01,169.1,17.1,0,145,5,1,9418.61,6,3.83
1182,2026-03-01,189.7,13.7,0,0,4,0,8881.53,10,4.26
265,2026-01-01,173.7,5.7,0,57,2,1,14423.35,8,2.28
795,2026-02-01,147.5,3.5,14512.9,38,1,2,7897.85,12,2.98
1281,2026-01-01,176.6,0.6,0,0,4,0,9064.66,0,
637,2026-08-01,142,6,0,0,2,4,7170.61,4,3.29
358,2026-08-01,166,6,19356.32,53,2,1,9753.43,6,3.03
999,2025-11-01,169.6,17.6,0,141,3,1,11761.99,2,3.21
1425,2026-05-01,170.2,2.2,0,0,5,0,8205.3,6,3.28
288,2026-02-01,164,4,0,0,4,0,11444.23,8,4.84
958,2026-03-01,179.9,3.9,0,0,6,0,7083.6,10,3.76
336,2025-11-01,174.4,14.4,0,139,5,0,14020.21,0,3.36
1212,2025-12-01,178.7,18.7,36932.98,110,3,3,8729,0,3.69
1060,2026-05-01,173.3,5.3,0,0,4,0,9101.82,4,3.21
103,2026-08-01,168,8,0,115,4,1,11381.43,0,3.56
1242,2026-08-01,160.9,8.9,0,91,2,2,12416.95,4,2.94
847,2025-10-01,199.7,15.7,0,163,4,0,12240.84,6,4.15
1418,2026-06-01,105.6,0,0,67,3,0,8346.83,2,3.3
566,2026-07-01,187.2,11.2,0,137,7,1,17174.16,8,
1086,2025-11-01,174.8,14.8,0,0,6,0,7534.99,0,3.43
45,2025-11-01,176,16,0,0,2,0,10416.92,0,2.62
367,2026-08-01,161.9,9.9,21528.42,68,2,2,8598.35,6,3.55
1356,2026-07-01,195.3,11.3,0,129,5,0,15614.03,2,
53,2026-05-01,161,9,0,110,6,2,9533.89,0,3.99
1468,2026-01-01,178,2,0,0,5,0,7322.58,4,3.54
259,2026-03-01,188.6,12.6,0,0,6,0,9730.52,6,3.55
1471,2026-06-01,185,9,30860.01,99,2,0,7955.87,4,
332,2026-08-01,177.7,9.7,0,0,5,0,9069.53,2,3.83
699,2026-03-01,183.5,7.5,32594.53,87,3,0,11627.69,8,4.39
1476,2025-09-01,180.7,4.7,0,118,6,0,12611.57,2,3.62
760,2026-07-01,100.8,0,0,0,2,2,5246,8,2.59
1116,2026-03-01,185.2,9.2,0,0,3,0,7408.86,6,2.72
892,2025-11-01,157.1,13.1,19704.3,60,2,2,12541.69,8,2.78
500,2025-11-01,173.5,13.5,0,0,4,0,10957,0,2.33
1034,2026-02-01,162.2,2.2,26048.86,65,2,0,6174.69,8,4.64
1098,2025-11-01,96,0,0,0,3,0,4107.33,14,3.9
1206,2026-04-01,182,6,0,0,6,0,11999.29,0,3.79
419,2026-05-01,155.4,3.4,0,0,4,2,7671.43,0,
480,2026-02-01,163.7,3.7,0,0,2,0,14174.96,8,3.22
849,2025-11-01,170.3,18.3,0,130,5,1,11270.32,8,3.34
535,2025-09-01,175.7,7.7,0,0,4,1,12383.98,4,4.39
597,2026-05-01,178.3,10.3,31071.39,94,3,0,6422.26,4,4.69
659,2026-07-01,110.4,0,0,54,3,0,7767.33,2,2.81
1219,2026-08-01,173.3,5.3,0,71,3,0,16332.23,8,2.45
45,2026-01-01,171.1,3.1,0,0,2,1,9395.47,0,2.25
169,2025-10-01,176.3,8.3,0,112,5,2,13958.94,4,3.59
877,2026-04-01,162.9,2.9,0,0,4,2,7149.36,2,2.61
401,2026-06-01,183.1,7.1,0,0,4,0,10294.93,2,3.12
1354,2026-04-01,174.6,6.6,0,0,3,1,8468.9,6,
22,2026-03-01,167.6,7.6,0,0,4,2,10185.2,12,3.5
316,2026-02-01,153.2,9.2,0,0,4,2,14532.34,12,3.58
1424,2026-05-01,180.5,12.5,0,159,6,0,14781.55,8,4.63
1070,2026-04-01,186,10,0,158,7,0,9179.62,8,4.51
282,2026-06-01,96,0,0,85,3,2,9414.33,4,4.27
600,2026-03-01,180.8,12.8,0,0,4,1,8706.76,8,2.83
275,2026-01-01,177.8,9.8,0,116,4,1,16477.14,2,4.35
752,2026-08-01,145.8,1.8,0,0,3,3,6876.47,0,3.24
600,2025-11-01,166.2,14.2,0,0,3,1,8801.73,4,3.24
1168,2026-08-01,162.3,2.3,21295.04,75,2,1,7279.05,8,3.94
240,2025-09-01,175.8,7.8,12445.62,31,1,1,7282.31,8,1.85
377,2025-11-01,165.7,13.7,34823.25,95,3,1,7551.01,,4.57
78,2026-05-01,175.9,7.9,0,0,6,0,15597.42,4,4
836,2025-11-01,172.1,12.1,0,0,3,0,8423.43,6,2.76
240,2025-12-01,181.2,13.2,16824.62,47,1,2,7601.1,0,1.77
456,2026-06-01,176.6,8.6,0,0,5,1,13173.5,6,4.2
1205,2026-05-01,152.2,0.2,20929.45,82,1,2,6986.4,4,4.04
1358,2025-10-01,190.8,14.8,0,107,3,1,15586.07,8,3.04
881,2026-04-01,91.2,0,0,66,2,3,8041.83,6,4.07
171,2026-07-01,189.2,5.2,25680.94,67,3,0,8382.47,6,3.95
298,2026-02-01,163.6,3.6,17032.74,57,2,0,9162.49,8,3.27
350,2025-09-01,184.8,8.8,0,0,1,0,8030.62,14,3.46
741,2026-04-01,168.9,8.9,26971.52,80,3,2,6285.13,2,4.57
742,2025-11-01,164.1,12.1,0,0,4,1,5975.02,4,4.02
792,2026-06-01,163.4,11.4,19814.68,66,2,3,12420.65,,2.97
367,2026-07-01,162.5,2.5,17690.22,48,2,3,8091.18,6,2.96
473,2026-03-01,177.6,9.6,0,0,3,1,9800.04,10,2.59
186,2025-12-01,180.4,20.4,0,136,4,3,11865.78,4,2.64
441,2026-04-01,177.5,1.5,0,0,5,0,7044.27,6,3.62
412,2026-03-01,176,0,27167.56,73,2,0,10481.83,6,3.48
1421,2026-07-01,188.6,4.6,0,87,4,0,16360.69,0,3.05
687,2026-07-01,181.5,5.5,18650.34,54,2,1,10991.38,4,3.09
791,2026-05-01,172.8,12.8,0,0,5,1,6692.38,2,2.87
643,2026-05-01,175.9,7.9,0,147,6,0,12262.88,2,4.05
154,2026-06-01,178.2,10.2,18982.43,69,2,1,7114.2,0,2.84
476,2025-12-01,190.5,14.5,0,0,4,1,8330.06,4,3.08
356,2026-03-01,155.7,3.7,22511.29,68,1,3,9023.29,,3.43
701,2026-01-01,184.7,8.7,0,86,6,0,11894.12,2,3.67
1220,2026-06-01,192.8,16.8,0,165,7,0,14823.76,0,3.91
1270,2025-09-01,181.9,5.9,0,135,4,0,14618.11,0,4.49
825,2026-04-01,161.6,9.6,0,108,4,3,16924.34,4,3.54
955,2026-06-01,177.3,9.3,21370.58,81,2,1,6755.71,4,3.17
1133,2025-09-01,183.7,7.7,0,0,8,0,13023.79,4,4.52
1148,2026-03-01,186,10,23522.75,85,3,0,11488.33,8,3.42
653,2026-08-01,173.8,5.8,21096.99,60,2,0,10367.32,6,3.28
492,2025-11-01,165.6,13.6,22148.45,57,1,1,8931.48,0,2.53
989,2026-04-01,184.9,8.9,23864.57,81,2,0,9482.44,4,3.62
1320,2025-11-01,166.3,14.3,32676.72,81,2,1,10373.71,4,3.66
1026,2026-04-01,176.4,8.4,0,0,4,1,10033.25,2,3.22
450,2025-11-01,91.2,0,17488.61,45,1,1,4656.33,0,3.63
954,2026-01-01,180.2,4.2,0,0,4,0,9250.77,0,3.86
298,2026-08-01,177.5,9.5,17921.52,57,2,0,9616.17,8,3.37
669,2025-09-01,157.1,5.1,15461.24,49,1,3,10360.6,16,3.42
706,2026-02-01,167.9,7.9,0,0,4,0,14402.63,10,3.5
378,2026-06-01,182.9,14.9,0,0,3,1,8585.23,0,
8,2025-09-01,184.9,8.9,0,0,4,0,9088.25,2,3.01
128,2026-02-01,159.6,7.6,0,0,3,1,7931.45,8,4.27
727,2026-06-01,173.3,13.3,0,140,4,2,11914.99,8,4.17
1437,2025-10-01,189.7,5.7,21477.4,72,2,0,10284.1,6,3.26
325,2025-10-01,194.1,10.1,21796.05,82,2,0,9949.75,8,3.25
945,2025-11-01,177.4,17.4,0,144,4,0,12364.29,0,3.93
857,2025-12-01,199.8,23.8,0,209,8,1,13854.49,8,4.59
263,2026-07-01,178.8,2.8,27143.73,85,3,1,10152.69,4,4
962,2025-12-01,196.1,20.1,44950.35,118,2,1,9762.9,6,3.74
407,2025-12-01,203.8,19.8,35248.2,105,2,0,10086.66,2,3.17
819,2026-03-01,105.6,0,0,0,3,0,4463.17,12,3.79
587,2026-01-01,171.4,3.4,23067.38,65,3,1,12726.41,6,3.81
47,2026-02-01,162.5,2.5,0,0,4,0,8309.29,6,2.84
831,2026-05-01,175.4,7.4,0,0,4,0,10731.18,2,3.25
877,2025-12-01,192,16,0,0,4,1,7940.01,0,2.57
454,2025-09-01,164.2,4.2,14136.72,46,1,2,6806.38,4,2.31
845,2025-12-01,201.7,17.7,44400.2,136,2,0,9742.58,8,4.21
943,2026-05-01,166.6,6.6,0,79,2,1,8737.59,0,2.68
617,2025-10-01,180.9,4.9,0,0,5,1,9824.14,2,3.64
1171,2025-10-01,186,10,0,0,3,1,16536.57,2,3.38
263,2026-05-01,168.9,8.9,27377.01,89,2,1,10675.95,4,4.03
649,2026-01-01,168,0,0,0,3,1,9038.17,4,3.35
1262,2026-02-01,155.7,3.7,0,0,5,1,5719.11,4,3.51
387,2025-09-01,175.4,7.4,0,0,5,1,12375.48,0,3.41
410,2025-09-01,190.4,14.4,0,123,6,0,12416.88,6,3.73
58,2026-02-01,147.9,3.9,0,0,6,2,5359.99,6,4.91
366,2026-07-01,185.9,1.9,22751.61,76,2,0,8308.4,6,3.53
405,2026-02-01,151.1,7.1,0,0,5,2,11935.21,12,4.14
1054,2025-09-01,164,4,23896.41,60,2,2,10476.52,8,3.33
154,2026-05-01,181.2,13.2,19297.98,54,2,0,7283.91,4,2.61
1217,2025-12-01,192.9,24.9,0,143,3,2,17250.91,8,3.1
1455,2026-02-01,91.2,0,0,45,2,1,7909.67,8,3.29
462,2026-01-01,163.7,11.7,0,87,3,3,12360.43,4,3.44
1437,2025-11-01,176.4,16.4,30041.74,94,2,0,11191.61,8,3.26
897,2026-06-01,179.3,11.3,38262.38,96,2,1,10178.69,0,3.97
311,2026-01-01,168.4,0.4,0,0,3,1,8059.47,0,2.89
759,2026-07-01,176.3,0.3,0,0,5,1,5422.71,4,3.01
806,2026-07-01,188.9,4.9,0,0,4,0,9347.24,,3.5
946,2025-11-01,169.8,9.8,0,0,4,0,9446.87,0,3.66
6,2026-07-01,191.6,7.6,0,0,5,0,11810.5,4,3.93
262,2026-04-01,174,6,0,0,4,1,14512.51,6,3.47
548,2025-12-01,200.7,16.7,0,130,3,0,21410.14,8,2.9
1125,2026-08-01,179.4,11.4,22353.91,56,3,0,9103.26,4,3.09
385,2026-03-01,181.5,5.5,28881.62,85,3,0,7934.67,10,4.24
592,2025-10-01,190.3,14.3,0,139,8,1,11155.47,8,4.42
496,2025-11-01,96,0,0,66,2,0,7604.67,8,3.77
308,2025-12-01,201,17,0,0,5,0,12816.91,2,3.71
1449,2025-09-01,182.1,6.1,0,0,7,0,10510.69,0,4.35
1091,2026-05-01,170.4,10.4,0,0,6,1,12677.43,0,4.01
163,2026-07-01,190.7,14.7,0,110,6,1,15150.1,8,3.67
18,2025-11-01,149.2,13.2,0,96,3,3,9402.25,0,2.81
240,2026-02-01,152,0,9792.08,27,1,1,6821.83,10,1.93
281,2026-05-01,177.2,9.2,0,0,3,0,9461.39,,3.01
564,2026-06-01,182.6,14.6,24679.7,75,2,1,8259.87,2,3.4
139,2026-03-01,176.7,8.7,0,0,5,1,10483.88,6,3.55
1268,2026-03-01,174.9,6.9,0,87,5,1,10601.35,8,2.87
58,2025-12-01,187.4,11.4,0,0,5,1,5696.52,6,4.8
423,2026-08-01,183.2,15.2,0,104,6,0,12021.65,2,3.56
65,2025-11-01,174.6,14.6,36639.35,90,2,0,22616.09,6,3.83
1007,2025-11-01,172.5,12.5,35662.98,115,3,0,10376.38,8,4.07
784,2026-02-01,144.6,0.6,19305.55,44,1,2,9138.87,8,3.72
726,2025-11-01,161.1,9.1,0,0,3,1,6887.46,6,3.2
736,2025-12-01,175.9,15.9,0,161,4,3,13022.82,8,3.65
244,2026-07-01,189.5,5.5,0,0,3,0,8467.2,6,3.13
1139,2026-05-01,178.3,10.3,28351.5,74,2,0,7233.67,6,3.42
1003,2026-07-01,168.4,8.4,0,81,3,3,10142.31,8,2.83
1368,2026-06-01,177.3,9.3,0,0,4,1,6590.93,6,3.56
1372,2026-01-01,182.2,6.2,0,51,3,0,13508.02,4,2.38
227,2026-07-01,188,4,0,0,5,0,10150.44,2,3.56
520,2026-08-01,174.2,6.2,0,0,4,0,10658.59,0,4.12
506,2025-11-01,171.5,11.5,0,0,5,0,9099.25,8,3.46
1307,2025-12-01,198,14,0,0,6,0,15159.87,0,3.4
1406,2026-04-01,105.6,0,0,0,3,0,6771,4,4.16
913,2026-04-01,186.1,10.1,28608.03,86,2,0,5563.88,2,3.66
1056,2025-09-01,158.7,6.7,0,0,4,3,10132.28,0,2.8
1374,2025-11-01,176.6,16.6,0,111,5,0,10383.04,8,3.05
216,2025-10-01,187.1,11.1,0,0,5,1,9694.63,6,3.58
546,2025-09-01,183.5,7.5,24157.47,73,2,0,8401.38,8,3.81
257,2026-06-01,184.5,8.5,0,0,5,0,7978.5,0,3.21
390,2026-04-01,170.5,10.5,0,0,5,2,10946.29,,3.61
1144,2025-12-01,195.5,19.5,0,0,3,1,15910.39,8,2.74
102,2026-02-01,166,6,0,0,4,0,13603.47,12,3.62
185,2026-02-01,160.5,0.5,0,0,3,0,8097.05,6,3.73
369,2025-09-01,187.8,11.8,0,101,6,0,11160.02,8,3.27
560,2025-11-01,173.1,13.1,0,0,4,0,10096.74,2,2.69
1101,2026-03-01,100.8,0,11716.86,36,1,1,4524.17,10,3.15
415,2026-04-01,105.6,0,14273.16,40,1,0,4483.5,4,3.77
45,2025-10-01,191.3,7.3,0,0,3,0,9728.03,4,2.58
1386,2025-10-01,198.6,14.6,22759.15,73,2,0,8221.95,2,
560,2026-02-01,159.7,7.7,0,0,4,1,9672.95,8,3.07
461,2026-05-01,161.7,9.7,0,0,5,2,11009.06,6,3.85
366,2025-11-01,161.6,9.6,22231.77,74,2,1,8853.07,4,3.16
1132,2025-12-01,198.9,14.9,44434.97,141,3,0,10697.1,8,3.77
630,2026-05-01,174.1,6.1,0,0,3,0,8412.83,0,3.61
1088,2026-06-01,163.2,11.2,0,63,2,3,11720.81,4,2.06
1215,2026-05-01,176.3,8.3,22212.72,75,1,0,8227.16,8,3.22
1327,2025-10-01,198,14,0,133,6,0,10965.26,4,3.33
885,2026-04-01,183.5,7.5,0,0,2,0,9754.7,8,3.04
1377,2026-06-01,185.7,9.7,0,0,4,0,10810.7,8,4.39
638,2026-08-01,180.4,12.4,0,130,7,0,7649.65,2,4.09
1019,2025-09-01,183.7,7.7,32262.27,91,3,0,8133.09,0,4.04
596,2025-10-01,195.7,11.7,0,146,5,0,13625.58,6,3.44
196,2026-02-01,96,0,9094.39,32,1,0,5032.5,12,3.65
1194,2025-12-01,178.9,18.9,0,175,5,3,12160.73,4,3.38
204,2026-02-01,167.9,7.9,0,86,5,0,9623.48,12,3.95
453,2025-09-01,170.6,10.6,0,93,4,2,15350.28,6,2.94
501,2026-08-01,157,5,0,0,5,2,7244.29,0,4.58
628,2025-09-01,192.7,16.7,0,96,5,0,20048.73,4,2.99
8,2026-05-01,172,4,0,0,3,0,8730.43,2,3.18
1315,2026-06-01,162.3,10.3,0,0,6,3,12789.16,2,3.79
478,2025-11-01,172.5,20.5,31144.95,79,2,1,9312.87,6,3.06
682,2025-12-01,196,20,0,0,7,1,9278.65,0,4.18
280,2026-01-01,176,0,18088.16,65,3,0,7360.67,4,3.75
1168,2026-04-01,186,10,29154.91,76,3,0,7754.62,2,3.87
517,2026-07-01,186.7,2.7,0,0,2,0,13556.69,2,2.17
1260,2025-10-01,197.4,13.4,0,0,5,0,9904.72,2,2.97
1070,2025-10-01,188.8,12.8,0,143,6,1,9384.33,0,4.32
209,2025-12-01,202.7,18.7,0,0,4,0,11044.13,4,2.84
1282,2026-08-01,100.8,0,15787.24,45,1,0,5378.17,2,4.57
717,2026-03-01,179,11,19695.21,67,2,1,7611.59,8,3.32
1160,2025-10-01,171.8,11.8,25746.84,83,2,3,7036.64,6,3.59
951,2026-07-01,185.8,1.8,22698.59,72,2,0,7248.17,8,3.33
386,2026-03-01,185.3,9.3,0,0,4,0,9798.52,12,4.25
1338,2026-03-01,177.5,1.5,0,0,5,0,7436.97,4,4.36
1305,2026-04-01,169,9,27665.52,71,2,2,9216.09,4,3.93
1189,2026-07-01,186.2,2.2,18074.94,54,2,0,10142.66,2,2.9
1296,2026-06-01,105.6,0,16824.25,49,1,0,3873.5,4,3.45
249,2026-06-01,105.6,0,0,68,2,0,5754.33,8,3.76
441,2025-09-01,154.9,2.9,0,0,5,3,7128.52,2,3.66
848,2026-05-01,100.8,0,13197.09,36,1,0,5063,8,3.25
774,2026-08-01,154.6,2.6,21891.31,76,3,2,7110.47,2,4.36
1019,2026-05-01,171.6,11.6,32093.78,97,2,1,8390.43,4,4.31
181,2025-11-01,152.7,16.7,22952.72,67,2,3,13032.26,2,2.69
215,2026-01-01,170.4,2.4,17333.42,57,3,1,10024.97,8,4.22
605,2026-03-01,181.3,5.3,26003.7,99,2,0,8485.11,6,4.16
517,2026-05-01,163.1,3.1,0,0,2,1,13602.55,2,2.14
408,2026-07-01,172.5,4.5,0,0,4,2,8439.5,6,3.74
406,2025-11-01,174.5,14.5,0,0,3,0,9810.44,6,3.22
765,2026-04-01,163.8,11.8,23448.75,58,1,3,8773.39,4,3.58
1084,2026-08-01,171.6,3.6,26059.94,69,3,0,8428.65,6,3.91
153,2026-06-01,178.7,10.7,0,0,5,1,7109.16,2,3.73
1395,2026-02-01,170.6,10.6,0,64,3,0,16049.53,6,2.81
186,2026-02-01,165,5,0,71,3,0,10521.72,10,2.73
1025,2026-08-01,174.1,6.1,0,0,4,0,13882.24,4,4.07
833,2026-03-01,176.3,8.3,0,0,6,1,8456,8,3.93
793,2025-12-01,200.7,24.7,0,168,5,1,14499.26,8,3.21
393,2026-03-01,181.8,5.8,26656.96,68,2,0,9022.03,6,
133,2026-01-01,171.4,3.4,0,65,4,1,13856.72,0,3.1
360,2026-08-01,175.4,7.4,0,0,4,0,10633.82,6,3.31
859,2026-08-01,165.3,5.3,26770.85,84,2,1,6624.34,2,4.15
272,2026-08-01,169.9,1.9,0,0,4,0,10581.84,8,4.05
126,2025-12-01,201.9,17.9,0,255,5,0,11459.73,6,4.48
423,2025-10-01,199.4,15.4,0,117,5,0,12040.04,8,3.2
291,2026-06-01,180.5,12.5,0,0,3,1,7954.1,4,3.11
775,2025-09-01,178.1,10.1,0,0,4,1,11165.83,8,3.26
919,2025-12-01,204.2,20.2,0,0,6,0,11394.46,0,3.12
1226,2025-09-01,186.9,10.9,0,0,5,0,9200.92,8,3.45
150,2026-01-01,160.8,0.8,16796.3,64,2,2,8558.17,4,4.22
425,2025-09-01,178,2,0,0,3,0,9008.43,4,2.95
1335,2025-11-01,171,11,0,0,6,0,10733.61,4,4.47
699,2025-12-01,201.4,17.4,49084.89,156,4,0,12563.15,8,4.73
1109,2026-01-01,153,1,0,0,5,3,7762.77,4,3.66
266,2026-08-01,173.3,5.3,0,0,4,0,11302.84,2,2.83
662,2026-01-01,169.9,1.9,0,0,3,1,8205.06,0,3.64
990,2026-04-01,173.3,5.3,0,0,4,1,9271.95,6,2.82
1329,2026-02-01,161.4,1.4,0,0,3,0,7737.96,6,3.01
226,2026-07-01,186.9,2.9,0,0,4,0,9598.49,4,
1318,2026-07-01,183.1,7.1,0,107,4,1,10823.7,4,3.55
360,2025-11-01,175.7,15.7,0,0,2,0,11351.65,4,3.05
778,2025-10-01,110.4,0,14144.76,49,1,0,4991.83,6,3.53
1478,2026-08-01,166.7,6.7,17633.43,59,2,1,8174.66,2,3.25
1191,2026-04-01,184.4,8.4,0,106,3,0,17754.49,8,2.87
694,2026-05-01,100.8,0,0,67,2,0,5581.5,8,3.37
697,2026-04-01,181.3,5.3,,78,1,0,8070.42,2,3.2
183,2026-01-01,177.9,1.9,0,0,5,0,10251.16,4,3.95
107,2026-04-01,183.6,7.6,27460.35,92,3,0,7541.38,0,3.93
576,2026-02-01,154.7,2.7,0,0,3,1,9332.58,4,4.36
435,2026-06-01,188.4,12.4,0,112,5,0,16762.61,4,3.34
272,2026-06-01,169.2,9.2,0,0,5,2,11239.52,4,4.15
138,2026-07-01,191.4,7.4,0,83,6,0,12981.27,6,3.17
1222,2025-12-01,192.9,16.9,0,181,5,1,14170.71,0,3.12
833,2025-11-01,164.6,12.6,0,0,4,1,8749.57,8,3.82
865,2026-01-01,168,0,0,0,2,1,9261.83,2,2.31
365,2026-07-01,185.8,1.8,0,0,2,0,6639,2,2.72
1028,2026-07-01,191.3,7.3,0,65,3,0,15024.41,10,3.21
1053,2026-04-01,175.4,7.4,0,0,6,1,11867.04,2,4.46
1459,2025-10-01,194.9,10.9,0,0,5,0,8466.63,2,3.13
748,2026-01-01,105.6,0,0,45,2,0,5683.17,2,3.48
1081,2026-07-01,191.3,7.3,0,0,6,0,7577.06,8,3.89
942,2026-03-01,184.7,8.7,29322.72,82,3,0,13205.98,12,4.04
707,2025-10-01,190.3,6.3,0,0,4,0,9638.13,0,3.82
1408,2025-10-01,194.5,10.5,0,108,4,0,18243.81,8,2.91
712,2026-04-01,96,0,0,0,3,2,6455.83,0,3.54
600,2025-10-01,197.2,13.2,0,0,3,0,8733.9,2,2.93
709,2026-02-01,166.7,6.7,12998.86,43,1,0,9809.6,10,2.44
685,2025-11-01,172.6,12.6,0,0,2,0,8501.52,6,2.33
424,2026-06-01,181.5,5.5,0,0,3,0,7061.32,0,3.7
816,2026-01-01,105.6,0,10583.45,35,2,0,5683.17,8,3.86
1488,2025-09-01,189.3,13.3,0,116,6,0,10713.29,0,
554,2026-01-01,168,0,18257.74,49,2,1,9648.17,2,3.56
847,2026-07-01,195.1,11.1,0,128,5,0,11811.85,8,4.32
573,2025-10-01,203.2,19.2,0,85,4,0,14037.38,10,3.79
178,2025-10-01,175.3,15.3,0,137,4,3,10706.88,0,4.01
743,2026-04-01,188.7,12.7,0,133,4,0,10934.22,8,4.61
435,2026-03-01,191.6,15.6,0,124,5,0,17181.82,6,3.29
480,2026-03-01,181.2,13.2,0,0,4,1,15304.15,6,3.41
1276,2026-08-01,172.7,4.7,0,0,4,0,6549.13,6,3.63
271,2026-02-01,147,3,0,82,5,2,10816.54,10,3.71
510,2025-09-01,182.5,6.5,27582.61,76,2,0,6840.45,0,3.64
1282,2025-11-01,96,0,15996.49,50,2,0,5378.17,6,4.15
1095,2026-08-01,160.2,8.2,30847.56,95,2,2,6870.4,6,4.96
1380,2025-10-01,194.2,18.2,0,176,5,1,13733.16,2,4.49
245,2025-11-01,173.4,13.4,0,0,3,0,8804.19,6,3.51
1289,2026-06-01,186.7,10.7,0,88,5,0,10734.76,0,2.73
253,2025-10-01,196.5,12.5,0,83,3,0,10781.97,8,2.2
646,2026-01-01,96,0,0,0,2,2,4229.33,2,2.84
389,2025-12-01,205.7,21.7,0,199,6,0,18922.86,4,3.51
1303,2026-05-01,144.4,8.4,16592.15,46,1,4,9062.64,2,2.36
863,2026-03-01,183.3,7.3,32831.67,104,2,0,8031.03,10,4.44
1295,2026-02-01,153.1,1.1,0,73,4,1,12285.34,12,3.35
1273,2026-03-01,193.4,17.4,0,96,3,0,13112.93,4,3
989,2025-10-01,193,9,24401.25,81,2,0,9490.06,6,3.59
499,2026-07-01,110.4,0,11527.92,39,1,0,4859.67,8,3.19
1069,2026-02-01,156.7,4.7,0,0,3,1,6898.27,10,2.62
822,2025-11-01,184,24,0,131,4,0,18724.26,6,3.37
1146,2026-02-01,149.1,5.1,0,0,4,2,9500.75,6,3.2
1408,2026-07-01,184.4,8.4,0,89,4,1,17939.88,8,3.04
177,2026-06-01,170.8,10.8,0,0,3,2,9338.16,6,2.86
297,2026-08-01,176.7,8.7,0,67,3,0,15064.43,4,2.18
913,2026-06-01,188,12,31849.19,89,2,0,5648.01,6,3.88
716,2026-06-01,176.8,8.8,0,0,3,1,8665.19,0,3.58
678,2026-08-01,100.8,0,16973.4,40,1,0,6771,2,4.09
1278,2026-04-01,165.1,5.1,0,0,2,2,8524.14,8,2.78
1288,2026-07-01,177.8,1.8,0,0,5,1,10665.76,4,3.78
1046,2025-10-01,199.4,15.4,0,164,5,0,10227.75,6,3.82
1297,2026-04-01,177.3,9.3,0,0,6,1,10666.33,4,4.31
372,2026-07-01,179,3,0,0,5,1,10107.26,2,3.86
51,2026-01-01,168,0,0,0,5,1,5591.67,8,3.81
1396,2025-11-01,172.1,12.1,0,0,5,0,11826.49,6,3.39
880,2026-06-01,184.9,8.9,0,0,5,0,8168.47,6,3.76
910,2026-01-01,176.5,0.5,0,0,3,0,7535.46,2,3.01
1411,2026-05-01,159,7,29200.38,103,2,2,8205.51,8,4.91
992,2026-05-01,91.2,0,13167.25,48,1,2,5134.17,6,4.43
1449,2025-11-01,170.3,10.3,0,0,6,0,10873.56,2,4.83
1438,2026-06-01,181.3,5.3,0,0,6,0,8580.8,0,3.88
1288,2026-05-01,180,12,0,0,3,0,11592.78,8,3.8
14,2026-02-01,158.4,6.4,0,73,2,1,11051.64,4,2.88
904,2026-06-01,105.6,0,0,0,2,0,5225.67,6,3.45
537,2025-11-01,96,0,0,62,1,0,8937.72,0,
701,2025-12-01,189.6,21.6,0,195,6,2,13128.95,2,3.55
1341,2026-03-01,187.1,11.1,26484.74,95,2,0,12480.44,6,3.89
1064,2026-05-01,172.5,4.5,0,0,5,0,10097.83,0,3.16
70,2026-05-01,179.5,11.5,26429.65,76,2,0,15459.79,8,3.55
1468,2026-04-01,173.4,5.4,0,0,4,1,7534.37,2,3.1
959,2025-11-01,161.6,9.6,0,0,2,1,12773.09,6,2.61
1106,2026-04-01,175.6,7.6,24861.02,70,2,1,6262.82,0,3.28
751,2026-01-01,184.6,8.6,0,81,5,0,12288.71,6,3.16
602,2026-02-01,152,0,0,0,4,1,6394.83,8,4.43
103,2025-10-01,200.6,16.6,0,115,5,0,12173.62,4,3.26
251,2025-12-01,200.4,16.4,44595.99,127,3,0,10100.31,0,3.69
261,2025-12-01,110.4,0,26472.14,73,1,0,5083.33,8,4.3
392,2026-05-01,176.5,8.5,0,0,4,0,8349.59,4,3.25
902,2025-11-01,180.3,20.3,0,121,4,0,16028.54,2,3.14
1041,2026-08-01,154.4,2.4,16589.07,56,2,2,7586.19,2,3.43
1330,2026-06-01,186.7,10.7,38652.72,114,3,0,8119.99,2,4.36
119,2026-03-01,178.8,2.8,0,0,7,0,9525.35,6,4.36
1429,2025-10-01,195.6,11.6,0,179,4,0,11019.43,2,4.16
858,2025-11-01,86.4,0,0,63,2,2,10675,6,3.28
730,2026-01-01,178.6,2.6,0,0,6,0,13368.51,8,3.99
188,2026-07-01,192.9,8.9,27067.67,70,3,0,9121.1,6,3.87
1037,2026-08-01,170.6,2.6,0,0,4,0,9085.59,8,3.62
560,2025-09-01,182.1,6.1,0,0,5,0,9547.39,2,3.01
1118,2026-04-01,176.9,8.9,0,0,5,1,9635.73,6,4.24
934,2025-09-01,179.3,3.3,33994.09,84,3,0,8919.82,2,4.72
294,2025-12-01,175.2,15.2,0,0,2,3,8892.57,6,2.4
799,2025-09-01,175.2,7.2,0,0,5,1,6361.28,4,3.75
1099,2025-10-01,184.8,8.8,0,0,5,1,9135.65,4,3.02
422,2026-06-01,185.9,9.9,0,0,4,0,9359.95,0,3.67
219,2025-11-01,176.9,16.9,0,0,6,0,8798.42,0,3.93
761,2025-11-01,168.6,16.6,0,0,4,1,6720.49,8,3.67
1489,2026-02-01,160.2,8.2,0,0,4,1,8351.18,4,3.79
838,2026-02-01,96,0,0,50,2,0,8113,8,3.27
1294,2025-12-01,203,19,0,0,4,0,10015.2,8,3.44
249,2026-07-01,110.4,0,0,61,3,0,5754.33,6,4.03
394,2025-12-01,197,13,0,0,4,0,8731.64,8,3.78
1292,2025-11-01,163.1,11.1,0,0,4,1,10541.52,8,4.18
554,2025-09-01,187.8,11.8,24196.81,75,2,0,10633.39,2,3.64
269,2026-08-01,181.4,13.4,0,90,4,0,15997.31,8,3.02
860,2025-10-01,100.8,0,0,64,2,2,7431.83,6,3.94
501,2026-06-01,171.6,3.6,0,0,5,1,7160.16,2,4.55
118,2026-04-01,182.5,6.5,0,0,5,0,7699.53,8,4.13
43,2026-02-01,150.8,6.8,0,0,3,2,6674.26,8,3.34
917,2026-04-01,185.1,9.1,0,0,5,0,9958.3,2,2.98
501,2025-09-01,176.8,8.8,0,0,6,1,7472.63,2,4.52
1494,2026-06-01,181.4,13.4,18647.28,63,1,1,9360.13,6,2.7
453,2025-12-01,198.3,22.3,0,170,5,1,16773.91,6,3.22
1330,2025-09-01,182.3,6.3,29869.09,81,2,0,7837.01,8,4.1
583,2026-04-01,180.8,12.8,30962.19,103,4,1,8390.57,0,4.73
188,2026-06-01,175.8,7.8,26186.43,67,2,1,9040.48,4,3.44
477,2026-06-01,105.6,0,12989.1,40,1,0,4188.67,2,2.86
527,2026-03-01,193.2,17.2,0,135,4,0,12904.46,6,3.72
141,2025-12-01,201.7,17.7,0,154,5,0,11291.49,4,3.09
1173,2026-01-01,160,0,16755.43,56,3,2,6415.17,0,3.68
317,2026-05-01,50.6,2.6,0,0,1,1,3827.46,,2.53
396,2026-01-01,171.1,3.1,0,48,2,1,17653.04,0,2.03
1235,2026-01-01,176.1,0.1,0,0,4,0,10053.36,4,3.72
412,2025-10-01,186.8,10.8,27519.18,83,2,1,11461.48,4,3.45
235,2026-07-01,189.2,5.2,0,0,6,0,11346.61,0,3.74
660,2025-12-01,202,18,0,0,5,0,9717.52,6,4
741,2026-02-01,161.6,1.6,22373.69,62,2,0,5916.47,4,4.37
1357,2026-03-01,185.5,9.5,0,0,7,0,8945.02,12,4.14
1012,2025-11-01,175.5,15.5,0,0,3,0,10192.85,4,3.33
293,2026-05-01,81.6,0,0,55,2,4,6882.83,2,3.45
672,2025-09-01,181.9,5.9,26812.26,79,1,0,9590.9,0,3.45
771,2025-11-01,91.2,0,0,0,2,1,7879.17,8,2.98
875,2026-04-01,105.6,0,0,0,3,0,6974.33,2,3.64
904,2025-12-01,110.4,0,0,0,3,0,5225.67,4,3.35
940,2025-11-01,165.3,13.3,0,0,4,1,8468.6,0,3.88
1267,2026-06-01,185.8,9.8,0,135,7,0,14789.73,2,4.19
165,2026-08-01,169.8,9.8,23262.36,65,2,1,8569.44,0,3.81
684,2026-08-01,176.6,8.6,27239.88,82,2,0,11130.84,4,4.02
449,2025-09-01,177.3,9.3,0,82,3,1,13698.16,2,2.91
85,2025-11-01,159.4,15.4,29139.86,85,2,2,15646.29,4,3.54
1070,2025-11-01,158.9,14.9,0,179,6,2,9537.87,0,4.36
517,2026-02-01,132.9,4.9,0,0,2,4,13808.9,10,2.26
224,2025-12-01,208.2,24.2,0,165,4,0,14312.31,2,3.34
1223,2025-10-01,188,12,0,0,3,1,9314.62,8,3.08
1418,2026-04-01,100.8,0,0,48,2,1,8346.83,8,3.33
1059,2025-09-01,179.9,3.9,0,0,5,0,8565.48,6,3.65
143,2026-06-01,185.5,9.5,0,0,7,0,6876.55,4,5
1237,2026-03-01,190.8,14.8,26313.58,84,2,0,8934.18,4,3.29
336,2025-09-01,163.1,11.1,0,82,4,3,13664.19,2,3.13
70,2025-09-01,158.5,6.5,19428.6,61,2,3,14851.4,6,3.17
1133,2026-03-01,183,7,0,0,5,0,12949.82,12,4.49
1414,2025-10-01,173.4,13.4,22553.33,77,2,3,9303.4,4,3.15
362,2026-03-01,91.2,0,0,0,2,3,6943.83,10,3.34
851,2025-11-01,170.5,18.5,0,193,6,1,15285.43,6,4.72
1371,2025-11-01,172.4,12.4,23152.59,70,2,0,10829.84,6,3.21
770,2026-06-01,177.8,9.8,30240.71,111,3,1,8602.52,0,4.22
709,2026-07-01,188.1,4.1,14152.96,42,1,0,9600.98,0,2.45
1445,2026-01-01,165.4,5.4,14988.91,51,2,2,11088.72,0,3.49
483,2026-02-01,96,0,0,0,2,0,5581.5,12,3.65
552,2025-12-01,196.1,20.1,0,0,4,1,10395.45,6,3.61
300,2026-06-01,185.7,9.7,0,0,3,0,13455.52,6,2.69
1346,2026-03-01,175,7,27873.16,72,2,1,6793,4,3.84
1472,2025-10-01,198.6,14.6,0,0,4,0,8176.15,4,3.29
650,2026-08-01,174.8,6.8,21067.57,72,3,0,8515.06,4,3.31
1381,2026-06-01,168.4,8.4,0,0,4,2,8113.84,0,2.6
1458,2025-12-01,202.4,18.4,0,0,4,0,16700.07,2,3.53
277,2025-09-01,174.8,6.8,0,0,5,1,10721.88,2,3.39
1227,2026-03-01,170,10,0,0,2,2,7754.62,12,2.37
207,2026-07-01,186.1,2.1,17477,66,2,0,9523.31,0,2.95
44,2025-11-01,164.4,12.4,0,0,2,1,12045.66,6,2.73
122,2026-06-01,176.6,8.6,21264.14,54,1,1,6827.06,2,2.66
506,2026-03-01,184.9,8.9,0,0,4,0,8913.05,12,3.39
1419,2026-04-01,175.6,7.6,23639.59,69,2,1,6262.82,8,4.06
905,2025-10-01,155.9,3.9,0,0,3,4,7819.28,2,3.92
755,2026-01-01,172.1,4.1,17150.5,48,3,1,9979.96,4,3.42
844,2025-10-01,197.5,13.5,0,0,5,0,9742.08,2,4.16
68,2026-07-01,176,0,0,0,3,1,16907.17,0,2.94
1393,2026-05-01,163.7,3.7,30766.22,79,2,1,9474.45,4,4
1238,2026-07-01,180.5,4.5,26098.83,83,3,1,9738.7,4,4.15
1338,2025-11-01,152.8,16.8,0,0,4,3,8409.03,4,3.95
729,2026-05-01,172.7,4.7,27500.54,71,1,0,9405.78,8,3.24
769,2026-01-01,178.5,2.5,18335.88,52,2,0,8465.09,8,3.78
1138,2026-07-01,179.4,3.4,0,0,5,1,15049.82,6,3.11
1408,2025-12-01,206.4,22.4,0,149,6,0,19966.08,2,3.24
89,2026-08-01,179,11,0,108,6,0,20342.65,6,
92,2025-09-01,182.7,14.7,0,143,5,1,12846.64,,4.43
1456,2026-03-01,185.6,9.6,0,0,6,0,10912.18,4,3.58
526,2026-03-01,174.4,6.4,0,0,7,1,7231.85,10,4.51
1336,2026-06-01,105.6,0,0,0,2,0,4636,6,3.67
152,2026-01-01,145.2,1.2,10986.36,32,2,4,6563.96,2,2.94
923,2026-02-01,164,4,16798.49,51,2,0,7531.31,6,3.11
439,2025-10-01,105.6,0,0,0,3,1,4961.33,6,3.84
601,2026-02-01,163.2,3.2,0,0,3,0,7773.46,8,3.28
883,2026-02-01,147.9,3.9,21390.77,65,2,2,7808.78,4,4.31
1247,2026-04-01,178.7,10.7,26999.21,86,2,1,9030.85,6,4.41
907,2026-01-01,96,0,8482.17,24,1,2,6415.17,6,3.3
1180,2026-02-01,166,6,0,101,5,0,12448.46,12,4.33
975,2026-05-01,178.8,10.8,0,0,3,0,8648.92,6,3.05
783,2026-08-01,177.5,9.5,0,0,4,0,12674.86,8,3.71
1140,2026-03-01,182.9,6.9,0,0,5,0,8306.55,10,3.55
650,2026-07-01,195,11,22444.43,81,3,0,8807.35,0,3.47
1348,2026-05-01,169.6,9.6,0,0,6,1,11297.58,2,4.09
896,2026-01-01,180.6,4.6,0,0,5,0,8393.67,4,4.35
1479,2026-02-01,160.7,0.7,0,0,2,0,10033.92,12,2.89
588,2026-08-01,173.7,5.7,0,0,4,0,11052.21,2,3.3
764,2026-06-01,177,17,0,111,3,2,14263.04,8,3.58
353,2025-09-01,180.1,4.1,0,0,3,0,7316.53,8,2.95
1271,2026-01-01,176,0,21290.32,66,3,0,8092.67,4,3.97
647,2026-05-01,175.7,7.7,0,0,6,0,9217.5,0,3.75
1118,2025-10-01,197.6,13.6,0,0,4,0,9999.62,6,4.31
375,2026-08-01,170,2,17376.19,65,1,0,6350.37,4,3.31
635,2025-11-01,173.7,13.7,28716.32,89,2,0,8920.5,4,3.27
544,2026-01-01,153.4,1.4,0,0,2,3,9106.51,8,3.38
1419,2025-11-01,173,13,34331.2,95,3,0,6537.42,4,4.13
1447,2026-07-01,192.7,8.7,0,114,4,0,14211.73,4,3.37
1175,2026-03-01,154.7,2.7,20269.04,47,2,3,8760.35,6,2.74
897,2025-10-01,187.7,11.7,32059.46,83,2,1,10210.79,0,3.6
1259,2026-07-01,188.3,4.3,17749.21,45,1,0,10112.64,0,2.5
21,2026-05-01,152.9,8.9,23498.5,95,3,3,6022.33,0,4.41
1083,2025-12-01,197.8,13.8,0,0,4,0,8933.93,4,2.57
1407,2025-10-01,184.4,8.4,0,116,6,1,14144.7,2,3.33
1343,2026-04-01,181.2,5.2,0,0,4,0,11601.59,2,3.83
1169,2025-09-01,185.5,9.5,19725.64,77,2,0,8890.01,2,3.18
1019,2026-07-01,163,3,23656.37,65,2,3,7822.96,0,4.19
159,2026-06-01,154.2,10.2,0,0,2,4,9847.02,8,3.25
171,2026-08-01,169.7,1.7,28020.82,75,3,0,8139.51,8,4.2
623,2026-06-01,190.6,14.6,0,131,6,0,11577.15,8,3.55
845,2025-11-01,162.2,10.2,27975.96,98,2,1,9194.24,8,4.34
34,2026-03-01,169.3,9.3,0,0,5,2,7909.12,10,4.31
420,2026-05-01,175.9,15.9,0,0,4,1,9957.95,4,4.54
664,2026-04-01,182.7,6.7,0,0,4,0,8336.01,6,4.05
1090,2025-12-01,199.5,15.5,0,0,6,0,11887.81,2,3.43
1159,2026-01-01,152.3,0.3,0,0,4,3,10458.08,0,2.86
13,2026-03-01,173.2,5.2,0,0,6,1,11792.82,10,3.86
1190,2026-01-01,150.4,6.4,0,0,4,4,12049.5,8,2.93
355,2026-07-01,186.7,2.7,0,0,6,0,9611.11,8,3.94
1159,2025-09-01,178.4,10.4,0,0,4,1,11369.79,6,3.29
1160,2026-05-01,159.6,7.6,22282.28,69,2,2,6804.58,4,3.79
600,2026-05-01,160.7,8.7,0,0,3,2,8428.65,4,3.18
691,2026-01-01,182.5,6.5,0,0,6,0,11511.72,6,3.48
1288,2025-09-01,175.5,7.5,0,0,5,1,11183.8,8,4.04
1163,2026-07-01,189.1,5.1,0,0,6,0,6868.14,6,3.84
61,2025-11-01,156.2,12.2,0,0,3,2,15230.24,4,3.22
986,2026-08-01,172.1,12.1,0,91,5,1,12680.06,4,3.21
537,2025-12-01,110.4,0,0,59,2,0,8937.72,6,2.47
761,2026-06-01,167.2,7.2,0,0,5,2,6242.47,8,3.79
668,2026-03-01,176,8,25846.62,85,2,1,7891.99,6,4
190,2026-05-01,91.2,0,0,0,3,2,6608.33,0,4.4
1059,2026-04-01,186.9,10.9,0,0,5,0,9067.41,6,3.68
204,2026-03-01,169.4,9.4,0,119,5,2,9740.41,4,3.5
1469,2026-08-01,169.8,9.8,0,0,5,1,12186.91,8,4.15
617,2026-03-01,177.3,9.3,0,0,5,1,10182.99,6,3.85
324,2025-10-01,187.6,11.6,25872.49,81,3,1,6730.69,2,3.26
418,2026-01-01,152,0,0,0,5,3,9119.5,0,3.22
220,2025-09-01,184.9,8.9,31415.46,79,2,0,8135.62,2,4.22
572,2026-03-01,170.7,10.7,0,0,3,2,9586.26,4,3.34
1356,2026-02-01,168.8,8.8,0,110,4,0,15306.32,8,4.15
658,2026-08-01,153.6,9.6,22314.76,58,2,3,11925.22,2,3.24
390,2026-03-01,180.2,12.2,0,0,5,1,11093.91,4,3.57
1139,2026-02-01,163.6,3.6,21581.16,47,2,0,6848.58,6,3.41
841,2026-07-01,180.6,4.6,20312.27,59,1,1,7547.96,0,3.5
389,2025-10-01,183.4,15.4,0,139,5,2,18054.3,4,3.53
259,2026-07-01,187.5,3.5,0,0,3,0,9039.58,6,3.24
139,2026-02-01,137.8,1.8,0,0,3,3,9901.71,10,3.48
818,2026-07-01,100.8,0,9526.43,26,1,2,5622.17,8,
1154,2025-12-01,198.5,14.5,34530.55,105,3,0,8272.28,8,2.85
1481,2026-03-01,189.7,13.7,0,103,3,0,13816.98,8,3.2
266,2026-06-01,185.4,9.4,0,0,4,0,11686.29,2,
708,2025-09-01,179.3,3.3,0,0,4,0,6305.57,4,4.61
373,2026-02-01,154.8,2.8,22648.38,52,2,1,8955.19,8,3.86
253,2026-06-01,184.2,16.2,0,83,3,1,11093.5,8,2.43
1322,2026-02-01,166.7,14.7,0,75,3,1,14302.06,12,3.58
141,2026-06-01,188.2,12.2,0,105,4,0,10825.44,6,3.08
1381,2026-05-01,175.4,7.4,0,0,3,0,8048.39,4,2.79
1460,2026-03-01,186.5,10.5,0,99,3,0,13630.18,12,2.78
1091,2025-11-01,178.1,18.1,0,0,6,0,13452.43,6,3.71
1129,2026-01-01,176.7,0.7,0,74,3,0,11731.81,2,3.23
738,2026-01-01,176.2,0.2,15126.04,49,2,0,5978.16,8,3.61
1272,2026-05-01,175.5,7.5,0,0,5,0,8401.38,4,3.58
373,2025-09-01,160.7,0.7,23092.37,70,2,2,8796.3,6,3.64
557,2026-02-01,136.8,0.8,15484.49,42,2,3,10503.21,8,3.74
298,2026-03-01,183,7,23131.57,66,2,0,9423.93,10,3.2
1114,2025-11-01,174.4,14.4,25570.88,78,2,0,11102.02,2,2.94
982,2026-06-01,185.5,9.5,33059.79,97,3,0,9187.07,0,3.63
646,2026-06-01,105.6,0,0,0,2,0,4229.33,2,3.03
869,2026-07-01,165.8,13.8,0,104,6,4,15898.98,6,4.29
422,2025-12-01,195.6,19.6,0,0,6,1,10083.64,2,3.34
304,2026-07-01,168.8,0.8,0,0,6,2,8179.4,8,4
454,2026-06-01,165.9,13.9,16270.32,42,1,3,7357.68,6,2.32
470,2026-01-01,182.2,6.2,0,0,7,0,11065.65,8,4.27
1218,2026-01-01,168,0,14650.83,54,2,1,6588,2,3.29
455,2025-12-01,198.8,22.8,46212.13,128,3,1,13657.69,0,3.32
1188,2025-10-01,192.3,8.3,0,139,5,0,9218.78,8,3.43
200,2026-03-01,168,8,22500.37,72,2,2,6272.29,12,3.51
252,2026-05-01,181.3,13.3,0,0,5,0,7380.26,0,3.23
1348,2026-01-01,160.4,0.4,0,0,6,2,10467.11,2,4.39
867,2025-09-01,184,8,0,117,6,0,11772.77,4,3.99
113,2025-09-01,179.9,3.9,20992.61,62,1,0,9080.46,8,2.9
492,2026-05-01,173.4,13.4,11930.86,45,2,1,8917.65,2,1.92
1174,2025-12-01,205.5,21.5,0,0,5,0,14530.2,6,4.28
1451,2026-03-01,166.6,14.6,0,84,3,3,12868.5,8,2.96
747,2025-11-01,165.7,5.7,0,0,3,0,8331.83,0,3.43
861,2026-01-01,178.2,2.2,0,0,4,0,7873.77,2,4.33
1313,2025-11-01,153.5,9.5,0,0,3,2,8493.92,6,3.2
341,2026-01-01,176,0,0,0,4,0,7259,0,3.56
864,2026-01-01,174.1,6.1,0,82,6,1,10767.57,4,3.68
315,2026-05-01,181,13,0,0,5,0,8889.99,6,3.67
503,2026-06-01,167.9,7.9,35345.32,83,3,2,11209.29,2,4.11
118,2026-02-01,154,2,0,0,4,1,7415.66,4,3.84
623,2026-01-01,183.3,7.3,0,91,5,0,10927.82,8,3.53
1089,2026-07-01,197.7,13.7,0,113,7,0,10962.61,6,4.17
741,2025-12-01,194.1,10.1,44204.65,178,4,0,6345.73,2,4.71
135,2025-10-01,191.2,7.2,36680.8,81,3,0,9352.91,8,3.89
935,2025-11-01,96,0,0,73,3,0,6476.17,8,3.99
162,2026-04-01,182.1,6.1,0,0,5,0,11334.85,8,3.88
1201,2026-06-01,179,11,0,125,5,1,13116.39,8,4.08
948,2026-02-01,153.7,1.7,11088.32,32,1,1,8263.3,12,2.32
1069,2026-03-01,167.9,7.9,0,0,4,2,7081.84,8,2.71
1196,2025-10-01,192,8,22829.52,74,3,0,9555.18,8,3.12
125,2026-01-01,176,0,15612.04,44,1,0,7157.33,2,3.09
79,2025-11-01,178.8,18.8,0,204,5,0,21785.56,6,4.66
1260,2026-07-01,169.1,1.1,0,0,5,2,8959.99,2,3.21
1018,2026-03-01,188.8,12.8,0,0,5,0,13325.53,10,3.7
1457,2026-06-01,182.6,6.6,0,0,6,0,6915.3,8,4.19
528,2025-12-01,110.4,0,0,0,1,0,4910.5,12,4.19
357,2026-03-01,165.7,5.7,0,0,3,2,6902.3,8,2.66
837,2026-01-01,100.8,0,0,0,3,1,5246,0,3.84
859,2026-01-01,177.4,1.4,24429.25,68,3,0,6410.57,4,4.34
1044,2026-07-01,191.8,7.8,0,0,7,0,9192.42,4,4.38
1175,2026-05-01,173.8,5.8,25848.75,85,2,0,8990,4,3.49
1227,2025-12-01,196.1,12.1,0,0,3,0,7884.33,8,2.34
1202,2026-01-01,159.2,7.2,0,65,3,3,10022.52,6,2.95
411,2026-07-01,172,4,0,0,4,2,8888.21,6,3.03
846,2025-10-01,191.6,15.6,0,165,6,1,14285.49,8,3.98
1212,2025-10-01,201.5,17.5,30573.99,109,2,0,8650.98,8,
549,2025-10-01,163.5,11.5,0,68,2,4,8475.46,6,2.13
1366,2026-04-01,183.2,7.2,0,0,6,0,8498.46,8,3.54
918,2026-01-01,180.3,4.3,21827.48,56,2,0,9733.02,,3.66
1450,2026-07-01,182.3,6.3,0,0,5,1,9367.65,4,3.31
690,2025-10-01,167.2,7.2,0,0,4,3,7948.89,0,3.67
1192,2026-08-01,181.4,13.4,0,92,3,0,11345.61,4,2.99
677,2026-01-01,177.6,1.6,22918.44,58,2,0,9421,2,3.89
1457,2026-08-01,164.7,4.7,0,0,4,1,6807.74,8,4.45
1370,2026-01-01,182.7,6.7,0,107,6,0,9895.65,2,3.86
1237,2026-08-01,177.4,9.4,20671.04,66,2,0,8564.08,2,3.11
899,2025-09-01,176.9,8.9,0,0,4,1,5595.29,4,4.34
195,2026-01-01,177.6,1.6,14312.99,49,2,0,7936.73,2,2.7
305,2025-11-01,143.8,15.8,0,0,3,4,10678.45,0,3.59
484,2025-12-01,208,24,0,215,8,0,11725.69,8,4.48
1318,2026-04-01,172.7,12.7,0,96,6,2,11317.87,4,3.63
261,2026-06-01,100.8,0,18138.36,48,1,1,5083.33,4,4.37
735,2026-05-01,173.7,5.7,25397.88,96,3,0,6752.94,8,4.35
609,2025-12-01,192.1,16.1,41632.74,124,2,1,7841.8,0,3.72
1087,2026-07-01,191.1,7.1,0,81,4,0,13413.62,8,3.01
1128,2026-05-01,170.7,2.7,0,0,3,0,7230.93,8,3.51
1440,2026-04-01,183.5,7.5,0,0,6,0,7535.26,6,3.51
841,2025-11-01,174.7,14.7,28118.81,85,2,0,8182.43,6,3.53
1254,2026-03-01,163.6,11.6,0,0,4,3,8591.8,6,3.4
1036,2026-04-01,182,6,0,0,7,0,9379.12,6,4.68
276,2026-08-01,177.2,9.2,0,114,3,0,15908.31,0,
1335,2026-05-01,178.6,10.6,0,0,7,0,10699.69,8,4.33
254,2026-07-01,110.4,0,0,0,2,0,4646.17,0,4.01
720,2026-07-01,175.5,7.5,0,115,5,2,13598.11,2,
863,2026-04-01,184.4,8.4,25453.85,97,2,0,8102.94,,4.37
1068,2025-11-01,175.7,15.7,33939.37,92,3,0,11802.02,6,4.02
880,2025-12-01,187.8,19.8,0,0,4,2,8883.88,4,3.53
189,2026-03-01,185.1,9.1,30626.48,75,2,0,8675.13,6,4
125,2025-11-01,173.9,13.9,32157.26,87,2,0,8018.28,4,3.39
75,2026-06-01,178.6,10.6,19557,59,1,1,11687.52,2,2.55
1261,2025-09-01,184,8,0,0,6,0,8207.24,0,3.94
441,2025-11-01,178.4,18.4,0,0,5,0,8061.29,2,3.6
151,2025-10-01,110.4,0,0,0,3,0,3395.67,4,3.57
1295,2025-11-01,175.3,15.3,0,134,3,0,13780.79,0,3.2
772,2026-06-01,192.2,16.2,0,108,4,0,16692.42,4,3.1
521,2026-08-01,159.7,7.7,0,0,3,2,10659.77,2,3.57
1085,2026-03-01,105.6,0,12045.85,29,1,0,5174.83,8,2.91
67,2025-12-01,194.3,18.3,0,0,4,1,15745.47,0,3.47
236,2026-06-01,164.7,12.7,0,0,3,3,10076.63,8,4.14
565,2026-06-01,182.7,6.7,0,0,4,0,8809.28,2,3.12
701,2026-04-01,175.4,15.4,0,116,4,2,12535.47,6,3.43
1276,2026-01-01,164.1,4.1,0,0,4,2,6516.45,0,4.05
702,2026-04-01,177.3,1.3,0,112,4,0,13036.36,2,3.28
902,2026-04-01,187.8,11.8,0,103,4,0,15025.69,6,3.15
700,2026-02-01,163.1,3.1,0,0,3,0,10053.15,8,3.67
1164,2026-07-01,188.9,4.9,0,0,4,0,6909.75,8,4.19
1414,2025-11-01,173.5,13.5,27974.88,96,2,0,9310.61,0,3.43
1091,2025-09-01,183.2,7.2,0,0,5,0,12355.35,8,3.72
353,2025-11-01,171.2,11.2,0,0,2,0,7750.68,8,2.8
112,2025-10-01,193.9,9.9,0,0,3,0,9613.82,0,3.37
738,2025-10-01,191.4,7.4,28386.82,86,2,0,6350,6,3.42
104,2025-12-01,202.6,18.6,28619.58,83,2,0,11153.94,6,2.74
864,2026-07-01,192.7,8.7,0,120,4,0,10997.69,0,3.91
328,2026-07-01,187.9,11.9,0,133,6,1,12469.57,2,3.96
945,2026-03-01,186.9,10.9,0,152,6,0,11759.82,10,4.28
1453,2026-02-01,165.6,5.6,16419.96,44,2,0,7589.46,4,3.17
1451,2026-04-01,190.1,14.1,0,110,3,0,12819.07,4,3.27
563,2025-10-01,197.4,13.4,0,179,7,0,12151.15,8,4.19
735,2025-10-01,193.8,9.8,30291.14,117,4,0,6981.28,2,4.41
454,2026-08-01,172.1,4.1,15831.07,53,2,0,6800.69,0,2.91
877,2026-08-01,152.1,8.1,0,0,3,3,7463.21,2,2.37
466,2025-11-01,171.5,11.5,34038.19,94,3,0,8864.51,6,3.92
1495,2026-07-01,181.1,5.1,0,0,4,1,11305.37,0,4.11
1027,2026-04-01,185,9,26511.6,80,2,0,7539.44,6,3.38
1051,2025-11-01,170.8,10.8,0,0,3,0,8993.54,0,2.6
269,2025-10-01,185.3,9.3,0,117,3,1,15488.69,6,3.19
1022,2026-02-01,166.4,6.4,0,0,3,0,9163.2,4,3.6
1004,2025-11-01,163.3,11.3,0,0,3,1,6618.38,8,3.31
21,2026-07-01,196.1,12.1,26102.13,86,2,0,6177.18,8,
278,2026-07-01,193.9,9.9,0,0,4,0,12163.52,6,4.08
912,2026-05-01,162.7,10.7,0,0,3,2,8419.91,4,3.32
1246,2026-03-01,162.2,10.2,15615.15,52,1,3,8873.38,8,2.85
1308,2026-03-01,105.6,0,0,0,2,0,6018.67,4,2.98
56,2025-10-01,183,7,29091.46,93,2,1,8302.55,6,4.12
1122,2025-09-01,178,10,0,0,5,1,10019.15,2,3.59
154,2026-08-01,170.9,2.9,20742.95,60,2,0,6701.22,2,2.96
196,2026-07-01,105.6,0,13238.72,42,2,1,5032.5,2,3.82
763,2026-07-01,192.8,8.8,0,102,6,0,13347.89,4,3.46
99,2026-03-01,105.6,0,16831.3,50,1,0,6923.5,8,4.47
458,2025-11-01,182.8,22.8,0,179,3,0,9428.8,4,4.1
616,2026-01-01,173.9,5.9,0,63,4,1,10343.81,6,3.08
326,2025-11-01,163,11,40194.16,107,3,1,10655.67,2,4.18
6,2026-06-01,173.1,5.1,0,0,4,1,11570.75,4,
778,2026-05-01,100.8,0,13880,45,1,0,4991.83,6,3.59
245,2025-12-01,203.9,19.9,0,0,4,0,9247.97,6,
83,2026-05-01,176.7,8.7,0,0,2,0,19448.2,8,2.82
1399,2026-06-01,181.5,5.5,0,0,7,0,9223.39,2,4.03
314,2025-10-01,110.4,0,13683.07,34,1,0,5571.33,8,2.78
509,2026-01-01,86.4,0,0,0,2,4,3914.17,6,2.7
1060,2026-07-01,186.4,2.4,0,0,3,0,8883.41,2,3.27
211,2026-02-01,170.4,10.4,0,87,6,0,9401.25,12,4.21
1308,2026-01-01,105.6,0,0,0,1,0,6018.67,0,2.62
327,2026-02-01,168.4,8.4,0,0,4,0,8997.21,4,3.5
474,2025-10-01,181.2,13.2,0,101,5,2,11056.14,6,3.35
1249,2026-05-01,182.6,14.6,0,112,4,0,16126.93,6,3.07
1025,2026-03-01,172.9,4.9,0,0,5,1,13745.31,8,3.83
454,2025-10-01,191.3,7.3,19890.97,58,1,0,6982.57,4,2.41
1321,2025-09-01,182.5,6.5,0,0,4,0,10835.19,2,4.22
1310,2025-12-01,182.6,14.6,0,0,3,2,8725.8,8,3.25
970,2025-10-01,195.3,11.3,0,118,5,0,12578.28,0,
556,2026-08-01,100.8,0,0,58,2,0,7238.67,0,3.34
409,2026-08-01,150.8,6.8,17955.68,60,2,3,8030.64,6,
1078,2026-03-01,188,12,24372.56,84,3,0,8921.84,8,3.45
193,2026-08-01,168.9,8.9,0,110,3,1,12438.85,6,4.16
442,2025-12-01,199.1,15.1,39469.49,126,3,0,9828.38,2,3.66
547,2026-02-01,169.5,9.5,0,79,4,0,10650.4,4,2.76
525,2026-05-01,165.4,13.4,0,116,5,2,10982.55,0,3.37
1307,2026-04-01,171.5,3.5,0,0,4,1,13931.22,0,
15,2026-04-01,176.9,8.9,0,123,7,1,4598.87,8,4.41
1132,2025-11-01,169.4,9.4,32438.19,100,2,0,10246.12,6,3.7
997,2025-12-01,201.1,17.1,0,0,6,0,9080.15,0,4.28
1330,2025-12-01,194.8,18.8,40153.65,110,3,1,8640.94,8,3.86
535,2026-01-01,151.8,7.8,0,0,5,4,12394.03,8,4.02
1438,2025-09-01,173,5,0,0,4,1,8559.5,0,3.67
936,2025-10-01,105.6,0,0,0,3,1,5002,6,3.45
369,2025-12-01,208.8,24.8,0,169,4,0,12299.2,2,3.09
569,2026-08-01,177,9,0,100,4,0,9728.51,6,3.32
481,2026-01-01,105.6,0,0,0,3,0,4595.33,8,3.21
362,2026-06-01,100.8,0,0,0,3,1,6943.83,0,3.63
681,2025-09-01,173.4,5.4,0,0,3,1,9705.29,0,3.11
1492,2025-09-01,177.9,9.9,0,0,5,1,13201.06,0,3.94
806,2026-03-01,171,11,0,0,4,2,9820.59,6,3.71
403,2026-05-01,172.6,4.6,0,0,7,0,7970.82,4,4.52
678,2026-02-01,96,0,13129.39,39,1,0,6771,8,4.33
285,2026-08-01,169.6,9.6,0,78,4,1,12748.42,2,3.01
42,2026-06-01,187.6,11.6,0,87,3,0,11075.37,8,2.64
1478,2026-07-01,191.8,7.8,23931.47,72,2,0,8248.22,6,
694,2026-08-01,91.2,0,0,50,2,2,5581.5,8,3.64
1268,2026-02-01,161.1,9.1,0,72,4,1,10791.82,8,2.73
199,2026-06-01,165.1,13.1,0,114,3,3,14760.26,4,3.5
1072,2025-11-01,173.9,13.9,0,0,5,0,10082.6,8,3.44
476,2026-02-01,163.3,3.3,0,0,4,0,7612.7,4,3
1039,2026-01-01,168.3,0.3,0,0,5,1,9010.67,6,4.06
1063,2026-07-01,190.5,6.5,0,93,6,0,10663.37,8,3.53
521,2025-11-01,172.7,12.7,0,0,4,0,11092.19,,3.65
1442,2025-12-01,194.8,18.8,0,0,4,1,10886.87,6,3.63
516,2025-09-01,180.1,12.1,0,0,4,1,6132.25,8,2.36
1401,2025-11-01,172,12,0,0,5,0,8214.82,4,3.61
1387,2025-09-01,173.6,5.6,0,0,5,1,8111.77,4,4.06
1064,2026-07-01,164.8,4.8,0,0,2,3,10123.06,0,2.71
185,2026-01-01,165.5,5.5,0,0,5,2,8445.89,4,3.69
669,2026-02-01,166.4,6.4,12965.67,53,1,0,10472.23,12,3.05
62,2026-03-01,179.6,3.6,0,0,5,0,23975.53,8,4.24
881,2025-11-01,91.2,0,0,94,3,1,8041.83,2,4.17
274,2026-04-01,177.8,9.8,0,0,5,1,10367.15,4,3.39
203,2026-08-01,165.1,5.1,18034.95,55,1,1,8014.6,2,2.85
49,2026-07-01,190.6,6.6,21497.42,59,2,0,7738.08,2,3.06
189,2025-10-01,179.4,3.4,24197.78,86,3,1,8278.45,2,3.68
855,2026-01-01,175.7,7.7,0,74,3,1,15192.61,0,2.85
1186,2026-07-01,167.7,7.7,0,0,3,3,9933.21,8,2.53
5,2025-11-01,172.4,12.4,0,0,4,0,8668.37,2,3.71
1140,2026-05-01,164.2,4.2,0,0,5,1,8123.4,6,3.5
1131,2026-08-01,160.1,8.1,0,0,5,2,7049.79,8,4.66
802,2025-11-01,166,14,28466,107,3,1,7283.58,8,4.15
721,2026-07-01,172.7,4.7,0,0,3,2,13055.94,0,2.93
1347,2025-12-01,195,19,0,0,4,1,15673.91,0,3.25
941,2025-09-01,164,4,0,0,3,2,6426.86,8,3.74
993,2026-08-01,170,10,0,117,4,1,10814.5,0,3.62
650,2026-03-01,171,11,20566.41,66,1,2,8807.35,12,
1071,2025-12-01,202.8,18.8,35906.61,121,3,0,8392.7,0,3.16
848,2025-12-01,110.4,0,18578.89,57,2,0,5063,0,2.97
228,2026-06-01,184,8,0,110,5,0,10544.4,2,3.24
1482,2026-01-01,181.5,5.5,0,86,4,0,11330.07,4,3.24
1440,2025-12-01,200.4,16.4,0,0,6,0,8080.25,2,3.56
1267,2025-10-01,197,13,0,151,4,0,15167.27,2,3.62
1323,2025-12-01,110.4,0,0,0,2,0,6100,0,3.28
72,2026-04-01,183,7,0,0,5,0,15548.41,2,3.33
1226,2026-05-01,116.2,4.2,0,0,2,2,6711.56,4,3.52
130,2026-05-01,100.8,0,16632.64,51,1,0,6130.5,2,3.83
354,2026-05-01,174.8,14.8,0,90,5,1,11216.47,8,3.19
1021,2026-07-01,186.7,2.7,21269.83,72,3,0,9249.35,4,3.4
927,2025-11-01,171.1,11.1,0,0,4,0,9137.47,2,3.72
680,2025-10-01,192.9,8.9,0,0,4,0,9953.27,2,4.24
743,2025-11-01,172.7,20.7,0,170,5,1,11616.24,2,4.27
48,2025-09-01,180.1,12.1,0,0,6,1,7075.68,8,3.97
84,2025-10-01,201.2,17.2,0,155,5,0,22086.76,6,3.74
1318,2026-05-01,179.3,11.3,0,126,6,0,11194.33,2,4.02
1307,2026-05-01,166.9,6.9,0,0,4,1,14329.07,2,3.48
275,2025-10-01,189.9,13.9,0,142,7,1,17016.06,8,4.2
384,2025-11-01,155.1,19.1,0,131,4,3,10366.21,6,3.61
284,2025-12-01,194.6,18.6,37355.51,153,2,1,6574.33,6,4.17
671,2026-02-01,164,4,0,93,3,0,12127.93,8,3.97
968,2026-02-01,166.2,6.2,0,0,4,0,8741.11,12,4.06
1496,2026-03-01,100.8,4.8,0,73,2,0,8205.67,10,4.03
762,2026-05-01,177,9,0,0,3,0,10268.11,8,2.3
346,2025-12-01,202.2,18.2,0,0,5,0,12003.27,8,3.4
11,2025-11-01,177.8,17.8,0,0,4,0,10442.12,8,2.79
1025,2026-05-01,153.9,9.9,0,0,5,3,14315.87,0,3.67
1191,2026-03-01,184.6,8.6,0,97,6,0,17783.13,12,3.43
1272,2026-01-01,176,0,0,0,4,0,7889.33,4,3.87
644,2025-09-01,177.1,9.1,0,92,4,1,8630,6,2.85
438,2025-11-01,177.5,17.5,0,144,6,0,10336.69,0,3.65
645,2026-03-01,171.8,3.8,27710.45,83,3,1,10217.47,6,4.21
847,2026-04-01,185.2,9.2,0,138,6,0,11634.66,0,4.26
1366,2026-02-01,161.2,1.2,0,0,4,0,8083.08,10,3.28
1214,2026-01-01,173.5,5.5,21751.13,57,2,1,8398.23,6,4.37
120,2026-04-01,186.3,10.3,,84,3,0,8747.57,6,3.83
1441,2026-05-01,167.1,15.1,24692.68,75,2,2,7517.85,0,3.23
411,2025-10-01,197.8,13.8,0,0,5,0,9616.78,2,3.22
1292,2026-05-01,175.7,7.7,0,0,6,0,10258.54,0,4.44
1184,2026-05-01,166.4,6.4,0,0,6,1,9109.55,6,3.99
88,2026-08-01,141.4,5.4,0,0,4,4,13738.52,6,3.94
463,2025-11-01,177.7,17.7,0,186,4,0,15276.28,0,4.65
237,2026-03-01,149.9,5.9,0,0,3,4,9061.52,8,2.64
1207,2025-10-01,193.6,9.6,33328.04,100,3,0,7542.73,8,3.77
699,2026-06-01,167.5,7.5,34729.51,86,3,2,11627.69,8,4.68
967,2026-02-01,170,10,0,109,7,0,13841.23,8,4.67
1087,2025-09-01,185.3,9.3,0,34,1,0,13654.22,14,3.25
1009,2026-01-01,166.2,6.2,0,0,4,2,9233.87,8,2.86
300,2026-07-01,182.3,6.3,0,0,5,1,13090.27,2,2.92
540,2026-06-01,96,0,0,60,2,2,5296.83,2,3.35
883,2026-07-01,187.3,3.3,23559.92,84,3,0,7769.55,8,4.5
735,2026-07-01,177.3,1.3,29666.73,79,2,1,6507.9,2,4.5
1277,2026-06-01,180.5,4.5,0,0,6,0,8545.13,6,4
1116,2026-01-01,179.8,3.8,0,0,3,0,7088.17,2,2.76
33,2026-03-01,183.7,15.7,0,87,4,1,7968.1,12,2.75
1006,2026-03-01,183.3,7.3,20687.25,72,2,0,6409.69,6,3.41
1382,2025-09-01,105.6,0,0,0,2,0,5774.67,0,2.26
889,2026-06-01,180.6,4.6,0,0,5,0,10011.1,8,4.25
729,2026-02-01,160,0,14891.98,55,2,0,9038.17,4,3.12
1024,2026-02-01,165.3,5.3,0,0,4,0,11122.08,4,3.52
1436,2026-02-01,147.3,3.3,0,0,3,2,9202.16,12,4.17
1406,2025-12-01,105.6,0,0,0,3,1,6771,8,3.76
1046,2026-07-01,184.1,8.1,0,137,5,1,9657.62,0,
181,2026-05-01,165.9,5.9,21648.14,52,2,1,11968.04,0,2.86
940,2025-10-01,196.1,12.1,0,0,7,0,8389.73,8,4.04
1068,2026-03-01,166.2,6.2,23134.78,78,1,2,10947.81,10,3.73
1069,2026-08-01,176.7,8.7,0,0,3,0,7127.73,0,2.88
660,2026-04-01,183.9,7.9,0,0,5,0,8982.64,8,4.05
357,2026-08-01,174.7,6.7,0,0,3,0,6959.22,6,2.8
418,2025-11-01,169,9,0,0,3,0,9829.77,4,3.3
531,2025-10-01,199.6,15.6,0,133,5,0,13177.73,6,3.42
1052,2026-04-01,183.9,7.9,0,0,5,0,8732.82,8,3.58
1185,2025-09-01,155.7,3.7,22648.59,64,2,3,9002.3,2,3.35
115,2026-08-01,174.6,6.6,22146.14,78,2,0,10607.62,2,3.66
784,2026-06-01,191.5,15.5,36886.22,85,4,0,10311.17,0,3.99
323,2026-04-01,185.6,9.6,29056.05,84,2,0,7619.81,4,3.81
1281,2026-08-01,169.8,1.8,0,0,5,0,9158.3,2,3.73
421,2026-06-01,181.2,13.2,0,153,5,1,8245.31,4,4.04
304,2025-11-01,152.1,16.1,0,0,5,3,9254.94,0,3.92
714,2026-06-01,188.9,12.9,33156.95,106,2,0,12612.61,2,4.59
413,2026-01-01,178.2,2.2,20416.32,54,2,0,8630.07,6,3.44
438,2026-03-01,190.2,14.2,0,120,5,0,10080.32,4,3.62
742,2026-01-01,178.6,2.6,0,0,3,0,5530.36,6,3.83
94,2026-01-01,162.7,2.7,18523.63,46,2,2,8718.73,2,3.34
670,2026-07-01,188.4,4.4,22155.86,62,2,0,9143.73,6,3.21
20,2026-05-01,158.7,6.7,0,0,3,2,11616.63,6,4.11
801,2026-06-01,105.6,0,12135.38,42,1,0,4554.67,4,2.93
584,2025-10-01,188.8,4.8,0,0,6,0,11616.1,0,3.61
1476,2025-12-01,198.6,22.6,0,190,5,1,14488.8,6,3.29
625,2026-05-01,167.1,7.1,0,0,6,1,9312.92,6,3.82
511,2026-01-01,163,3,0,98,6,2,11484.1,6,3.96
455,2026-01-01,176,0,21788.2,47,1,0,11407,6,3.51
1176,2026-02-01,167.9,7.9,0,0,3,0,8135.42,,3.11
508,2025-12-01,191.3,15.3,29139.13,80,1,1,11650.93,4,2.71
36,2025-10-01,186.5,10.5,0,96,3,1,11977.7,4,3.08
893,2026-01-01,168,8,0,69,3,2,10184.42,8,3.45
841,2026-03-01,182,6,24664.73,76,2,0,7635.91,8,3.54
115,2026-02-01,162.9,2.9,24177.81,61,3,0,10286.33,4,3.75
1456,2025-12-01,195.8,19.8,0,0,3,1,11801.51,,3.41
739,2026-03-01,175.3,7.3,0,0,3,1,8452.58,8,3.31
1217,2026-01-01,184.3,8.3,0,77,4,0,15212.08,2,3.07
1346,2026-05-01,167.2,7.2,23229.62,80,2,1,6804.08,2,3.65
894,2026-08-01,167.4,15.4,0,89,3,2,9850.94,2,
1268,2025-12-01,206.1,22.1,0,140,5,0,11917.26,8,2.85
200,2025-10-01,193.8,9.8,22163.08,80,2,0,6363.66,4,3.26
620,2026-03-01,178.8,2.8,0,0,6,0,9225.93,12,3.94
64,2026-04-01,180,4,0,100,6,0,24403.13,6,3.72
223,2025-12-01,206.3,22.3,0,141,3,0,10988.55,2,2.46
1275,2026-01-01,169.6,1.6,0,0,4,1,6184.46,8,2.83
1264,2026-02-01,167.5,7.5,0,0,4,0,8271.46,4,
975,2026-07-01,172.6,4.6,0,0,3,2,8224.53,2,2.79
942,2026-02-01,163.8,3.8,26423.01,57,2,0,12685.2,4,4.08
1348,2025-11-01,173.8,13.8,0,0,5,0,11676.7,0,4.27
819,2025-10-01,105.6,0,0,0,3,1,4463.17,2,3.38
492,2025-10-01,184.3,8.3,16385.88,49,1,1,8564.97,6,2.23
456,2025-10-01,177.5,9.5,0,0,4,2,13269,8,3.53
201,2026-03-01,191.8,15.8,0,168,7,0,17450.71,10,4.85
388,2026-03-01,189.2,13.2,0,0,7,0,11724.49,6,4.07
426,2026-07-01,178.3,2.3,21435.02,59,3,1,7994.52,0,3.49
898,2026-03-01,181.1,13.1,0,145,4,1,10187.29,,3.88
650,2025-10-01,195.6,11.6,24094,67,2,0,8849.11,6,3.05
565,2025-09-01,158.3,6.3,0,0,5,3,8780.45,6,3.15
1113,2026-07-01,187.5,3.5,0,0,4,0,8274.93,0,4.52
1109,2026-04-01,174.9,6.9,0,0,3,1,8155.72,8,3.81
401,2025-11-01,156.8,12.8,0,0,2,2,10773.35,2,2.64
721,2026-06-01,166.9,6.9,0,0,3,2,13294.79,4,2.42
14,2025-09-01,190,14,0,108,3,0,11740.35,2,2.89
918,2026-03-01,185.4,9.4,24407.77,88,3,0,10147.17,10,3.73
581,2026-03-01,170.8,10.8,0,0,3,2,13051.19,10,3.22
1181,2026-02-01,165,5,0,0,3,0,7870.08,12,4.39
223,2026-04-01,184.7,8.7,0,82,4,0,9904.48,0,2.66
412,2026-05-01,154.8,10.8,18389.29,52,1,3,11461.48,8,3.01
275,2026-05-01,177.7,9.7,0,144,4,0,16464,8,4.4
1450,2025-12-01,197.4,21.4,0,0,5,1,10528.46,0,3.78
158,2025-11-01,182,22,0,150,3,0,14292.75,0,3.84
1154,2026-02-01,157.5,5.5,13831.72,39,2,1,7699.83,6,2.74
1143,2025-09-01,175.6,7.6,22760.78,61,2,1,9047.49,0,3.35
937,2025-11-01,161.1,9.1,0,0,4,1,7797.74,4,4.11
738,2026-04-01,174.7,14.7,,74,2,2,6727.01,0,3.61
1325,2026-02-01,164.3,4.3,15642.12,58,2,0,8425.44,6,3.44
15,2026-05-01,177.8,9.8,0,143,7,0,4632.13,2,4.6
1155,2026-04-01,186.1,10.1,0,103,4,0,9186.93,0,2.89
105,2025-09-01,173.4,5.4,28626.41,92,3,1,9864.91,4,4.22
1152,2025-10-01,197.6,13.6,0,132,6,0,12613.16,8,4
836,2026-04-01,188,12,0,0,3,0,8416.83,8,3.01
94,2025-11-01,174.7,14.7,27546.26,79,2,0,9603.47,6,2.88
432,2025-12-01,110.4,0,0,0,3,0,4046.33,6,3.52
589,2026-04-01,179.9,3.9,0,0,4,0,8449.87,6,3.6
272,2026-01-01,185,9,0,0,4,0,11221.5,8,4
1152,2026-01-01,178.8,2.8,0,100,4,0,11558.44,0,4.17
395,2026-06-01,91.2,0,0,56,1,3,7259,6,2.92
784,2026-05-01,158.9,6.9,22922.43,80,2,2,9634.54,2,3.68
1083,2026-06-01,185.9,9.9,0,0,4,0,8664.58,2,2.43
17,2026-06-01,184.4,8.4,0,0,6,0,5452.85,4,4.93
895,2025-09-01,105.6,0,0,0,3,0,3517.67,0,3.33
483,2026-04-01,100.8,0,0,0,3,1,5581.5,4,3.68
155,2026-08-01,57.4,1.4,0,0,1,0,2461.96,2,3.21
368,2026-01-01,187.2,11.2,0,80,4,0,12757.95,0,3.56
409,2026-05-01,183.2,15.2,27412.02,75,3,0,8581.96,8,3.63
1210,2025-10-01,110.4,0,18296.36,49,2,0,5276.5,2,3.73
1397,2026-05-01,161.3,9.3,0,124,4,2,9454.21,0,
752,2026-05-01,170.8,10.8,0,0,3,1,7403.83,2,3.24
97,2026-08-01,147.5,3.5,17874.45,60,1,3,8777.71,6,3.52
1287,2025-12-01,209,25,0,216,7,0,14517.9,0,3.54
276,2026-02-01,154.9,2.9,0,72,4,1,15104.96,8,3.39
808,2026-08-01,100.8,0,0,0,3,0,4188.67,8,3.69
1384,2026-01-01,182.3,6.3,20026.46,59,3,0,10066.97,8,3.64
1455,2025-12-01,110.4,0,0,97,3,0,7909.67,8,3.51
1371,2025-12-01,189.8,13.8,33028.26,90,1,1,10948.33,8,3.3
1387,2026-01-01,171.5,3.5,0,0,5,1,7971.17,2,4.05
1359,2025-10-01,191.6,7.6,32387.5,102,2,0,7628.07,,3.92
1357,2025-12-01,194.2,18.2,0,0,5,1,9567.32,4,4.01
1267,2026-02-01,160.6,8.6,0,91,6,1,14648.15,4,4.06
1144,2026-04-01,181.5,5.5,0,0,3,0,14261.1,8,3.11
1342,2026-04-01,185.3,9.3,,63,2,0,9919.35,4,3.14
423,2025-09-01,182.7,6.7,0,112,4,0,11240.16,2,3.78
18,2026-04-01,162.9,10.9,0,88,2,3,9234.3,8,2.87
768,2025-09-01,165.6,5.6,0,0,5,2,8623.42,0,3.09
745,2025-09-01,170.7,10.7,0,0,5,2,11607.92,0,3.49
384,2026-08-01,177,9,0,129,6,0,9588.68,6,3.84
1462,2026-02-01,160,0,17277.17,48,2,0,8468.83,4,3.14
1146,2026-01-01,176.5,0.5,0,0,3,0,9138.54,6,2.99
585,2026-02-01,165.4,5.4,0,0,5,0,11716.58,12,4
268,2026-01-01,164.7,4.7,21724.95,55,3,2,10982.22,6,4.23
347,2025-11-01,166.6,14.6,0,0,3,1,8061.63,4,2.56
585,2026-04-01,164.9,4.9,0,0,3,2,11668.15,2,3.64
281,2025-09-01,186.4,10.4,0,0,4,0,9552.4,4,3.02
440,2026-04-01,96,0,0,0,2,2,5368,6,3.36
1362,2026-07-01,163.9,3.9,0,0,3,3,7871.83,2,
1482,2026-08-01,158.6,14.6,0,85,3,3,12181.77,8,3.18
766,2025-09-01,179,11,38541.77,104,4,1,10555.46,2,4.65
695,2025-09-01,184.4,8.4,20649.14,78,2,0,6914.22,6,3.57
425,2025-10-01,196,12,0,0,3,0,9774.74,2,2.85
1443,2025-10-01,178.3,10.3,0,152,5,2,11272.18,8,3.96
943,2026-02-01,170.9,10.9,0,58,2,0,9045.16,,2.41
1012,2026-01-01,168,0,0,0,5,1,8987.33,0,3.24
1177,2026-07-01,185.4,1.4,15013.73,56,1,0,7439.55,4,2.56
963,2026-08-01,183.2,15.2,0,138,7,0,11503.97,4,4.46
94,2026-07-01,192.7,8.7,26691.56,65,1,0,9161.1,8,3.32
580,2026-08-01,100.8,0,0,0,4,0,4209,2,4.93
220,2025-12-01,195.8,19.8,38332.94,144,2,1,8848.15,6,4.14
745,2025-10-01,187.2,3.2,0,0,4,0,10918.37,0,3.38
1378,2026-08-01,170.6,2.6,0,0,5,0,8680.17,6,3.58
523,2026-08-01,167.8,7.8,0,78,3,1,17929.02,2,2.69
922,2025-09-01,105.6,0,0,0,1,0,5164.67,12,3.17
872,2025-12-01,185.2,17.2,0,0,4,2,10009.71,8,3.21
200,2026-04-01,95.1,7.1,12682.45,45,1,2,3826.8,4,3.7
1322,2025-10-01,195.7,11.7,0,125,4,0,13972.66,6,3.49
59,2026-06-01,185.4,9.4,0,0,7,0,8135.33,8,4.54
815,2026-02-01,163.8,3.8,22410.12,67,2,0,11173.06,6,4.45
891,2026-01-01,176,0,0,0,3,0,9366.67,4,3.73
1008,2025-09-01,176.5,8.5,0,0,3,1,13293.86,4,2.12
459,2026-02-01,96,0,0,47,2,0,7980.83,6,3.46
806,2025-10-01,197.1,13.1,0,0,5,0,9983.55,2,3.65
1464,2026-02-01,168.5,8.5,0,102,5,0,9441.05,4,3.6
903,2025-09-01,180.7,4.7,0,0,5,0,8083.25,2,3.66
19,2025-10-01,196.1,12.1,0,0,5,0,5727.93,8,3.07
27,2026-01-01,177.9,1.9,0,0,5,0,7337.02,0,3.53
536,2026-08-01,91.2,0,0,57,3,2,7533.5,4,3.76
340,2026-03-01,182.6,6.6,0,0,6,0,6394.67,8,3.88
985,2025-12-01,203.7,19.7,0,0,5,0,10483.8,6,2.91
1324,2025-11-01,168.1,16.1,0,129,4,1,13309.05,4,3.01
475,2025-10-01,181.3,13.3,0,0,5,2,8287.21,6,3.7
157,2026-03-01,96,0,12807.93,38,1,2,3975.17,10,3.41
482,2026-08-01,171.2,11.2,0,101,5,1,14475.36,6,3.25
1084,2025-10-01,197.2,13.2,30028.48,91,2,0,9107.72,2,3.51
98,2026-01-01,91.2,0,0,0,2,3,6222,0,2.84
631,2025-10-01,110.4,0,15531.96,57,1,0,5042.67,4,3.7
298,2025-10-01,194.6,10.6,27662.67,85,2,0,9700.76,0,3.17
1041,2026-07-01,172.2,4.2,23139.75,65,2,2,7701.95,0,3.81
1358,2025-09-01,173.8,13.8,0,108,3,2,15466.51,2,3.11
34,2026-07-01,172.3,4.3,0,0,5,2,7592.39,8,4.27
1202,2026-05-01,179.7,11.7,0,119,6,0,10389.93,2,3.3
135,2026-08-01,175.4,7.4,28121.5,77,2,0,9368.15,2,3.96
74,2026-02-01,171.9,11.9,0,83,3,0,23660.78,4,3.31
1100,2026-03-01,168.5,8.5,0,117,5,2,16306.27,6,3.48
1456,2025-09-01,165.6,5.6,0,0,3,2,10563.42,4,3.25
1259,2025-10-01,195.6,11.6,25895.19,61,2,0,10728.57,6,2.9
736,2025-09-01,178.9,10.9,0,120,3,1,12527.49,8,3.83
1301,2026-06-01,176.6,8.6,24873.68,78,2,1,8094.17,0,3.31
927,2026-04-01,166,6,0,0,4,2,8769.53,6,3.48
746,2026-03-01,182.5,14.5,0,165,5,1,10776.48,12,4.64
1300,2026-03-01,186.5,10.5,0,99,4,0,10669.03,4,3.41
468,2026-06-01,161.3,9.3,0,0,3,3,9073.52,4,3.15
393,2026-06-01,186.4,10.4,23937.61,73,3,0,9364.01,8,3.13
464,2026-04-01,181.9,5.9,0,0,4,0,6122.41,2,3.45
688,2026-08-01,172.4,4.4,19781.07,63,2,0,6775.53,6,3.22
1439,2026-07-01,190.4,6.4,0,0,3,0,8218.98,4,2.72
1415,2026-06-01,161,9,0,0,4,3,7572.32,6,3.2
1275,2026-04-01,163.1,3.1,0,0,3,2,6263.64,0,3.27
1129,2026-08-01,174.8,6.8,0,106,4,0,12347.38,0,3.06
12,2026-06-01,186.4,10.4,0,0,7,0,11524.93,4,4.67
305,2026-01-01,179.4,3.4,0,0,4,0,9670.4,4,3.34
737,2025-10-01,191.8,7.8,0,0,7,0,8747.45,6,4.12
395,2025-11-01,96,0,0,61,2,0,7259,8,3.27
1428,2025-09-01,180.7,12.7,0,96,4,1,13416.7,6,2.79
580,2026-06-01,105.6,0,0,0,3,0,4209,6,4.49
406,2026-06-01,184.3,8.3,0,0,6,0,9342.76,6,3.53
271,2026-07-01,191.8,7.8,0,130,7,0,11254.47,0,
704,2026-04-01,105.6,0,0,58,3,0,5408.67,0,3.05
217,2026-02-01,163.4,3.4,0,66,4,0,16462.71,4,3.05
145,2025-12-01,209.4,25.4,0,185,6,0,12847.83,2,3.17
660,2026-07-01,192.3,8.3,0,0,4,0,9011.74,8,4.14
472,2025-11-01,173.3,13.3,24770.09,63,2,0,8933.41,8,2.86
563,2026-04-01,185.4,9.4,0,132,4,0,11774.24,2,3.9
310,2025-10-01,192.1,8.1,0,0,5,0,11477.67,2,3.43
44,2026-05-01,169.3,9.3,0,0,4,1,11753.83,2,2.69
468,2026-03-01,182.6,6.6,0,0,4,0,8877.3,12,3.13
1030,2026-03-01,191.3,15.3,0,104,3,0,10626.29,4,3.05
661,2026-05-01,174.2,6.2,0,0,4,0,8601.85,0,4.1
536,2026-03-01,96,0,0,59,1,2,7533.5,10,3.66
514,2025-09-01,16.6,0.6,0,2,0,0,1285.77,3.3,3.39
900,2026-08-01,172.9,4.9,0,113,5,0,12420.59,0,4.25
318,2026-08-01,170.5,10.5,19987.68,53,2,1,8872.37,0,
470,2026-05-01,165.3,5.3,0,0,5,1,10983.85,6,4.27
600,2026-04-01,181.8,5.8,0,0,3,0,8231.93,2,3.06
1135,2026-05-01,76.8,0,0,0,1,3,6218.13,0,2.74
1165,2026-08-01,158.2,6.2,0,0,5,2,8751.82,6,
734,2026-02-01,164,4,0,0,4,0,7752.2,12,
168,2026-07-01,181.9,5.9,0,0,3,1,10087.35,8,3.34
306,2026-01-01,181.8,5.8,0,73,4,0,10687.63,8,3.18
59,2026-04-01,184.3,8.3,0,0,7,0,8063.71,8,4.27
1281,2026-05-01,153,9,0,0,4,3,9720.18,0,3.14
857,2026-01-01,180.8,4.8,0,105,6,0,11965.54,2,4.75
563,2026-05-01,169.3,9.3,0,134,4,1,11764.81,4,3.98
250,2025-09-01,179.5,3.5,25947.92,77,3,0,9343.34,6,3.9
1433,2025-09-01,184.9,8.9,18926.79,67,2,0,7478.64,2,3.16
1431,2026-07-01,182.1,6.1,0,0,3,1,8262.99,8,4.12
1407,2026-02-01,161.6,1.6,0,94,5,0,13368.74,10,3.75
1375,2025-12-01,194.2,18.2,0,0,7,1,12803.49,2,3.74
332,2026-05-01,176.6,8.6,0,0,4,0,8989.88,0,3.93
49,2026-04-01,178.1,10.1,19822.45,58,2,1,7959.8,4,2.62
191,2025-12-01,193,17,0,0,5,1,7300.62,6,3.8
1481,2025-11-01,176.1,16.1,0,134,3,0,14073.54,4,3.53
1374,2026-04-01,188.3,12.3,0,104,4,0,10045.21,0,3.34
835,2026-01-01,176,0,0,0,4,0,11061.33,8,2.93
594,2026-03-01,167.5,7.5,0,0,3,2,10241.89,10,2.52
1247,2025-09-01,187,11,24831.04,79,3,0,9052.31,4,4.15
116,2025-10-01,105.6,0,0,0,3,1,4524.17,4,3.45
1235,2026-04-01,185.5,9.5,0,0,4,0,10870.45,6,3.85
640,2025-09-01,184.8,8.8,0,0,4,0,10667.38,0,3.18
1045,2025-09-01,171,3,0,0,5,1,7812.53,6,3.83
1004,2026-01-01,164.3,4.3,0,0,4,2,6253.18,8,3.3
881,2026-03-01,105.6,0,0,79,2,0,8041.83,12,3.98
372,2026-03-01,184.7,8.7,0,0,6,0,10593.2,6,4.15
1133,2026-01-01,177.5,1.5,0,0,7,0,12368.66,4,4.49
1411,2026-06-01,156.6,4.6,28673.84,98,3,3,8044.82,0,4.52
887,2026-02-01,164.9,4.9,21044.51,49,2,0,10290.44,12,3.39
485,2026-02-01,160,0,0,0,4,0,7900,8,3.31
199,2026-02-01,171.8,11.8,0,101,5,0,14611.11,10,3.65
434,2026-01-01,182.7,6.7,0,0,5,0,10132.28,6,4.64
278,2026-01-01,181.1,5.1,0,0,5,0,11698.14,6,4.04
815,2026-08-01,178.1,10.1,32376.07,97,2,0,11762.81,8,4.63
888,2025-09-01,184.9,8.9,0,72,2,0,14541.2,16,
1046,2026-02-01,161.8,9.8,0,89,5,1,9790.39,12,3.75
823,2025-10-01,186.8,10.8,0,0,5,1,10105.22,0,4.64
551,2025-10-01,200.9,16.9,0,102,3,0,12436.81,4,2.29
599,2026-06-01,156.5,4.5,0,143,4,3,9971.08,6,4.15
1117,2026-08-01,180.6,12.6,0,105,3,0,12391.47,4,3.33
1140,2026-02-01,163,3,0,0,4,0,8042,10,3.39
19,2025-11-01,162.2,10.2,0,0,4,1,5642.68,0,3.47
1105,2025-10-01,105.6,0,0,71,2,1,6577.83,8,3.47
1293,2026-08-01,171.1,11.1,20871.15,57,2,1,12179.58,6,3.51
14,2025-11-01,167.3,15.3,0,112,2,1,11858.16,8,2.88
1257,2025-09-01,153.5,9.5,0,0,2,4,8383.89,2,1.91
829,2026-04-01,185.1,9.1,0,129,6,0,15354.21,6,3.92
975,2026-03-01,181.5,5.5,0,0,4,0,8286.14,6,3.5
1373,2026-02-01,162.7,2.7,0,0,3,0,10809.98,6,3.77
1443,2026-01-01,186.5,10.5,0,105,5,0,11290.09,2,4.21
1332,2025-12-01,198.5,14.5,0,0,3,0,13421.92,4,3.36
1336,2025-09-01,105.6,0,0,0,2,0,4636,0,3.87
424,2025-11-01,160.8,16.8,0,0,3,2,7720.47,0,3.85
787,2025-09-01,175.5,7.5,24698.72,66,2,1,12331.41,0,3.72
1133,2025-11-01,169,17,0,0,5,1,14006.47,2,4.3
1306,2026-03-01,146,2,0,0,3,4,8181.02,6,3.71
1151,2025-11-01,169.3,17.3,0,0,5,1,10741.95,0,3.64
1146,2026-04-01,178.8,10.8,0,0,5,1,9949.59,0,3.3
1029,2026-06-01,181.2,5.2,26428.69,96,2,0,10071.71,8,4.02
9,2025-11-01,166.6,14.6,32647.23,93,3,1,11680.21,,3.55
168,2026-06-01,184.1,8.1,0,0,3,0,10270.07,6,3.42
965,2026-02-01,91.2,0,10687.99,41,1,1,6242.33,4,4.2
478,2026-02-01,148.3,4.3,18209.58,46,1,2,8204,6,3.14
1058,2025-09-01,176.6,8.6,25661.55,82,2,1,9114.69,0,4.04
1481,2025-09-01,189.2,13.2,0,106,3,0,13763.54,2,3.44
214,2025-10-01,181.2,5.2,26608.38,70,2,1,9211.15,4,3.56
383,2026-06-01,180.3,12.3,0,0,4,1,8312.89,8,3.94
1421,2025-11-01,169,17,0,113,2,1,18049.1,6,2.87
134,2026-01-01,180,4,0,77,5,0,11728.23,8,3.02
70,2026-02-01,160,0,20841.11,49,2,0,14060.5,4,3.31
1249,2026-07-01,188.6,4.6,0,91,4,0,14887.88,2,2.96
1355,2026-02-01,145.6,1.6,13977.32,45,1,2,10575.43,6,3.28
170,2026-08-01,174,6,0,0,6,0,8245.5,6,4.04
1431,2026-04-01,177.5,9.5,0,0,6,1,8493.92,6,4.17
555,2025-10-01,110.4,0,16515.8,51,1,0,3863.33,0,3.54
1086,2025-09-01,185.5,9.5,0,0,5,0,7228.63,0,3.46
590,2025-12-01,196.7,12.7,0,0,6,0,6375.47,6,3.67
316,2026-03-01,182.9,6.9,0,0,6,0,14264.42,6,3.89
962,2025-09-01,180.1,4.1,23701.3,83,2,0,8611.4,4,3.73
766,2025-10-01,196.5,12.5,45251.55,114,4,0,10680.57,4,4.65
1114,2026-04-01,176,8,19199.68,72,2,1,10555.27,4,3.09
882,2025-11-01,86.4,0,0,83,2,2,6201.67,6,4.1
869,2026-05-01,181,13,0,162,7,0,15800.65,4,4.2
642,2026-02-01,161.1,9.1,0,77,3,1,9826.69,4,2.94
1294,2025-09-01,180.7,4.7,0,0,5,0,8950.83,2,3.19
1492,2026-06-01,182.3,6.3,0,0,6,0,12822.25,8,3.75
256,2026-04-01,105.6,0,0,0,4,0,6791.33,0,3.81
1033,2025-10-01,166.1,14.1,0,0,3,4,10414.77,8,2.69
1342,2026-02-01,164.4,4.4,17992.67,42,1,0,9530.07,8,3.12
1083,2026-02-01,168.7,8.7,0,0,2,0,8581.7,8,2.54
967,2026-05-01,178.1,10.1,0,158,6,0,13852.26,8,4.64
675,2025-11-01,169.5,17.5,0,157,5,1,16412.27,2,3.99
442,2026-03-01,185.4,9.4,20800.3,63,3,0,9399.6,10,3.43
1354,2026-06-01,184.4,8.4,0,0,5,0,8593.7,0,3.68
1215,2026-04-01,178.5,2.5,,54,1,0,7841.9,2,2.9
508,2026-05-01,167.8,7.8,19901.33,53,2,1,10983.15,0,2.73
572,2026-07-01,165.1,5.1,0,0,2,3,9161.06,6,3.28
1246,2025-12-01,190.7,14.7,33512.86,92,2,1,9190.91,0,3.06
672,2025-11-01,166,14,25999.26,74,1,1,10230.53,8,3.17
641,2025-12-01,202.7,18.7,58503.18,132,4,0,9378.65,6,4.39
385,2026-04-01,186.1,10.1,32497.76,91,3,0,8236.18,4,4.31
56,2025-09-01,186,10,27713.82,92,2,0,8505.79,2,4.08
517,2025-10-01,193.5,9.5,0,0,3,0,14336.24,0,2.45
1381,2025-12-01,193.1,17.1,0,0,4,1,8683.33,4,2.42
858,2026-05-01,100.8,0,0,65,2,0,10675,6,3.62
1024,2025-09-01,182,6,0,0,3,0,11186.5,2,3.7
1193,2026-05-01,96,0,16213.86,50,1,1,4097.17,4,3.95
9,2026-07-01,181.5,5.5,19172.55,64,2,1,10863.57,6,3.45
1415,2026-02-01,129.6,1.6,0,0,2,4,7122.44,12,3.49
592,2026-04-01,175.5,7.5,0,108,5,1,10571.3,4,3.9
1296,2025-11-01,86.4,0,14181.31,44,1,2,3873.5,2,3.33
597,2026-01-01,168,0,23635.88,82,3,1,5896.67,4,4.79
582,2025-10-01,197.1,13.1,34158.72,109,4,0,10062.78,6,4.23
654,2026-03-01,187.9,11.9,0,133,5,0,8391.85,6,4.16
301,2026-04-01,181.5,13.5,0,0,4,1,9242.49,6,3.06
1010,2026-05-01,96,0,0,0,2,1,6354.17,2,3.99
220,2026-05-01,173.1,5.1,34616.73,89,3,0,7887.22,0,4.68
458,2025-10-01,197.7,13.7,0,159,4,0,8808.64,0,3.89
727,2026-04-01,192.9,16.9,0,166,8,0,12247.87,0,4.34
1357,2026-04-01,184.8,8.8,0,0,5,0,8894.95,6,4.45
288,2025-12-01,199.7,15.7,0,0,8,0,12564.19,6,4.56
988,2026-01-01,179.3,3.3,13153.57,40,2,0,9609.99,8,2.56
723,2026-01-01,179.6,3.6,0,0,5,0,8323.82,6,3.13
1145,2026-04-01,183.1,7.1,30327.37,94,3,0,12431.61,6,4.43
816,2025-10-01,110.4,0,17693.96,49,1,0,5683.17,8,3.51
667,2025-09-01,184.2,8.2,0,0,6,0,9178.68,6,3.95
616,2025-10-01,197.1,13.1,0,93,2,0,10957,8,2.68
1126,2025-12-01,210.6,26.6,0,198,5,0,13782.66,0,3.12
1137,2026-03-01,181.8,5.8,28489.59,73,3,0,7463.19,12,3.94
1262,2026-07-01,179.5,3.5,0,0,5,1,5709.52,6,3.58
1488,2025-11-01,147.7,11.7,0,88,3,3,10580.26,4,3.01
229,2026-08-01,175.8,7.8,0,0,4,0,9593.98,2,4.03
1113,2026-06-01,175.6,7.6,0,0,5,1,8559.9,4,4.26
566,2025-10-01,188.2,12.2,0,143,5,1,17309.65,6,4.27
47,2026-07-01,182.2,6.2,0,0,4,1,8569.72,0,2.82
330,2025-11-01,161.1,17.1,20708.36,62,2,2,8188.93,8,2.77
795,2026-01-01,181.1,5.1,16134.01,46,2,0,8003.99,4,2.84
1364,2026-08-01,163.5,3.5,0,0,5,1,7615.03,2,3.3
1254,2026-07-01,184,0,0,0,5,0,7808,2,3.45
32,2026-07-01,164.6,12.6,0,80,3,4,9583.94,8,
931,2026-03-01,185.6,9.6,0,118,3,0,14050.4,10,3.42
425,2026-07-01,179.6,3.6,0,0,3,1,9131.04,8,2.25
1476,2026-02-01,170.1,10.1,0,93,5,0,13177.88,12,3.47
71,2026-01-01,178.3,2.3,0,0,4,0,13355.3,8,2.82
759,2025-12-01,203.5,19.5,0,0,4,0,6321.38,2,3.2
79,2026-07-01,195.1,11.1,0,160,7,0,20537.02,8,
1119,2026-08-01,172.6,4.6,21629.6,61,2,0,12294.51,2,3.44
1420,2026-02-01,164.7,4.7,0,0,1,0,11267.89,18,3.48
628,2026-03-01,190.1,14.1,0,96,4,0,19654.6,6,2.81
91,2025-11-01,163.7,11.7,22653.47,59,2,1,9135.97,6,2.77
1239,2026-04-01,186.4,10.4,0,0,6,0,8233.68,4,3.85
889,2025-09-01,185.9,9.9,0,0,4,0,10452.68,6,4.14
1157,2026-05-01,177.2,9.2,0,0,4,0,12172.48,4,2.75
388,2025-11-01,166.9,14.9,0,0,5,1,11879.3,0,
1119,2025-10-01,195.6,11.6,35096.23,74,2,0,13010.76,4,3.43
556,2026-07-01,110.4,0,0,48,2,0,7238.67,2,
512,2026-01-01,105.6,0,0,0,3,0,5063,8,4.4
1154,2026-07-01,189.7,5.7,23112.1,67,2,0,7712.55,0,3.09
470,2026-06-01,168.1,8.1,0,0,5,2,11238.33,6,4.45
1086,2026-03-01,187.1,11.1,0,0,6,0,7321.12,6,3.52
178,2026-04-01,187.3,11.3,0,151,4,0,10379.59,6,4.2
556,2025-10-01,100.8,0,0,59,3,2,7238.67,6,3
1156,2025-10-01,190.2,6.2,27978.16,87,2,0,9555.24,2,3.48
404,2025-11-01,174.6,14.6,42061.97,99,2,0,8616.55,8,4.08
15,2025-12-01,197.9,21.9,0,216,7,1,5079.25,6,4.05
957,2025-10-01,179.5,11.5,28593.85,69,2,2,7713.13,6,3.47
690,2026-07-01,179.3,3.3,0,0,5,1,7696.35,,3.89
589,2026-06-01,177.9,9.9,0,0,3,1,8874.29,4,3.28
779,2026-03-01,189.9,13.9,0,104,5,0,12300.77,10,3.59
1494,2026-01-01,178.5,2.5,11217.45,33,2,0,8568.96,2,2.29
129,2026-07-01,91.2,0,0,0,2,4,5093.5,8,3.72
1420,2026-06-01,168.5,8.5,0,0,4,2,11623.95,2,3.56
855,2026-02-01,148.2,4.2,0,72,3,2,14761.2,6,3.05
1044,2025-10-01,190,6,0,0,4,0,9058.28,8,4.04
1384,2026-06-01,168.8,8.8,25455.99,76,3,2,10273.5,2,3.59
176,2025-12-01,194.6,18.6,0,0,4,1,9607.73,4,2.62
1209,2025-11-01,154.9,10.9,0,0,3,2,7404.95,8,2.4
1436,2026-08-01,176.6,8.6,0,0,5,0,9612.51,4,3.95
884,2025-10-01,196.3,20.3,0,130,5,1,14116.11,8,3.64
414,2025-12-01,206.2,22.2,0,0,4,0,6685.78,6,2.68
239,2026-02-01,171.1,11.1,0,119,4,0,18430.94,6,4.25
878,2025-12-01,195.6,19.6,0,0,5,1,11974.33,4,2.86
983,2025-09-01,185.5,9.5,0,108,3,0,16470.72,,3.52
871,2026-03-01,172.4,12.4,0,0,6,2,9659.05,10,3.78
1500,2025-10-01,186.7,10.7,0,0,3,1,13407.43,6,3.47
721,2026-02-01,160,0,0,0,3,0,12545.67,4,2.54
615,2025-10-01,189.4,5.4,0,0,4,0,10152.24,6,3.26
547,2025-11-01,180.1,20.1,0,104,3,0,11553.16,6,2.73
256,2025-10-01,110.4,0,0,0,3,0,6791.33,6,3.56
721,2026-03-01,185.9,9.9,0,0,3,0,13620.49,10,2.66
1467,2025-11-01,179.1,19.1,0,0,4,0,9098.57,4,4.44
255,2026-08-01,165.6,5.6,0,0,3,1,6992.54,2,4.19
500,2026-03-01,157.8,5.8,0,0,3,3,10303.26,10,2.06
1233,2026-05-01,175.3,7.3,29162.28,84,3,0,8787.66,4,3.71
1233,2026-03-01,177.9,9.9,30215.85,82,3,1,8973.63,,4.21
1348,2026-02-01,163.4,3.4,0,0,3,0,10737.91,6,3.99
90,2026-05-01,172.9,12.9,19199.03,64,2,1,11572.86,2,2.69
359,2026-02-01,154.9,2.9,0,0,3,1,10182.11,10,3.87
534,2026-05-01,171.7,11.7,19001.45,75,2,1,9929.6,8,3.22
1361,2026-03-01,105.6,0,0,0,3,0,5286.67,6,4.15
478,2026-04-01,158,6,,62,1,3,8320.36,6,3.12
1406,2026-05-01,86.4,0,0,0,2,3,6771,4,3.96
1438,2025-10-01,173.8,5.8,0,0,4,2,8616.3,8,3.93
977,2025-09-01,181.4,5.4,21100.85,59,2,0,9205.12,2,2.92
368,2026-05-01,181.4,13.4,0,97,4,0,12979.38,6,3.29
907,2026-05-01,100.8,0,17348.6,50,2,0,6415.17,4,3.67
1237,2026-06-01,178.3,10.3,25853.55,81,2,1,8625.76,0,3.68
275,2025-11-01,160.2,16.2,0,124,4,2,17318.38,0,3.85
968,2026-01-01,168.7,0.7,0,0,5,1,8346.25,8,3.81
3,2025-11-01,143.4,15.4,0,0,3,4,9793.33,6,3.84
1037,2026-05-01,184.2,16.2,0,0,5,0,10131.37,2,3.28
1257,2026-08-01,170.2,10.2,0,0,3,1,8430.82,0,2.13
1116,2026-02-01,160,0,0,0,4,0,6862.5,10,2.89
1251,2025-12-01,207.9,23.9,0,0,5,0,10981.12,0,3.17
473,2026-05-01,174.6,6.6,0,0,3,0,9565.13,6,2.67
1249,2025-12-01,209.4,25.4,0,136,4,0,17465.11,0,2.77
1139,2026-08-01,149.8,13.8,18149.89,51,2,4,7434.83,0,3.27
800,2025-12-01,187.2,19.2,0,0,7,2,12934.78,2,4.25
176,2026-01-01,179,3,0,0,4,0,8490.52,8,2.73
539,2025-11-01,157.9,13.9,23208.4,76,2,2,12323.55,8,3.61
1085,2025-11-01,91.2,0,12567.71,38,1,1,5174.83,4,2.97
1118,2025-11-01,151.6,7.6,0,0,2,2,9535.08,8,3.66
246,2026-07-01,195.3,11.3,0,0,6,0,16439.93,2,4.28
322,2026-03-01,182.8,6.8,27487.2,80,2,0,11475.42,6,3.7
29,2026-08-01,167.3,7.3,0,0,5,1,5404.46,4,5
1374,2026-08-01,172.4,12.4,0,95,3,1,10053.06,2,3.05
243,2026-08-01,161.7,1.7,0,0,4,1,9573.47,2,3.58
947,2026-01-01,179.2,3.2,0,0,3,0,6927.16,8,3.04
128,2026-07-01,171.2,3.2,0,0,5,2,7648.09,8,4.36
1129,2025-10-01,199.8,15.8,0,129,5,0,13255.61,4,3.09
933,2025-10-01,195.8,11.8,27817.24,78,2,0,10924.72,0,3.09
171,2026-06-01,183,7,29706.37,101,3,0,8507.42,8,4.29
1075,2026-08-01,96,0,10386.84,32,1,1,3914.17,2,2.88
81,2025-10-01,192.1,16.1,0,0,5,1,14629.53,8,3.34
688,2025-12-01,185.8,17.8,31100.98,115,1,2,7532.41,6,
1285,2026-07-01,186.9,2.9,0,0,7,0,9556.8,2,
1126,2026-03-01,168.4,8.4,0,101,3,2,12018.09,6,3.18
661,2026-02-01,160.5,0.5,0,0,4,0,8199.16,8,3.61
1454,2026-06-01,183.7,15.7,0,118,5,1,14585.08,0,3.72
864,2026-03-01,165.3,13.3,0,98,5,3,11404.83,8,3.58
79,2026-03-01,182.5,6.5,0,141,5,0,19791.13,8,4.77
433,2026-02-01,143.1,7.1,15391.49,41,2,3,11158.24,4,2.82
364,2025-11-01,174.8,14.8,0,113,4,0,18304.18,2,2.76
262,2025-10-01,191.7,7.7,0,0,4,0,14715.47,4,3.55
660,2026-05-01,165.6,13.6,0,0,4,2,9397.37,8,3.91
769,2025-11-01,161.5,17.5,29870.55,97,2,2,9540.66,2,3.67
488,2026-05-01,165.7,5.7,0,0,5,1,12492.41,4,3.97
264,2026-03-01,183.9,7.9,0,0,5,0,8146.29,6,2.98
218,2025-09-01,183.3,7.3,0,115,3,0,15035.22,4,3.28
361,2025-10-01,167.3,7.3,21598.72,68,1,3,6723.15,2,2.79
986,2026-02-01,166.3,6.3,0,87,5,0,12103.95,8,3.25
648,2025-09-01,105.6,0,0,0,3,0,4361.5,6,3.63
267,2025-11-01,172.9,12.9,24728.25,72,2,0,9301.23,2,3.21
187,2026-06-01,105.6,0,0,0,3,0,5723.83,0,3.79
504,2025-09-01,178.8,2.8,0,0,3,0,7562.24,6,3.05
368,2026-04-01,180.2,12.2,0,126,5,1,12858.6,2,3.72
1152,2026-06-01,192.1,16.1,0,171,6,0,12857.3,0,4.07
1311,2026-04-01,185.6,9.6,0,123,5,0,13764.1,8,3.5
768,2025-12-01,200.2,16.2,0,0,6,0,9377.89,8,3.05
207,2026-02-01,144.2,0.2,11882.1,35,2,2,9369.52,8,3.04
712,2026-06-01,105.6,0,0,0,2,0,6455.83,2,3.42
788,2025-10-01,96,0,0,65,2,3,6689.67,0,3.06
1459,2026-07-01,184,0,0,0,5,0,7736.83,4,3.09
1,2026-02-01,162.6,2.6,0,0,3,0,4677.94,8,3.25
293,2026-01-01,100.8,0,0,54,3,1,6882.83,0,3.44
685,2025-09-01,166.5,6.5,0,0,3,2,8096.86,4,2.22
580,2025-11-01,91.2,0,0,0,3,1,4209,2,4.56
1017,2025-11-01,176.6,16.6,0,140,4,0,11394.6,2,3.03
117,2025-10-01,185.8,9.8,24725.47,70,2,1,9959.08,6,2.87
489,2025-09-01,183.5,7.5,23997.43,78,2,0,7242.94,0,3.89
506,2025-12-01,192.5,16.5,0,0,6,1,9457.34,8,3.51
1305,2026-05-01,174.4,6.4,33685.3,91,2,0,9023.71,6,4.29
268,2026-08-01,166.4,6.4,25251.22,60,2,1,11137.47,2,3.75
993,2026-07-01,181.9,5.9,0,112,4,1,10461.35,0,
618,2026-08-01,161.9,1.9,0,0,3,1,13764.66,6,2.98
471,2025-09-01,180.2,4.2,23245.5,80,2,0,9630.07,4,
1291,2026-01-01,172,4,15988.79,47,2,1,8593.69,2,3.36
914,2026-06-01,180.4,12.4,0,0,7,1,10694.75,8,
919,2026-04-01,168,0,0,0,5,1,9699,4,3.44
961,2026-08-01,173,5,0,0,7,0,10267.16,6,
1117,2026-01-01,166.9,6.9,0,76,4,2,11840.33,4,3.1
114,2026-04-01,184,8,0,0,6,0,9098.62,4,3.64
1233,2025-09-01,182.5,6.5,27849.38,70,3,0,8730.43,8,3.88
951,2026-05-01,173.6,5.6,21570.69,70,3,0,7482.87,0,3.38
596,2025-12-01,182.4,22.4,0,169,5,3,14771.26,4,3.27
1334,2025-12-01,171.1,19.1,0,158,6,4,14453.46,2,4
1286,2026-04-01,182.6,6.6,0,0,5,0,9124.49,2,3.44
1365,2025-11-01,175.4,15.4,36217.47,94,2,0,10392.46,2,3.46
826,2025-12-01,204,20,0,179,6,0,15432.61,8,3.91
613,2026-06-01,166.2,6.2,0,0,4,2,7884.14,6,3.64
1405,2025-10-01,189.6,5.6,0,0,6,0,8047.82,6,3.6
1000,2025-11-01,175.7,15.7,0,0,6,0,8850.28,2,4.59
874,2026-04-01,187.7,11.7,31312,82,3,0,10972.12,0,4.16
1092,2025-10-01,175.6,7.6,0,0,6,2,9145.01,2,3.68
685,2026-01-01,168,0,0,0,3,1,7665.67,2,2.25
580,2025-12-01,110.4,0,0,0,4,0,4209,2,4.36
787,2026-07-01,184.8,8.8,21691.51,66,3,1,12461.68,6,
646,2026-08-01,100.8,0,0,0,2,0,4229.33,4,2.75
1437,2026-05-01,170.1,10.1,18933.68,58,2,1,10657.28,2,3.04
1320,2026-08-01,172.1,4.1,20706.82,65,1,0,9558.87,0,3.31
1206,2026-02-01,158.6,6.6,0,0,5,1,12058.52,6,4.14
63,2025-11-01,177.5,17.5,0,0,3,0,32309.47,4,3.12
685,2026-07-01,190.8,6.8,0,0,3,0,8116.76,4,2.35
1287,2025-09-01,182.4,14.4,0,103,5,1,13423.03,2,3.26
1293,2026-07-01,187.4,3.4,22750.36,62,2,0,11439.12,2,3.44
1120,2025-11-01,161.7,9.7,34820.31,111,3,1,11284.56,2,4.64
397,2025-10-01,187.1,11.1,13727.61,45,2,1,7699.99,4,
1347,2025-11-01,173.2,13.2,0,0,4,0,14998.29,0,3.3
64,2026-05-01,184.5,16.5,0,118,4,0,26954.57,4,3.73
564,2026-04-01,162.2,10.2,17419.55,64,2,3,7980.64,4,2.98
171,2026-02-01,166.3,6.3,19562.53,77,2,0,8458.83,6,4.36
1363,2026-07-01,191.6,7.6,0,136,7,0,10477.75,8,4.39
1438,2026-08-01,171.8,3.8,0,0,6,0,8474.3,6,
449,2026-08-01,178.2,10.2,0,89,5,0,13796.9,2,3.04
1112,2025-11-01,177.9,17.9,0,168,6,0,15217.01,0,3.83
541,2025-12-01,207,23,0,0,6,0,9276.76,6,3.59
248,2025-10-01,192.1,16.1,28625.27,73,1,1,10621.76,6,3.18
898,2025-12-01,207.5,23.5,0,204,8,0,11010.79,0,3.86
1068,2026-01-01,182.7,6.7,20551.97,64,3,0,10992.77,8,3.93
1005,2026-04-01,179.3,3.3,0,0,6,0,8355.15,2,3.36
848,2026-01-01,91.2,0,8257.66,25,1,3,5063,2,2.84
52,2025-10-01,193.3,9.3,0,0,3,0,10984.89,4,3.2
816,2025-11-01,91.2,0,16361.52,52,1,1,5683.17,4,3.65
520,2026-02-01,165.8,5.8,0,0,3,0,10623.57,6,4.06
726,2026-06-01,87.4,7.4,0,0,2,1,3601.2,4,3.19
585,2026-01-01,178.2,2.2,0,0,5,0,11406.61,2,3.88
1424,2026-03-01,182.8,14.8,0,162,6,1,15047.04,12,4.48
709,2026-04-01,179.9,3.9,17887.15,51,2,0,9584.93,8,2.37
944,2025-11-01,176.6,16.6,0,0,4,0,12929.39,8,3.74
144,2026-08-01,96,0,0,0,2,1,4432.67,8,2.69
800,2026-07-01,190.5,6.5,0,0,7,0,11715.75,2,4.52
743,2026-07-01,192.8,8.8,0,129,4,0,10601.73,6,4.29
767,2025-12-01,202.2,18.2,0,0,4,0,7331.41,8,3.48
1444,2025-09-01,172.6,12.6,24199.74,60,2,2,11500.73,8,3.47
480,2025-10-01,193.5,9.5,0,0,5,0,14864.36,4,3.41
129,2026-06-01,100.8,0,0,0,2,1,5093.5,0,3.61
32,2026-03-01,167.7,7.7,0,77,3,2,9217.5,12,2.46
1425,2025-09-01,171.7,3.7,0,0,4,1,8309.82,0,2.99
876,2025-10-01,184.5,8.5,33821.27,89,2,1,9637.51,2,3.48
444,2026-02-01,170.7,10.7,0,91,6,0,18950.35,4,4.19
1477,2026-05-01,178,10,0,0,4,0,10339.5,6,3.63
752,2025-12-01,187.9,11.9,0,0,5,1,7468.28,4,3.22
428,2026-01-01,160.6,0.6,0,0,3,2,8737.63,6,4.03
1166,2026-02-01,161,9,0,83,5,1,12426.93,12,3.99
514,2025-11-01,178.1,18.1,0,76,2,0,15475,14,3.81
1482,2025-09-01,185.5,9.5,0,99,3,0,11704.44,6,3.21
1096,2026-01-01,153.2,9.2,0,81,3,4,13149.36,0,3.85
233,2025-09-01,180.2,4.2,0,0,5,0,9071.66,2,3.09
457,2026-03-01,183.2,7.2,0,0,3,0,6955.28,6,3.53
513,2026-05-01,186.7,18.7,0,92,4,0,12473.37,16,3.33
78,2026-07-01,190.2,6.2,0,0,6,0,15382.64,8,4.28
1415,2026-03-01,185.1,9.1,0,0,4,0,7578.4,10,3.26
1309,2026-05-01,180.6,12.6,0,0,3,0,9809.45,2,3.87
66,2026-04-01,180.3,12.3,0,0,2,1,13296.12,6,2.09
586,2025-10-01,192.7,8.7,22713.48,56,2,0,7084,2,2.52
622,2026-01-01,177.6,1.6,23742.86,56,3,0,8400.56,8,4.23
589,2025-09-01,180.1,4.1,0,0,4,0,8464.02,4,3.11
1431,2026-05-01,175.7,7.7,0,0,4,0,8371.66,0,4.29
1213,2025-12-01,200.5,16.5,0,0,7,0,10793.45,0,3.65
1123,2025-10-01,191.9,7.9,41387.97,133,4,0,8222.32,6,4.96
60,2025-10-01,196.9,12.9,28949.75,80,3,0,4859.7,8,3.77
675,2025-10-01,194.8,10.8,0,145,5,0,15585.84,0,4.19
264,2026-08-01,165.3,5.3,0,0,4,1,7974.72,8,2.78
210,2026-03-01,183.2,7.2,0,0,4,0,10195.32,4,3.27
371,2025-12-01,201.9,17.9,42806.41,131,2,0,6823.56,0,3.47
208,2026-05-01,175.5,7.5,0,0,5,0,6918.15,2,3.86
950,2026-05-01,179.6,11.6,0,147,7,0,9912.63,0,4.51
647,2026-08-01,175,7,0,0,5,0,9165.15,0,3.76
382,2025-12-01,213.1,29.1,0,214,7,0,12294.19,0,3.72
630,2026-07-01,177.8,1.8,0,0,5,1,8115.48,2,3.37
1459,2026-08-01,181.6,13.6,0,0,3,0,8647.4,4,2.98
284,2026-07-01,187.4,3.4,22989.5,74,3,0,5829.45,4,
1125,2026-03-01,177.8,9.8,19642.7,57,2,1,8988.54,6,2.79
1355,2026-04-01,172.7,4.7,,60,2,1,10855.26,8,3.31
22,2026-07-01,168,0,0,0,4,2,9556.67,8,3.75
1065,2025-10-01,175.2,7.2,20537.51,49,2,2,8402.5,16,3.26
36,2025-12-01,186.2,18.2,0,157,5,2,12709.35,0,2.97
1059,2025-11-01,179,19,0,0,5,0,9648.22,4,3.86
110,2026-06-01,189.7,13.7,29721.74,118,3,0,8074.12,0,4.21
56,2025-12-01,194,18,44314.76,145,4,1,9047.75,2,3.88
963,2025-09-01,183.8,7.8,0,146,6,0,10852.92,2,4.08
16,2026-04-01,174.4,6.4,0,0,6,1,9978.66,4,4.13
1326,2025-09-01,185.7,9.7,27192.9,78,2,0,7736.1,4,3.5
1138,2026-06-01,187.1,11.1,0,0,4,0,16024,2,3.47
938,2026-04-01,185.1,9.1,32335.49,73,3,0,10166.68,0,3.81
287,2026-08-01,86.4,0,0,28,2,3,5652.67,6,2.22
353,2026-06-01,191,15,0,0,5,0,7983.03,6,3.27
1280,2025-09-01,182.7,6.7,0,0,3,0,9476.16,6,2.77
303,2026-06-01,184.3,8.3,28399.17,82,2,0,9142.51,4,3.32
1288,2025-11-01,174.2,14.2,0,0,6,0,11792.72,4,3.88
350,2025-10-01,170.4,10.4,0,0,2,3,8133.94,16,3.65
1410,2026-08-01,167.8,7.8,24967.27,64,2,1,7119.51,2,3.65
793,2026-08-01,176.7,8.7,0,77,4,0,12845.22,8,3.09
185,2026-06-01,176.1,8.1,0,0,4,1,8627.29,0,3.61
476,2026-08-01,175.7,7.7,0,0,5,0,7894.52,8,3.12
320,2026-02-01,162.9,2.9,16270.6,56,2,0,7462.02,10,3.25
1194,2025-09-01,184.9,8.9,0,113,6,0,11256.29,8,3.36
467,2025-12-01,172.3,12.3,0,0,3,3,7592.96,8,
269,2025-12-01,194.6,26.6,0,141,5,2,17634.81,4,2.85
1379,2025-12-01,200.7,16.7,0,0,5,0,12054.84,0,3.32
334,2026-02-01,161.1,1.1,0,0,4,0,12367.45,4,4.57
248,2026-07-01,183.4,7.4,18150.2,49,2,1,9919.85,8,3.01
532,2026-04-01,184.9,8.9,0,0,4,0,11497.18,4,3.49
1432,2026-02-01,170.5,10.5,0,57,3,0,14084.89,4,2.63
860,2026-04-01,100.8,0,0,68,3,1,7431.83,2,4.06
481,2025-10-01,105.6,0,0,0,3,1,4595.33,8,3.42
78,2025-12-01,191.8,15.8,0,0,6,1,16595.51,6,4.27
781,2025-10-01,184.4,8.4,0,0,4,1,13424.92,6,2.83
655,2026-03-01,169.3,1.3,0,0,5,1,12697.09,4,4.17
1071,2026-07-01,195.6,11.6,20493.44,56,2,0,7942.94,0,3.04
1227,2026-01-01,168,0,0,0,4,1,7137,4,
1283,2026-03-01,186.4,10.4,0,144,4,0,10871.11,10,4.09
1416,2026-03-01,183.5,7.5,31403.03,84,3,0,8715.35,4,3.93
1388,2026-02-01,96,0,0,0,2,0,5713.67,10,3.53
748,2025-10-01,110.4,0,0,67,2,0,5683.17,8,3.42
119,2025-10-01,195.5,11.5,0,0,8,0,10225.53,0,4.34
1260,2026-06-01,185.4,9.4,0,0,3,0,9597.49,6,3.16
167,2025-10-01,189.8,5.8,0,0,4,0,8167.87,6,3.88
977,2025-12-01,202.3,18.3,39285.86,111,3,0,10186.86,4,3.32
1317,2026-08-01,165,5,0,0,3,1,7053.37,2,3.16
1027,2025-09-01,184.1,8.1,20571.52,80,3,0,7484.97,0,3.38
279,2025-09-01,159.2,15.2,0,58,3,4,13919.81,8,2.49
129,2026-01-01,105.6,0,0,0,2,0,5093.5,2,4.02
996,2026-05-01,180.1,12.1,0,0,5,0,10826.91,2,2.93
629,2026-01-01,174.9,6.9,0,55,3,1,10094.99,0,2.3
779,2026-06-01,188.6,12.6,0,124,6,0,12177.24,6,3.38
161,2026-03-01,181.9,13.9,25803.55,64,2,1,8508.03,4,3.24
988,2026-04-01,186.9,10.9,15829.32,44,2,0,10224.48,2,2.33
1121,2026-03-01,174.3,6.3,0,0,5,1,8426.66,10,3.48
130,2025-10-01,110.4,0,18011.67,56,2,0,6130.5,0,3.81
1291,2026-06-01,170.3,10.3,23181.01,71,1,2,9046.53,8,3.12
864,2025-12-01,202.6,26.6,0,199,7,1,12582,8,
884,2026-03-01,189.1,13.1,0,129,6,0,13367.99,6,3.84
905,2026-05-01,172.7,12.7,0,0,5,1,8395.31,4,3.98
728,2025-09-01,167.3,7.3,0,0,4,2,9263.25,0,2.99
1464,2026-01-01,183.6,7.6,0,77,4,0,9372.55,2,3.44
611,2026-01-01,168,0,0,0,6,1,8875.5,6,4.02
1378,2025-10-01,187.5,3.5,0,0,4,0,8746.29,2,3.18
586,2026-05-01,173.4,13.4,18679.7,46,2,1,7351.95,6,2.59
488,2025-11-01,166.8,14.8,0,0,6,1,13429.94,4,3.87
1015,2026-02-01,161,1,0,69,3,0,9413.77,8,3.16
620,2026-06-01,186.8,10.8,0,0,4,0,9849.54,6,3.52
1119,2025-11-01,153.3,17.3,27531.58,61,1,3,13594,4,3.08
1363,2026-06-01,181.9,5.9,0,133,7,0,10333.12,4,4.35
289,2026-04-01,181.5,5.5,0,0,5,0,7284.98,4,3.6
1436,2026-07-01,188.8,4.8,0,0,7,0,9318.3,6,4.34
1473,2026-04-01,184.8,8.8,0,0,6,0,11980.28,8,3.56
452,2025-12-01,185.2,17.2,0,0,4,2,12345.69,0,3.94
996,2025-09-01,180.4,4.4,0,0,5,0,10173.85,6,3.2
1023,2026-02-01,167.2,7.2,0,0,5,0,9136.91,4,3.81
1473,2026-05-01,169.3,9.3,0,0,6,1,12028.45,4,
906,2026-04-01,183.9,7.9,0,0,6,0,8483,8,3.62
770,2026-07-01,189.1,5.1,24606.88,73,2,0,8279.99,8,3.8
813,2026-02-01,52.2,4.2,0,0,1,1,3491.86,4,2.59
498,2025-12-01,100.8,0,0,85,2,2,5418.83,4,3.27
22,2025-09-01,186.5,10.5,0,0,4,0,10425.04,4,3.49
1193,2025-12-01,110.4,0,25486.73,73,1,0,4097.17,0,4.06
996,2025-12-01,202.4,18.4,0,0,5,0,11361.23,6,2.88
357,2026-06-01,173.4,5.4,0,0,4,1,6885.22,0,2.67
858,2025-09-01,100.8,0,0,65,3,1,10675,4,3.32
705,2026-03-01,132.1,4.1,15819.71,51,2,2,5788.83,6,3.66
500,2025-12-01,203,19,0,0,3,0,11423.96,8,
337,2026-07-01,105.6,0,0,0,2,1,5723.83,2,
577,2026-07-01,174,6,0,0,4,2,8748.14,6,2.5
165,2026-03-01,187.3,11.3,30241.28,72,2,0,8671.98,8,3.79
797,2025-12-01,206.8,22.8,0,137,5,0,13925.49,4,2.77
190,2025-10-01,110.4,0,0,0,3,0,6608.33,8,4.4
1203,2025-11-01,91.2,0,0,0,3,1,4890.17,0,3.03
371,2026-05-01,167.5,7.5,24705.99,88,3,1,6291.81,4,3.87
826,2026-02-01,170.1,10.1,0,101,3,0,14305.52,4,3.9
776,2026-03-01,100.8,0,0,0,2,1,7543.67,6,3.39
1457,2026-03-01,185.7,9.7,0,0,5,0,7090.79,8,3.96
479,2026-08-01,170.5,2.5,25310.3,65,2,0,6969.42,8,4.15
485,2026-07-01,187.4,3.4,0,0,5,0,8132.44,4,3.38
1097,2025-11-01,172,12,24181.28,83,2,0,5960.77,4,3.39
619,2026-07-01,166.2,6.2,0,106,4,3,10990.66,2,3.61
594,2025-11-01,165.1,13.1,0,0,3,1,10707.98,0,2.47
645,2025-11-01,146.9,10.9,33902.21,87,2,3,10825.26,0,3.86
393,2025-10-01,185.4,9.4,27452.68,74,2,1,9289.66,0,2.87
305,2026-05-01,175.4,7.4,0,0,3,0,9995.58,8,3.75
491,2025-10-01,182.2,6.2,0,0,4,1,9201.73,4,3.13
375,2026-03-01,183.1,7.1,22271.88,64,3,0,6625.88,8,3.41
1234,2026-02-01,161.8,1.8,15343.91,53,2,0,9653.9,4,3.43
470,2025-09-01,185.5,9.5,0,0,7,0,11365.57,0,4.4
1245,2026-07-01,185.2,1.2,11462.06,38,1,0,8156.16,2,
936,2026-01-01,105.6,0,0,0,2,0,5002,8,3.69
1089,2026-06-01,183.4,15.4,0,132,6,1,11106.79,2,3.93
242,2026-01-01,184.2,8.2,0,0,3,0,6946.61,8,3.55
1415,2026-08-01,169.9,9.9,0,0,3,1,7627.03,4,3.59
559,2026-03-01,186,10,0,109,5,0,12548.79,8,3.53
553,2026-07-01,177.2,9.2,0,0,6,2,7968.64,4,3.57
270,2026-04-01,173,5,0,0,3,1,8304.94,0,3.36
601,2026-07-01,195,11,0,0,6,0,8284.03,4,3.46
1425,2025-10-01,191.6,7.6,0,0,4,0,8581.57,4,3.29
747,2025-12-01,195.7,19.7,0,0,4,1,9293.81,0,3.43
501,2026-01-01,163.7,3.7,0,0,5,2,7166.17,8,4.48
319,2026-02-01,164.4,4.4,0,0,3,0,9034.04,10,3.39
781,2026-03-01,183.6,7.6,0,0,3,0,13338.28,10,2.98
703,2026-06-01,105.6,0,11968.57,38,1,0,3812.5,4,2.75
1342,2026-06-01,166.5,6.5,22799.92,63,2,2,9696.9,0,3.13
787,2026-08-01,178.5,10.5,26109.7,71,2,0,12632.04,6,3.63
879,2025-10-01,188.6,12.6,0,139,5,1,14330.81,8,3.62
1182,2026-02-01,166.5,6.5,0,0,6,0,8386.8,6,4.23
1075,2026-01-01,96,0,7285.48,18,1,2,3914.17,2,2.51
858,2025-10-01,105.6,0,0,60,3,1,10675,6,3.48
785,2025-12-01,188.4,12.4,48683.79,156,3,1,14826.3,4,4.7
55,2026-07-01,196,12,0,105,6,0,5050.1,2,3.17
1486,2025-11-01,171,11,0,0,3,0,8696.01,2,3.24
615,2025-11-01,175.3,15.3,0,0,4,0,10983.18,0,3.7
515,2026-08-01,100.8,0,15249.53,37,1,0,5368,2,3.57
1368,2026-03-01,180.5,4.5,0,0,3,0,6337.55,10,3.26
1306,2026-06-01,181.9,5.9,0,0,4,0,8452.43,2,3.87
442,2026-02-01,165.3,5.3,16804.4,67,2,0,9091.18,6,3.8
1464,2025-12-01,208.1,24.1,0,191,4,0,10628.26,0,3.26
1381,2025-09-01,181.3,5.3,0,0,2,0,7910.93,6,2.18
1130,2026-06-01,175,7,0,0,4,1,11116.79,,3.33
1367,2026-08-01,157.6,5.6,0,0,3,2,11288.26,0,3.32
162,2025-09-01,179.3,3.3,0,0,6,0,11073.97,8,3.82
79,2026-06-01,173.6,13.6,0,135,6,2,20942.39,2,4.6
148,2026-07-01,193.6,9.6,0,108,4,0,9921.17,8,3.23
224,2026-04-01,178.9,10.9,0,124,4,1,12950.26,0,3.59
982,2025-12-01,193.2,17.2,33095.53,99,3,1,9752.75,0,3.23
1324,2026-01-01,180.8,12.8,0,69,3,1,12975.45,2,2.8
1099,2026-03-01,165,5,0,0,4,2,8856.49,8,3.27
953,2026-01-01,187,11,0,79,3,0,10399.58,8,2.85
279,2026-07-01,194.6,10.6,0,96,5,0,13430.11,6,3.1
68,2025-11-01,172.7,12.7,0,0,3,0,18765.33,8,2.98
702,2025-11-01,162.2,18.2,0,120,3,2,14921.72,6,3.43
1050,2025-11-01,177.2,25.2,0,152,5,1,15244.44,8,3.72
1078,2026-05-01,170.8,10.8,22224.63,60,2,1,8837.9,2,3.3
915,2026-03-01,182.3,14.3,0,0,3,1,8225.85,8,3.46
1034,2025-09-01,186.5,10.5,28496.47,79,2,0,6609.92,8,4.4
991,2026-06-01,178.9,10.9,0,0,4,1,11147.91,6,3.37
1208,2025-10-01,189.9,5.9,37168.88,107,3,0,8676.83,8,4.31
743,2026-01-01,188.3,12.3,0,120,4,0,10900.12,2,
633,2026-02-01,152,0,18818.66,45,2,1,8163.83,6,3.57
298,2026-06-01,181,13,21577.33,76,3,1,9885.3,4,3.28
781,2026-02-01,160,8,0,0,4,1,13381.6,,3.01
1420,2026-07-01,188.3,4.3,0,0,5,0,11230.41,0,3.64
687,2025-10-01,181.9,5.9,22080.83,65,2,1,11027.7,2,2.64
221,2026-05-01,176.9,8.9,0,0,4,0,8737.86,8,2.59
606,2026-06-01,91.2,0,0,0,4,3,6028.83,0,5
120,2025-10-01,175.9,7.9,25457.04,71,2,2,8580.75,6,3.4
1390,2026-01-01,179.1,3.1,0,0,6,0,9583.38,0,3.63
1449,2026-01-01,176,0,0,0,4,0,9983.67,0,4.28
1402,2026-06-01,180.5,12.5,18548.87,52,1,1,8697.68,8,2.66
81,2025-09-01,181.8,5.8,0,0,5,0,13484.99,8,
251,2026-07-01,181.8,5.8,23445.93,72,2,1,9288.95,8,3.7
28,2026-06-01,183.8,7.8,0,0,5,0,12046.74,8,4.94
1345,2026-05-01,162.7,2.7,0,0,4,1,8115.29,2,3.18
516,2025-10-01,197,13,0,0,2,0,6175.49,0,2.15
149,2025-12-01,203.5,19.5,35886.85,97,2,0,8068.08,2,2.83
1087,2026-05-01,150.4,14.4,0,77,3,4,14211.95,8,2.77
47,2026-04-01,183.3,7.3,0,0,3,0,8647.14,0,2.79
695,2026-01-01,179.8,3.8,20407.01,61,2,0,6657.63,0,3.45
1415,2026-07-01,192.6,8.6,0,0,5,0,7548,6,3.69
400,2025-12-01,175.5,23.5,0,171,3,4,11231.01,2,3.27
279,2026-03-01,188.6,12.6,0,99,4,0,13643.02,8,3.2
153,2026-03-01,157.8,5.8,0,0,5,3,6833.25,12,3.92
99,2026-07-01,110.4,0,16529.82,51,1,0,6923.5,2,4.27
1045,2025-11-01,166.1,14.1,0,0,4,1,8543.99,2,3.51
216,2026-03-01,183.1,7.1,0,0,5,0,9388.46,12,4.05
488,2025-10-01,190.6,6.6,0,0,7,0,12585.13,4,3.95
1260,2026-01-01,173.8,5.8,0,0,4,1,9320.98,8,2.81
693,2026-04-01,177.1,9.1,29039.53,84,3,1,7710.01,6,4.26
1381,2026-02-01,160,0,0,0,3,0,7564,8,
989,2026-08-01,158.8,6.8,23462.74,67,2,2,9322.43,0,3.56
852,2026-02-01,154.5,2.5,12928.72,41,1,1,10812.47,12,2.78
401,2025-10-01,192.4,8.4,0,0,3,0,10404.04,2,2.87
1211,2026-07-01,182.5,6.5,0,0,5,1,10029.8,6,3.65
18,2026-03-01,186.9,10.9,0,106,4,0,9234.3,10,3.05
635,2026-06-01,185.2,9.2,25136.01,60,2,0,8609.93,0,2.91
458,2026-02-01,152.4,8.4,0,94,3,2,8447.45,4,3.91
217,2025-09-01,179.8,11.8,0,98,3,1,17625.21,2,2.97
1118,2026-03-01,185.6,9.6,0,0,5,0,9689.93,6,4.01
191,2026-06-01,185.1,9.1,0,0,4,0,6865.52,0,3.89
427,2026-05-01,176.6,8.6,0,0,4,0,7711.85,2,3.4
1456,2026-05-01,176.3,8.3,0,0,4,0,10798.83,4,
530,2026-03-01,183.9,7.9,25063.55,72,2,0,11144.12,4,3.47
539,2026-06-01,186.4,10.4,30749.98,88,3,0,11990.36,4,3.88
82,2026-05-01,179.2,11.2,0,0,4,0,17341.44,4,3.48
1244,2025-09-01,105.6,0,0,53,1,0,9861.67,2,2.5
1097,2025-12-01,200.7,16.7,30993.66,119,2,0,6180.4,6,3.31
196,2025-10-01,110.4,0,16353.68,55,2,0,5032.5,4,3.52
29,2026-02-01,147.8,3.8,0,0,5,2,5250.5,12,5
1093,2025-12-01,208.3,24.3,0,193,6,0,12435.71,4,3.32
658,2025-09-01,174.3,6.3,21628.02,72,3,1,11610.78,6,3.41
453,2025-10-01,197.4,13.4,0,124,4,0,15690.98,4,3.17
392,2025-11-01,141.4,13.4,0,0,4,4,8679.39,4,3.02
255,2025-09-01,185.1,9.1,0,0,6,0,7194.54,4,4.12
114,2025-09-01,176,0,0,0,3,0,8509.5,0,3.49
256,2026-03-01,91.2,0,0,0,1,3,6791.33,12,3.48
176,2026-05-01,172.3,4.3,0,0,3,0,8583.62,6,2.72
1422,2026-01-01,172.6,4.6,0,0,5,1,7801.68,2,4.39
418,2025-10-01,186.1,2.1,0,0,5,0,9285.23,2,3.4
1430,2026-04-01,179.6,11.6,0,93,4,1,10068.52,2,3.01
348,2025-10-01,110.4,0,0,84,2,0,7808,6,3.58
201,2026-01-01,169.5,9.5,0,115,5,2,16613.75,6,4.74
132,2026-06-01,163.1,11.1,23833.45,83,3,3,7833.71,0,3.71
394,2025-11-01,168,16,0,0,4,1,8935.41,,3.89
100,2026-01-01,178.6,2.6,12828.45,32,1,0,8867.29,0,2.19
994,2025-10-01,198.3,14.3,0,0,4,0,10705.03,4,3.79
868,2026-07-01,172.9,4.9,23702.73,78,2,2,7545.61,2,3.96
555,2025-11-01,96,0,16256.39,56,2,0,3863.33,0,3.63
1428,2026-05-01,175.5,7.5,0,90,3,0,12872.74,8,3.14
857,2025-10-01,203,19,0,209,9,0,13377.28,0,4.67
303,2025-09-01,185.3,9.3,21365.14,63,3,0,9216.32,0,3.15
1402,2026-05-01,179.7,11.7,18825.75,58,2,0,8643.34,8,2.94
1046,2026-01-01,180.2,4.2,0,82,4,0,9353.02,6,3.94
780,2026-08-01,170.6,2.6,0,0,7,0,11164.68,2,
95,2026-03-01,181.7,5.7,0,0,4,0,6411.56,12,3.22
252,2026-02-01,156.1,4.1,0,0,4,1,6853.33,8,2.91
925,2026-07-01,177.5,9.5,21719.9,71,2,2,8251.86,2,3.65
1450,2026-04-01,186,10,0,0,4,0,9652.08,2,3.28
382,2026-03-01,184.2,8.2,0,111,3,0,10517.91,8,3.7
1186,2026-02-01,169.3,9.3,0,0,2,0,10062.16,8,2.4
48,2026-04-01,185.8,9.8,0,0,4,0,6948.19,8,4.25
88,2025-11-01,155.6,11.6,0,0,4,2,14442.73,2,3.84
426,2026-02-01,137.9,1.9,14068.88,39,2,3,7967.38,8,3.4
1270,2025-12-01,208,24,0,244,6,0,16796.58,0,4.24
97,2025-12-01,195.6,19.6,39191.99,132,3,1,9964.73,4,3.65
451,2026-03-01,183.5,7.5,0,0,6,0,6939.8,12,3.7
749,2026-07-01,181.7,5.7,27068.12,89,3,1,8161.14,2,4.15
1295,2026-06-01,182.1,14.1,0,132,5,1,13654.41,0,3.52
217,2026-08-01,179.6,11.6,0,101,5,0,17597.53,2,3.38
792,2026-05-01,179.1,11.1,25038.95,70,3,0,12391.3,0,3.28
1383,2026-03-01,96,0,10627.15,44,1,2,4493.67,12,3.75
760,2026-03-01,105.6,0,0,0,2,0,5246,12,2.81
1386,2026-06-01,187.2,11.2,25775.75,85,1,0,8007.17,2,3.11
1124,2026-04-01,179.3,11.3,24074.96,67,2,1,10100.57,8,3.84
664,2026-03-01,190,14,0,0,4,0,8833.76,12,3.72
74,2025-12-01,201.7,17.7,0,182,6,0,24737.48,2,3.24
1116,2026-07-01,179.5,3.5,0,0,4,1,7070.35,2,2.68
969,2026-05-01,169.3,9.3,22947.5,55,2,1,10545.49,8,3.17
1213,2026-02-01,164.3,4.3,0,0,5,0,9796.29,10,3.74
1385,2025-11-01,167.2,15.2,33992.36,99,2,1,14092.37,4,3.64
1296,2025-10-01,105.6,0,17473.4,51,1,1,3873.5,0,3.44
763,2026-03-01,166.5,6.5,0,115,4,2,13101.02,8,
960,2026-08-01,180.3,12.3,0,132,6,0,11968.76,8,4.11
1396,2025-12-01,200.3,16.3,0,0,6,0,12215.59,6,3.47
181,2026-07-01,182.3,6.3,19559.48,51,2,1,12007.46,2,2.98
604,2026-08-01,170.2,10.2,0,113,5,1,13453.91,4,3.78
48,2025-11-01,169.1,9.1,0,0,6,0,6909.39,4,4.25
520,2026-01-01,176,0,0,0,5,0,10115.83,2,4.01
707,2026-03-01,153.9,1.9,0,0,3,3,9290.11,6,3.55
39,2025-11-01,166.2,6.2,0,0,4,0,8034.11,8,2.53
1216,2025-11-01,166.5,14.5,0,0,5,1,7368.9,0,3.66
575,2025-11-01,173.2,13.2,0,0,4,0,11146.76,6,3.74
1204,2025-09-01,183.9,7.9,28967.99,100,3,0,7016.67,4,4.27
678,2025-12-01,110.4,0,24410.84,69,2,0,6771,0,4.16
995,2025-09-01,184.6,8.6,0,110,4,0,9743.58,4,3.96
878,2026-08-01,172.2,4.2,0,0,2,0,10609.94,8,3.02
764,2025-09-01,182.4,6.4,0,120,5,0,13122.48,4,3.3
354,2026-03-01,186.7,10.7,0,108,6,0,10863.68,4,3.47
613,2026-08-01,175.3,7.3,0,0,3,0,7955.37,0,3.44
185,2026-08-01,75.8,3.8,0,0,2,1,4104.25,2,4.02
988,2026-03-01,184.8,8.8,19610.6,56,2,0,10054.68,6,3.04
961,2026-01-01,169.6,1.6,0,0,4,1,9977.6,8,4.37
178,2026-02-01,149,5,0,86,3,2,9864.11,8,3.89
534,2026-03-01,183.5,7.5,21869.7,69,2,0,9601.88,4,3.35
249,2026-02-01,96,0,0,52,2,0,5754.33,4,3.68
809,2025-09-01,181.7,5.7,0,0,4,0,6123.52,6,3.98
702,2026-06-01,176.8,16.8,0,103,3,2,14765.53,8,3.47
1376,2026-05-01,175.9,7.9,0,0,4,0,9210.73,0,2.77
725,2025-11-01,180.6,20.6,0,0,3,0,11260.33,4,3.41
241,2025-11-01,166.5,14.5,0,0,5,1,11728.45,0,4.06
1292,2026-01-01,180.3,4.3,0,0,5,0,9975.55,2,
967,2026-01-01,165.2,5.2,0,84,4,2,13312.08,2,
1163,2025-10-01,191.2,15.2,0,0,4,1,7443.07,8,
56,2026-05-01,163.7,3.7,28586.79,92,3,1,8078.99,4,4.62
245,2025-09-01,173.9,5.9,0,0,4,1,8292.14,2,3.61
164,2026-02-01,171.3,11.3,0,0,4,0,9475.56,12,3.79
1479,2026-04-01,184.9,8.9,0,0,3,0,10741.65,6,2.82
827,2026-07-01,189.4,5.4,27532.03,86,3,0,8885.87,0,
862,2026-06-01,181.1,13.1,0,0,1,1,8480.13,12,
524,2026-01-01,177.9,1.9,0,86,5,0,11077.87,0,3.26
707,2026-05-01,166,6,0,0,3,1,9614.4,6,
1297,2026-06-01,184.6,8.6,0,0,4,0,10606.53,0,4.39
1134,2026-03-01,184.9,8.9,24431.18,69,2,0,7413.48,8,2.93
5,2026-01-01,187.7,11.7,0,0,6,0,8620.95,0,3.44
1224,2026-07-01,186.9,2.9,0,0,6,0,13881.85,8,3.43
1015,2026-06-01,188.2,12.2,0,117,3,0,10318.35,2,3.11
391,2025-09-01,185.8,9.8,0,0,6,0,8690.76,0,4.04
65,2026-02-01,160,0,20668.19,57,2,0,20079.17,12,4.01
1167,2026-08-01,159.8,7.8,0,0,4,2,11699.44,6,
87,2026-08-01,156.2,4.2,0,0,2,2,13286.13,4,2.87
1108,2026-01-01,185,9,0,0,4,0,9183.22,4,3.99
254,2026-05-01,91.2,0,0,0,2,2,4646.17,6,3.6
969,2026-04-01,179.5,3.5,26192.03,73,2,0,10055.62,2,3.54
602,2025-10-01,187.7,11.7,0,0,6,1,7042.31,2,4.59
791,2025-10-01,190.6,6.6,0,0,4,0,6369.12,6,2.86
1142,2025-11-01,91.2,0,0,67,2,1,5874.3,8,3.2
1307,2025-11-01,176.3,16.3,0,0,3,0,15429,0,3.15
290,2026-06-01,100.8,0,0,0,2,1,6069.5,0,3.87
635,2026-05-01,180,12,24307.11,64,2,0,8803.17,6,3.07
206,2026-04-01,96,0,0,0,3,2,4148,6,4.2
572,2025-12-01,203.2,19.2,0,0,5,0,10231.64,6,3.43
55,2026-08-01,158.1,6.1,0,82,4,2,4816.51,2,3.13
1475,2026-01-01,178.4,2.4,19589.23,55,3,0,7835.25,0,3.77
688,2025-09-01,162.5,10.5,18520.68,54,2,3,7120.08,6,3.12
295,2025-11-01,177.1,17.1,0,167,6,0,14180.43,0,3.74
1081,2026-08-01,172.5,4.5,0,0,5,0,7404.37,2,3.84
1447,2026-06-01,184.7,8.7,0,122,5,0,14211.73,4,3.39
1495,2026-06-01,171.8,11.8,0,0,5,2,11933.15,2,
1295,2026-03-01,177.2,17.2,0,116,4,2,13980.88,12,3.52
760,2025-10-01,110.4,0,0,0,3,0,5246,0,2.86
1000,2026-02-01,156.8,4.8,0,0,5,1,8115.32,6,4.55
1380,2025-12-01,200.5,24.5,0,239,7,1,14380,6,4.19
234,2026-05-01,100.8,0,0,71,2,0,5337.5,6,3.67
1447,2026-01-01,173.2,5.2,0,82,2,1,13811.42,8,3.24
565,2025-10-01,196.3,12.3,0,0,3,0,9212.79,6,3.21
401,2026-05-01,176,8,0,0,3,0,10370.47,4,2.92
846,2026-08-01,170.4,10.4,0,126,4,1,13719.1,8,3.99
1426,2026-08-01,167.2,7.2,0,0,5,1,9190.91,4,3.52
907,2025-12-01,110.4,0,28017.7,70,2,0,6415.17,0,3.63
1335,2026-01-01,177.8,1.8,0,0,4,0,9953.33,2,4.27
1374,2026-06-01,187.4,11.4,0,109,3,0,9974.5,4,3.28
216,2025-11-01,165.3,21.3,0,0,3,2,10475.37,8,3.4
873,2026-06-01,178.7,10.7,0,0,4,1,10597.09,8,3.83
93,2025-10-01,195.8,11.8,0,0,6,0,10857.49,4,3.39
1194,2026-02-01,157.4,5.4,0,67,3,1,10939.73,12,3.25
259,2026-04-01,158.9,6.9,0,0,3,3,9297.73,4,3.33
233,2026-01-01,168,0,0,0,4,1,8753.5,4,2.99
320,2026-03-01,178.3,2.3,20037.93,57,2,0,7424.22,4,
229,2026-03-01,179.4,11.4,0,0,3,1,9873.97,8,3.6
1107,2026-05-01,8.2,0.2,0,0,0,0,416.43,1.6,3.2
33,2026-08-01,182.3,14.3,0,98,3,0,7883.11,8,2.82
1056,2026-06-01,172.2,4.2,0,0,3,1,9925.09,6,2.79
1142,2026-03-01,105.6,0,0,64,2,0,5874.3,6,3.04
708,2025-10-01,183.8,7.8,0,0,6,1,6544.31,6,4.38
668,2026-07-01,160,0,21331.52,62,1,3,7381,4,3.55
585,2026-02-01,165.4,5.4,0,0,5,0,11716.58,12,4
337,2026-06-01,105.6,0,0,0,2,0,5723.83,2,3.14
626,2026-06-01,164.7,12.7,27004.14,87,2,3,9410.87,0,4.31
1105,2025-12-01,110.4,0,0,88,2,0,6577.83,4,3.23
806,2026-01-01,154.6,2.6,0,0,5,3,9168.76,2,3.55
123,2026-07-01,172.8,4.8,19465.51,60,2,2,6438.1,0,2.93
569,2026-01-01,158.7,6.7,0,64,5,3,9548.87,4,3.12
659,2026-08-01,96,0,0,45,2,1,7767.33,8,2.91
25,2025-09-01,173.9,5.9,0,0,4,1,9296.61,6,3.55
456,2026-07-01,176.9,0.9,0,0,6,1,12356.49,6,3.92
496,2026-07-01,96,0,0,53,3,3,7604.67,2,3.57
1072,2026-01-01,152.2,0.2,0,0,5,3,9015.58,8,3.38
334,2026-04-01,185.4,9.4,0,0,7,0,13247.39,2,4.46
1315,2025-12-01,187.2,19.2,0,0,6,2,13693.56,,3.67
1247,2026-06-01,188.2,12.2,38234.55,98,3,0,9138.15,2,4.45
1321,2026-07-01,181.7,5.7,0,0,6,1,10764.17,0,4.52
1109,2025-12-01,204.9,20.9,0,0,4,0,9088.14,8,3.57
298,2025-11-01,176.5,16.5,25327.84,90,2,0,10154.44,8,3.34
129,2025-12-01,91.2,0,0,0,3,4,5093.5,6,3.87
1390,2025-10-01,196.2,12.2,0,0,5,0,10318.35,8,3.64
1234,2025-12-01,202.5,18.5,39479.46,105,2,0,11027.68,4,3.55
261,2026-07-01,110.4,0,17252.97,52,1,0,5083.33,0,4.08
1297,2025-10-01,185.8,9.8,0,0,4,1,10709.04,,4.52
1191,2026-02-01,167.3,7.3,0,69,4,0,17596.93,12,3.14
930,2026-07-01,183,7,0,0,6,1,7849.68,8,4.62
1471,2025-11-01,175,15,31643.29,91,2,0,8339.11,6,4.01
850,2026-04-01,188.5,12.5,0,79,4,0,13429.58,2,2.6
1324,2026-05-01,178.9,10.9,0,91,5,0,12783.38,2,2.91
676,2026-08-01,157.5,5.5,0,0,5,2,8232.88,4,3.58
1022,2026-04-01,161.9,1.9,0,0,4,2,8825.09,6,3.64
519,2025-10-01,199.4,15.4,0,127,4,0,12662.21,2,3.33
1420,2025-12-01,103,7,0,0,0,0,6305.03,12,3.73
1230,2026-03-01,184.8,8.8,0,0,4,0,6126.9,6,3.38
1029,2025-09-01,180.5,4.5,26798.14,82,2,0,10013.33,4,3.69
131,2026-01-01,168,0,0,0,3,1,6323.67,4,2.57
1176,2026-07-01,188.5,4.5,0,0,3,0,7911.37,8,3.18
820,2025-12-01,179,19,27897.76,101,2,3,7597.86,8,3.09
1228,2025-11-01,165.5,13.5,0,0,5,1,9492.28,4,4
19,2026-04-01,185,9,0,0,5,0,5588.83,6,3.34
382,2026-07-01,191.5,7.5,0,118,5,0,10458.42,8,
606,2025-09-01,105.6,0,0,0,2,0,6028.83,4,4.53
378,2025-10-01,179.4,11.4,0,0,4,2,8354.9,0,2.87
813,2025-10-01,187.1,11.1,0,0,3,1,9906.35,2,2.66
1287,2026-08-01,163.8,11.8,0,95,5,2,13154.48,4,3.43
1453,2026-06-01,189.4,13.4,30851.42,75,2,0,8078.07,6,3.65
252,2025-12-01,181.5,21.5,0,0,5,3,7849.92,2,2.95
629,2025-12-01,191.2,23.2,0,107,2,2,11438.73,0,2.01
612,2026-02-01,96,0,10419.74,36,1,0,5378.17,10,4.01
84,2026-05-01,185.5,17.5,0,123,5,0,22136.67,6,3.82
402,2025-12-01,201,17,51261.4,137,3,0,9831.35,0,4.37
506,2026-02-01,152.5,0.5,0,0,3,1,8311.47,8,3.67
1109,2026-05-01,165,5,0,0,3,1,8029.17,2,3.61
1455,2025-11-01,76.8,0,0,66,2,4,7909.67,0,3.48
1458,2025-10-01,192.4,8.4,0,0,5,0,15453.38,6,3.92
368,2025-10-01,198.8,14.8,0,154,6,0,13120.29,0,3.57
1068,2026-07-01,188.9,4.9,26023.83,70,3,0,10830.92,8,3.89
861,2025-09-01,181.3,5.3,0,0,5,0,8081.05,0,4.65
373,2026-08-01,172.7,4.7,25928.12,67,3,0,9098.95,2,
106,2026-01-01,182.5,6.5,0,87,4,0,11876.83,6,3.2
756,2025-10-01,184.7,8.7,0,0,5,1,9292.28,0,3.06
989,2025-12-01,200.6,16.6,36095.35,107,3,0,10069.11,6,3.47
645,2026-06-01,171.4,11.4,28741.78,96,3,2,10868.07,6,3.99
1384,2025-10-01,191,15,33296.48,78,2,1,10785.71,0,3.49
1461,2026-01-01,145.4,9.4,0,58,3,5,14532.77,2,2.61
540,2026-04-01,105.6,0,0,77,2,0,5296.83,4,3.79
18,2026-08-01,170.7,2.7,0,89,3,0,8635.5,0,3.09
13,2026-08-01,136.6,0.6,0,0,4,4,11343.6,6,3.61
601,2026-06-01,169.9,9.9,0,0,5,2,8212.03,4,3.4
170,2026-05-01,177.7,9.7,0,0,4,0,8496.48,8,3.98
140,2025-10-01,193.6,9.6,0,0,4,0,8798.01,6,2.99
1066,2025-10-01,193.4,9.4,0,120,3,0,18029.64,4,3.47
1302,2026-03-01,191.2,15.2,0,105,5,0,13919.81,6,3.53
790,2026-06-01,171.7,11.7,24835.21,77,3,2,7792.44,4,3.92
496,2026-01-01,100.8,0,0,58,2,1,7604.67,2,3.79
646,2025-12-01,110.4,0,0,0,1,0,4229.33,6,2.9
186,2026-04-01,189.7,13.7,0,87,5,0,11281.03,2,2.88
1308,2026-05-01,100.8,0,0,0,2,0,6018.67,6,3.05
556,2026-01-01,105.6,0,0,36,2,0,7238.67,8,2.97
671,2026-07-01,195.3,11.3,0,105,6,0,12868.46,4,3.94
403,2026-07-01,186.7,2.7,0,0,7,0,7844.78,0,3.94
387,2026-03-01,185.8,9.8,0,0,4,0,12617.04,6,3.85
799,2025-10-01,191.7,7.7,0,0,4,0,6387.19,8,3.6
984,2026-06-01,105.2,9.2,0,83,2,1,7006.98,0,
1020,2026-03-01,176.6,8.6,0,0,3,1,16308.49,6,3.27
1459,2026-05-01,162.1,10.1,0,0,3,2,8413.06,2,3.18
380,2026-08-01,163.7,3.7,20937.79,59,1,1,6861.9,0,3.17
600,2025-12-01,177.6,17.6,0,0,5,3,9032.36,0,3.15
245,2026-01-01,159.8,7.8,0,0,4,3,8421.86,6,3.26
665,2026-03-01,160.1,8.1,0,0,5,3,9987.21,10,4.03
1239,2026-03-01,185.6,9.6,0,0,4,0,8181.38,10,3.83
1274,2026-07-01,160,0,0,0,2,3,7472.5,4,2.16
238,2025-10-01,197.6,13.6,34429.87,109,3,0,8863.3,,
936,2026-08-01,100.8,0,0,0,3,0,5002,0,3.63
887,2026-01-01,161.6,1.6,13635.82,41,1,2,10008.52,8,3.09
718,2025-09-01,100.8,0,13101.19,44,1,1,6171.17,8,3.75
680,2025-09-01,161.1,9.1,0,0,5,3,9969.27,2,4.09
1384,2026-04-01,182.4,6.4,28876.21,76,3,0,10075.23,2,3.83
691,2025-11-01,155.4,11.4,0,0,3,2,11973.86,8,3.59
1081,2026-02-01,163,3,0,0,5,0,7311.86,8,3.8
1301,2025-10-01,189.7,5.7,24086.35,78,2,0,7905.1,2,3.24
1375,2026-01-01,169,1,0,0,5,1,11157.06,2,3.89
698,2026-03-01,187.9,11.9,0,0,5,0,8993.34,4,3.84
1376,2026-02-01,136,0,0,0,3,3,8621.33,8,2.43
853,2026-07-01,181.7,5.7,0,0,4,1,7414.37,0,3.48
1379,2026-01-01,182.9,6.9,0,0,4,0,11161.59,4,3.1
1092,2025-12-01,204.6,20.6,0,0,5,0,10110.34,4,3.75
1267,2026-04-01,177.9,9.9,0,135,5,1,14801.52,4,4.09
395,2026-01-01,91.2,0,0,41,1,3,7259,4,3.24
400,2026-04-01,191.9,15.9,0,136,5,0,10617.18,0,3.61
289,2026-08-01,168.3,8.3,0,0,5,1,7453.48,6,3.73
359,2025-10-01,190.5,6.5,0,0,7,0,10491.56,2,3.71
1388,2026-07-01,110.4,0,0,0,4,0,5713.67,0,3.63
24,2026-05-01,178.7,10.7,0,0,7,0,6442.68,2,4.92
343,2026-03-01,181.7,5.7,0,111,5,0,14125.49,8,3.65
616,2025-11-01,151,15,0,106,4,3,11118.81,0,2.73
886,2026-06-01,171,11,0,0,5,2,7054.86,4,3.09
445,2026-06-01,105.6,0,0,0,2,0,5784.83,0,2.93
156,2026-02-01,157,5,0,0,3,1,15305.28,10,2.99
188,2025-11-01,172,12,22772.84,92,2,0,9348.29,8,3.35
610,2025-12-01,202.6,18.6,0,0,4,0,9194.62,6,3.08
985,2026-01-01,183.3,7.3,0,0,5,0,9522.66,4,3.01
1133,2026-06-01,182.8,6.8,0,0,8,0,12928.69,0,4.69
1373,2026-08-01,166.5,6.5,0,0,6,1,11157.34,2,3.67
1355,2025-09-01,182.1,6.1,24350.13,67,2,0,10981.64,8,3.5
934,2026-02-01,153.1,1.1,22135.02,59,2,1,8754.72,8,4.7
1369,2026-01-01,180.2,4.2,24329.08,79,2,0,7027.64,0,4.4
955,2025-11-01,168.9,16.9,29345.7,84,3,1,7166.93,0,3.41
305,2026-03-01,180,4,0,0,5,0,9719.18,8,3.61
1043,2025-10-01,189.5,5.5,0,0,7,0,6720.5,8,4.47
1204,2026-04-01,177.6,9.6,24197.85,73,2,1,7113.29,2,3.65
1029,2025-11-01,172.1,12.1,29873.07,105,3,0,10647.21,0,4.15
831,2026-02-01,160,0,0,0,4,0,10085.33,10,
748,2026-03-01,105.6,0,0,64,2,0,5683.17,8,3.35
397,2026-07-01,190.6,6.6,16877.2,42,2,0,7426.41,4,2.34
653,2026-05-01,162.9,10.9,18686.79,68,2,2,10803.01,2,3.04
1265,2026-04-01,167,7,0,0,3,2,8863.24,8,2.86
509,2025-09-01,105.6,0,0,0,2,0,3914.17,8,3.38
427,2026-07-01,189.7,5.7,0,0,4,0,7531.72,8,2.85
1176,2025-12-01,191.1,15.1,0,0,4,1,8609.89,2,3.15
791,2026-02-01,162.9,2.9,0,0,3,0,6176.2,6,2.64
9,2026-02-01,166.9,6.9,18787.68,62,2,0,10989.21,10,3.95
211,2026-06-01,192,16,0,150,7,0,9819.23,6,4.34
728,2026-01-01,176,0,0,0,3,0,8712.83,0,3.13
259,2025-11-01,161.9,9.9,0,0,4,1,9525.51,0,3.12
105,2026-05-01,176.4,8.4,31923.71,99,2,0,10109.59,6,4.31
94,2026-04-01,188.1,12.1,27518.08,77,2,0,9411.77,2,3.26
486,2026-08-01,173,5,0,0,5,0,10002,2,3.58
1306,2026-07-01,187.9,3.9,0,0,5,0,8313.25,0,3.96
395,2026-05-01,86.4,0,0,47,2,3,7259,,3.2
1449,2025-10-01,191.7,7.7,0,0,6,0,10648.92,8,4.75
1054,2025-12-01,205,21,34431.59,111,2,0,11966.21,2,3.16
701,2025-11-01,183.6,23.6,0,154,4,0,13320.4,8,3.62
1246,2026-04-01,176.5,8.5,19892.06,67,2,1,8753.43,8,3.1
934,2025-10-01,191.1,7.1,34327.55,118,4,0,9205,0,4.56
316,2025-11-01,174.6,14.6,0,0,5,0,15161.37,4,3.51
513,2026-06-01,182.6,14.6,0,112,5,1,12092.45,2,3.33
1184,2026-06-01,167.3,7.3,0,0,6,2,9176.78,6,3.88
293,2026-02-01,91.2,0,0,39,2,1,6882.83,4,3.28
926,2025-10-01,199.5,15.5,0,0,6,0,6077.07,2,3.4
628,2025-11-01,170.3,18.3,0,125,3,1,20291.28,2,2.8
553,2026-08-01,170.8,2.8,0,0,4,0,7559.85,4,3.81
769,2025-09-01,172.9,4.9,22309.13,69,2,1,8637.18,6,3.81
741,2026-07-01,181.5,5.5,32319.23,78,3,1,6113.42,0,4.55
397,2026-08-01,176.2,8.2,16482.45,44,2,0,7523.68,2,2.34
963,2026-05-01,179.2,11.2,0,144,7,0,11152.05,0,4.41
1060,2026-04-01,181.4,5.4,0,0,3,0,9109.35,2,3.39
470,2026-02-01,155.1,3.1,0,0,4,1,10783.91,8,4.3
1424,2025-09-01,184.1,8.1,0,170,6,0,14273.66,4,4.61
310,2026-07-01,176.8,0.8,0,0,6,1,10800.09,0,3.39
1360,2026-01-01,170.9,10.9,0,95,6,2,11114.53,0,3.61
335,2025-11-01,169.1,17.1,0,110,3,1,9943.81,,2.95
967,2026-04-01,180.8,12.8,0,167,6,1,14149.9,2,4.55
512,2026-03-01,100.8,0,0,0,3,1,5063,8,4.2
337,2025-12-01,110.4,0,0,0,2,0,5723.83,4,3.29
1002,2026-02-01,157,5,0,0,5,1,7148.83,8,3.81
1098,2026-03-01,105.6,0,0,0,2,0,4107.33,10,3.64
431,2026-08-01,171,3,0,0,5,0,8375.78,4,3.4
80,2026-01-01,179.8,3.8,18174.9,65,3,0,13682.79,0,3.75
1276,2026-02-01,160,0,0,0,4,0,6293.17,6,4.22
315,2026-06-01,165.7,13.7,0,0,3,3,8938.39,4,3.66
391,2025-12-01,199.9,15.9,0,0,6,0,9113.66,2,4.07
248,2025-09-01,165.9,5.9,19303.08,62,2,2,9798.84,4,3.09
149,2026-08-01,174.1,6.1,15431.94,46,2,0,7267.57,6,2.76
487,2026-01-01,164.3,4.3,0,0,5,2,10555.53,2,3.25
1244,2026-03-01,96,0,0,42,1,2,9861.67,12,2.84
835,2025-11-01,173,13,0,0,4,0,12305.73,2,2.99
749,2026-06-01,184.6,8.6,36388.52,107,2,0,8356.33,6,4.34
557,2026-01-01,178,2,20610.93,62,2,0,10611.54,6,3.49
959,2025-09-01,168.5,8.5,0,0,3,2,12660.82,8,2.61
1406,2026-06-01,100.8,0,0,0,2,1,6771,4,3.91
198,2026-01-01,176.5,0.5,0,0,4,0,6963.67,2,4.36
1079,2026-06-01,184.5,8.5,22018.87,70,2,0,6210.35,2,3.34
37,2026-05-01,176.4,8.4,39670.12,99,2,0,7088.71,8,4.9
978,2026-03-01,153.5,9.5,14631.75,55,1,4,8273.87,10,2.83
245,2026-07-01,193.9,9.9,0,0,4,0,8565.24,0,3.79
882,2025-09-01,105.6,0,0,70,3,0,6201.67,0,4.15
216,2025-12-01,181,21,0,0,5,3,10452.41,4,3.74
396,2025-12-01,203.4,19.4,0,145,3,0,20078.08,4,2.48
50,2026-07-01,188.4,4.4,0,0,3,0,7598.72,8,2.61
1154,2025-11-01,176.7,16.7,30526.16,85,2,0,8412.22,0,2.92
1086,2026-08-01,181.2,13.2,0,0,4,0,7442.5,8,3.47
433,2026-04-01,165.9,5.9,23082.7,54,2,2,11049.07,0,3.17
1054,2026-07-01,174,6,17660.27,55,2,2,10651.77,0,2.75
631,2026-07-01,105.6,0,12112.16,40,1,1,5042.67,2,3.81
1499,2026-05-01,157,13,0,0,2,3,11728.9,8,2.38
324,2025-12-01,199,23,40551.61,103,3,1,7334.12,6,3.51
860,2025-09-01,100.8,0,0,74,3,1,7431.83,0,3.98
831,2025-12-01,199.9,15.9,0,0,3,0,11473.04,8,
1188,2026-01-01,162.5,2.5,0,74,4,2,8787.08,4,3.26
958,2026-02-01,165,5,0,0,4,0,7148.83,4,3.76
853,2026-02-01,160.8,0.8,0,0,3,0,7114.75,6,4.06
1216,2026-03-01,181.6,5.6,0,0,6,0,6864.63,10,3.64
1096,2026-02-01,166.8,6.8,0,89,6,0,12896.39,6,3.82
965,2025-11-01,96,0,16899.22,61,2,0,6242.33,8,4.24
2,2026-05-01,174.8,6.8,0,0,5,0,4736.57,6,3.61
206,2025-09-01,105.6,0,0,0,2,0,4148,2,3.75
1448,2026-07-01,110.4,0,0,57,2,0,6476.17,2,
820,2025-10-01,188.4,4.4,20393.03,68,2,0,6773.45,0,2.85
1473,2026-07-01,191,7,0,0,5,0,11806.87,4,4.06
568,2026-04-01,174.2,14.2,21699.4,73,2,2,8276.6,6,3.28
1187,2025-09-01,179.8,3.8,24021.18,63,2,0,7273.23,6,3.31
895,2026-03-01,105.6,0,0,0,3,0,3517.67,8,3.57
37,2026-08-01,174.2,6.2,38472.11,96,3,0,6962.9,0,4.79
291,2025-10-01,191.5,7.5,0,0,6,0,7643.52,6,3.67
904,2026-03-01,105.6,0,0,0,3,0,5225.67,10,3.29
811,2025-12-01,192.8,16.8,40656.26,107,2,1,10259.02,0,3.37
770,2025-09-01,183.8,7.8,23708.93,74,2,0,8465.27,2,3.75
619,2025-09-01,181.5,5.5,0,129,6,0,10927.48,6,3.9
250,2026-06-01,185.2,9.2,33595.61,91,2,0,9790.67,2,4.41
1366,2026-01-01,176,0,0,0,5,0,8000,4,3.6
1408,2026-01-01,180.5,4.5,0,69,3,0,17375.44,2,2.8
969,2025-09-01,167.4,7.4,22595.01,67,2,2,10385.02,4,3.21
757,2025-10-01,194.1,10.1,0,0,5,0,10403.01,2,2.8
495,2025-11-01,155.1,11.1,0,0,2,2,11198.97,2,2.93
1063,2025-12-01,197.7,21.7,0,201,3,1,11991.32,2,3.62
239,2026-07-01,189,5,0,143,7,0,17543.27,2,4.45
214,2026-05-01,168.2,8.2,21088.25,75,2,1,9439.99,6,3.36
98,2026-02-01,81.6,0,0,0,2,3,6222,4,2.86
118,2026-05-01,174.3,6.3,0,0,4,0,7686.92,0,3.65
460,2025-10-01,198.5,14.5,34153.35,92,4,0,12483.65,6,4.19
1013,2026-02-01,170.8,10.8,15677.79,55,3,0,8693.38,6,3.46
1360,2025-09-01,187.6,11.6,0,123,4,0,11176.06,2,3.99
379,2026-05-01,161.7,1.7,19741.51,68,2,1,7314.21,6,3.12
1228,2025-12-01,206.7,22.7,0,0,8,0,10168.96,6,4.31
514,2025-10-01,197.6,13.6,0,39,1,0,14953.98,10,3.55
17,2025-10-01,190.1,6.1,0,0,5,0,5351.67,8,4.64
1007,2026-06-01,185.9,9.9,32112.44,84,3,0,10165.7,4,3.98
1105,2025-09-01,105.6,0,0,55,3,0,6577.83,6,3.56
994,2026-02-01,169.9,9.9,0,0,4,0,10342.3,4,3.77
195,2026-06-01,151.8,7.8,18296.21,61,1,4,8356.75,2,2.71
1005,2026-02-01,155.5,3.5,0,0,3,1,8369.2,8,3.23
696,2025-09-01,180.6,4.6,0,0,5,0,11195.09,,4.72
466,2026-02-01,147,3,15496.41,58,1,2,8271.47,6,3.97
831,2026-03-01,171.3,3.3,0,0,2,1,10373.35,12,2.85
390,2026-05-01,178.3,10.3,0,0,4,0,10928.92,8,3.72
88,2026-05-01,173.5,5.5,0,0,4,0,13749.87,0,3.99
1175,2026-07-01,182.2,6.2,18987.73,57,2,1,9019.63,6,3.04
431,2025-10-01,195.2,11.2,0,0,5,0,8955.1,2,3.31
2,2025-11-01,177.7,17.7,0,0,4,0,5158.53,0,3.48
1320,2025-10-01,198.8,14.8,23392.81,94,2,0,10413.65,6,3.32
362,2026-01-01,100.8,0,0,0,3,1,6943.83,2,3.59
748,2025-12-01,110.4,0,0,79,2,0,5683.17,4,3.26
1173,2026-04-01,168.8,8.8,25520.03,72,3,2,6903.71,0,3.52
199,2025-10-01,194.2,10.2,0,144,5,0,14427.55,2,3.74
974,2025-11-01,96,0,0,83,2,0,7004.83,2,4.41
1185,2026-05-01,168.3,8.3,25849.8,68,2,1,9349.55,8,3.41
1077,2026-06-01,174.6,6.6,23198.18,64,2,1,11843.57,6,3.27
152,2026-06-01,185.1,9.1,26152.33,75,1,0,7008.1,0,3.34
1483,2026-03-01,187.7,11.7,0,0,5,0,8968.03,4,3.65
166,2025-12-01,192.3,16.3,28981.13,102,3,1,6693.63,8,3.2
1177,2026-06-01,178.3,10.3,21145.36,60,2,1,8005.68,6,2.64
1481,2025-10-01,190.6,6.6,0,121,5,0,13058.02,2,3.34
150,2026-06-01,186,10,26620.01,90,3,0,9234.85,0,3.94
547,2025-10-01,191.1,15.1,0,106,5,1,11127.33,0,2.59
440,2025-10-01,96,0,0,0,2,3,5368,6,2.8
710,2025-10-01,189.5,13.5,0,157,6,1,15487.41,0,3.78
810,2025-10-01,110.4,0,0,0,3,0,7919.83,8,4.29
150,2025-10-01,194.3,10.3,36260.94,98,3,0,9256.92,0,4.23
351,2025-11-01,177.8,17.8,0,159,4,0,12237.23,2,4.16
1131,2025-09-01,185.1,9.1,0,0,5,0,7106.81,8,4.4
836,2026-02-01,162.6,2.6,0,0,3,0,7796.56,8,2.89
768,2025-11-01,175.8,15.8,0,0,5,0,9349.42,4,3.2
510,2025-12-01,196.4,20.4,43267.18,119,2,1,7619.46,2,3.71
258,2026-04-01,190.7,14.7,0,128,4,0,12846.64,4,3.55
501,2026-03-01,174.1,6.1,0,0,6,1,7310.39,10,4.88
110,2026-08-01,174.6,6.6,24806.19,67,3,0,7630.61,8,4.17
250,2026-01-01,182.8,6.8,26678.76,81,3,0,9602.32,0,4.37
516,2026-07-01,163.9,3.9,0,0,2,3,5738.35,8,2.44
793,2026-05-01,172.1,12.1,0,104,3,1,13196.7,6,3.07
1364,2025-12-01,178.8,18.8,0,0,3,3,8593.65,4,3.07
802,2026-04-01,186.3,10.3,,81,3,0,7075.56,0,4.32
664,2025-12-01,202.4,18.4,0,0,7,0,9133.77,0,3.6
1308,2026-04-01,105.6,0,0,0,2,0,6018.67,4,2.74
1400,2025-10-01,192.1,8.1,0,0,4,0,11684.38,4,2.62
93,2026-05-01,172,12,0,0,5,1,10874.54,4,3.51
1252,2025-12-01,207.5,23.5,0,102,2,0,12625.71,12,3.2
1031,2025-11-01,154.3,10.3,27313.05,89,2,2,8337.87,4,3.43
1306,2026-08-01,168.7,8.7,0,0,5,1,8647.29,0,3.66
82,2026-04-01,179.4,11.4,0,0,3,1,17368.8,8,3.72
642,2025-09-01,187.4,11.4,0,89,4,0,10008,0,2.85
503,2026-01-01,180.5,4.5,25423.41,60,2,0,10900.58,6,3.95
1137,2025-10-01,197.8,13.8,38233.7,109,3,0,7955.18,0,
1450,2025-11-01,168.6,8.6,0,0,3,0,9544.46,6,3.28
316,2026-05-01,176.9,8.9,0,0,4,0,14497.4,8,3.92
137,2026-07-01,190.4,6.4,0,0,3,0,10118.15,0,1.96
51,2026-03-01,184.4,8.4,0,0,6,0,5998.14,8,4.01
99,2026-01-01,105.6,0,13243.83,39,2,0,6923.5,2,4.39
58,2026-01-01,178,2,0,0,5,0,5274.74,4,5
6,2025-12-01,183.6,15.6,0,0,3,2,12577.69,0,3.79
20,2025-12-01,199.4,15.4,0,0,7,0,12443.3,8,4.36
77,2025-10-01,180.5,12.5,0,0,7,2,15446.27,6,4.38
1110,2026-03-01,184,8,36687.78,90,2,0,10707.46,10,4.46
161,2026-04-01,188.1,12.1,,67,3,0,8389.73,4,3.46
417,2025-11-01,159,15,0,0,3,2,6731.02,0,3.21
1308,2026-06-01,105.6,0,0,0,2,0,6018.67,0,2.39
1385,2026-06-01,179.9,11.9,26894.41,82,3,1,13736.71,0,3.51
789,2026-01-01,168,0,0,0,4,1,8468.83,8,3.67
35,2026-04-01,165.4,5.4,0,0,6,2,11812.36,6,3.82
1037,2025-10-01,179.9,3.9,0,0,5,1,9185.56,4,3.31
833,2026-08-01,171.7,3.7,0,0,4,0,8141.94,2,3.93
816,2026-07-01,110.4,0,15954.75,46,2,0,5683.17,4,3.57
301,2026-07-01,162.8,10.8,0,0,3,4,9049.12,2,3.26
813,2025-12-01,199.3,15.3,0,0,3,0,10234.85,6,2.61
836,2026-03-01,176,8,0,0,4,1,8152.88,6,3.04
1340,2025-11-01,171.5,11.5,17035.98,63,1,0,5635.04,0,2.15
1027,2026-06-01,191.3,15.3,35125.12,82,3,0,7920.79,0,3.87
320,2025-12-01,188.3,20.3,34011.18,93,2,2,8558.12,6,3.04
1091,2026-02-01,161.5,1.5,0,0,3,0,11781.64,10,3.6
418,2026-04-01,183.1,7.1,0,0,5,0,9679.82,4,3.61
1215,2025-10-01,190.1,6.1,30926.86,78,2,0,8081.03,0,3.05
632,2026-04-01,180.1,4.1,20641.77,75,2,0,8442.97,8,3.62
721,2026-04-01,177.8,9.8,0,0,3,1,13609.64,4,2.63
1477,2025-11-01,147.9,11.9,0,0,3,3,10495.97,6,3.17
1,2025-09-01,159.7,7.7,0,0,4,3,4879.85,8,3.42
1478,2026-03-01,177.9,9.9,22500.77,61,2,1,8388.63,4,3.02
678,2026-04-01,96,0,16780.24,45,1,2,6771,8,3.96
484,2025-11-01,155,19,0,153,4,3,11305.58,2,4.15
1465,2026-03-01,175.9,7.9,15455.2,44,1,1,10036.22,12,2.23
979,2026-01-01,163.2,3.2,13718.59,48,2,2,8160.05,2,3.34
1331,2025-10-01,199.7,15.7,0,0,7,0,9400.04,8,3.99
1333,2026-05-01,181.9,13.9,26167.66,94,2,0,7539.91,0,3.9
201,2025-10-01,174,14,0,137,7,3,17211.58,8,4.41
631,2025-11-01,96,0,16223.57,48,1,0,5042.67,2,3.41
798,2026-01-01,100.8,0,0,35,1,1,5225.67,8,2.93
359,2026-04-01,186.9,10.9,0,0,6,0,10869.77,2,3.79
418,2026-08-01,169.1,1.1,0,0,5,0,9206.31,0,3.47
381,2026-04-01,188.1,12.1,0,0,4,0,10153.04,0,2.67
1352,2025-11-01,166,14,0,0,4,1,10623.31,6,3.23
1450,2026-03-01,178.6,2.6,0,0,5,0,9083.21,6,3.54
997,2026-04-01,179.7,11.7,0,0,4,1,8710.52,6,4.36
504,2025-11-01,163.5,11.5,0,0,4,1,8118.12,8,2.89
1435,2026-03-01,180.9,4.9,0,0,3,0,7280.67,10,3.09
780,2025-11-01,142.8,14.8,0,0,3,4,12317.47,8,4
1395,2025-11-01,177.8,17.8,0,121,5,0,16965.52,6,3.04
7,2026-05-01,180.2,12.2,0,0,3,0,10340.83,8,2.94
1256,2026-07-01,181.1,5.1,0,0,5,1,9107.99,2,4.02
1424,2025-11-01,176.9,16.9,0,165,5,0,15289.45,8,4.38
652,2025-09-01,189.7,13.7,0,0,3,0,11383.38,8,2.75
1398,2026-03-01,181.9,5.9,23298.98,79,3,0,8441.75,4,3.48
527,2026-07-01,196.1,12.1,0,108,4,0,12408.72,4,3.76
783,2026-06-01,183.9,7.9,0,0,5,0,12512.7,8,3.46
1273,2026-04-01,191.5,15.5,0,130,5,0,12925.54,6,3.39
1452,2026-06-01,188,12,0,130,6,0,9056.51,2,3.76
467,2026-06-01,189.2,13.2,0,0,6,0,7646.41,2,3.6
388,2026-08-01,162.4,2.4,0,0,3,1,10741.04,8,4.11
375,2025-10-01,192.7,8.7,29490.75,88,3,0,6712.31,0,3.42
1376,2025-10-01,194.6,10.6,0,0,3,0,9412.17,6,2.95
1141,2026-01-01,176.1,0.1,0,0,4,0,8842.48,8,3.42
157,2026-06-01,105.6,0,12542.07,44,1,0,3975.17,6,3.39
659,2025-11-01,91.2,0,0,46,1,1,7767.33,4,2.22
695,2025-10-01,193.7,9.7,25117.64,97,2,0,6986.73,2,3.59
1243,2026-06-01,168.8,8.8,0,0,3,2,13347.89,2,2.37
1057,2025-09-01,173.4,5.4,0,0,5,1,8098.38,2,3.77
1303,2025-10-01,188.4,12.4,21988.3,51,2,1,9355.09,6,2.42
1065,2026-05-01,179.1,11.1,20113.53,78,1,0,8669.45,4,
794,2026-08-01,153.1,1.1,0,0,3,2,10499.5,6,4.17
377,2026-02-01,170.2,10.2,22363.5,72,2,0,7346.54,4,4.39
1021,2026-01-01,179.4,3.4,21161.65,51,2,0,9304.1,6,3.51
1194,2026-08-01,181.1,13.1,0,100,5,0,11636.15,8,3.39
545,2025-10-01,170.5,10.5,0,0,5,3,12831.67,6,3.42
179,2025-12-01,194.7,18.7,0,0,5,1,9567.64,6,3.94
382,2026-08-01,178.2,10.2,0,113,4,0,10687.89,2,3.68
263,2025-10-01,168.6,8.6,24592.69,79,3,3,10650.22,6,3.8
1386,2025-12-01,201.2,17.2,34320.22,95,3,0,8386.19,2,3.2
496,2026-04-01,100.8,0,0,60,3,1,7604.67,6,4.04
1395,2026-01-01,172.9,4.9,0,54,3,1,15324.38,4,2.45
916,2025-11-01,159.5,15.5,0,0,3,2,7344.84,0,2.49
998,2026-04-01,151.8,7.8,0,124,5,0,7563.72,2,5
546,2026-06-01,185,9,31595.85,95,3,0,8503.79,4,4.21
1395,2026-06-01,189,13,0,96,5,0,16354.86,6,2.87
469,2025-09-01,182.9,6.9,24459.64,71,2,0,10138.08,6,3.63
1482,2026-02-01,169.8,9.8,0,72,3,0,11732.52,6,3.16
961,2026-07-01,193.7,9.7,0,0,8,0,10667.44,4,4.62
1452,2026-01-01,181.5,5.5,0,107,7,0,8595,0,4.1
275,2026-04-01,176.4,8.4,0,129,6,1,16293.12,4,4.18
654,2025-11-01,157.2,13.2,0,148,5,2,8477.44,6,4.23
1353,2026-06-01,178,10,0,0,5,1,9577.29,6,3.33
1180,2025-11-01,174.9,14.9,0,166,4,0,13359.9,0,4.32
865,2025-11-01,176.2,16.2,0,0,3,0,10560.27,6,2.38
110,2026-02-01,166.3,6.3,23811.43,72,2,0,7611.87,6,4.23
596,2026-02-01,116,4,0,48,3,1,9707.92,8,3.39
444,2026-04-01,177.8,9.8,0,141,6,1,18815.27,4,4.08
879,2025-11-01,170.3,18.3,0,128,5,1,14968.2,4,3.35
1412,2026-01-01,175.5,7.5,0,0,3,1,9527.34,2,3.26
1400,2026-02-01,152,0,0,0,3,1,10919,12,2.57
155,2025-10-01,195.6,11.6,0,0,4,0,7842.26,0,3.27
1067,2026-06-01,178.4,10.4,0,0,3,1,7402.55,0,3.39
253,2025-11-01,175.1,15.1,0,79,2,0,11000.88,6,2.09
1460,2026-04-01,183,7,0,86,4,0,13251.73,8,2.61
1090,2026-04-01,181.9,5.9,0,0,5,0,11017.01,4,3.35
884,2026-05-01,178.4,10.4,0,142,5,0,13087.45,0,3.71
1207,2026-04-01,172.9,4.9,22230.62,66,3,1,7259.47,2,3.71
507,2026-04-01,179.8,3.8,20465.05,69,2,0,7455.71,4,3.44
1150,2026-08-01,177.5,9.5,18274.11,45,2,0,7580.71,8,2.74
742,2026-06-01,184.8,8.8,0,0,4,0,5820.56,2,3.93
1149,2025-12-01,194.2,18.2,33897.34,86,3,1,8049.26,2,2.98
1415,2025-10-01,190.4,6.4,0,0,6,0,7414.25,6,3.59
936,2026-05-01,91.2,0,0,0,3,2,5002,0,3.63
137,2026-03-01,184.3,8.3,0,0,2,0,10275.78,10,1.89
394,2026-03-01,161.1,1.1,0,0,5,2,7923.38,10,3.92
554,2026-04-01,182.3,6.3,24731.86,65,2,0,10174.18,4,3.62
1384,2026-02-01,155.7,3.7,20237.36,48,3,1,9852.17,12,3.65
195,2026-07-01,196.6,12.6,16659.3,58,2,0,8681.92,8,2.78
270,2025-11-01,165.2,13.2,0,0,5,1,8869.83,8,3.6
178,2026-06-01,192.8,16.8,0,149,4,0,10829.61,0,4.06
977,2026-04-01,173.8,5.8,19029.63,68,2,1,9235.57,0,2.94
276,2025-11-01,165.7,13.7,0,131,5,1,16482.13,4,3.34
929,2026-03-01,181.4,5.4,15589.6,48,1,0,8119.67,10,2.62
267,2026-01-01,160,0,13227.06,49,2,2,8367.17,2,3.25
326,2026-04-01,136.5,8.5,23051.99,57,1,2,8676.18,2,4.18
331,2025-12-01,193.7,17.7,20504.07,71,1,1,8288.82,0,2.11
89,2026-04-01,161.1,9.1,0,88,2,3,20037.24,6,3.02
1318,2025-10-01,196.9,12.9,0,130,5,0,11335.52,4,3.69
1438,2025-12-01,200.6,16.6,0,0,7,0,9383.11,4,3.92
746,2026-01-01,179.3,3.3,0,103,6,0,9848.44,4,4.36
732,2025-10-01,195.9,11.9,0,0,4,0,7821.97,8,3.45
642,2026-05-01,180.9,12.9,0,80,4,0,10126.25,0,2.53
147,2026-03-01,180.2,12.2,0,0,6,1,10689.27,8,4.15
214,2025-12-01,201.7,17.7,48600.93,118,2,0,10164.64,4,3.57
186,2026-03-01,187.8,11.8,0,107,5,0,11115.2,12,3.01
428,2025-10-01,195.3,11.3,0,0,5,0,9542.53,2,4.08
1284,2025-10-01,176.7,8.7,0,113,3,2,11260.06,4,3.44
1429,2026-05-01,179,11,0,120,6,0,10967.44,8,4.11
1454,2025-10-01,199.4,15.4,0,130,5,0,14551.74,8,3.51
136,2026-02-01,164.9,4.9,0,0,3,0,10534.19,8,2.85
865,2026-02-01,156,12,0,0,4,2,10223.64,4,2.48
571,2026-07-01,174,14,0,87,4,3,10782.88,2,3.24
693,2025-12-01,198.2,14.2,44650.63,124,3,0,8025.44,4,3.82
885,2026-06-01,184.1,8.1,0,0,5,0,9802.26,4,3.25
34,2026-04-01,183.8,7.8,0,0,6,0,7814.1,0,4.35
944,2026-01-01,179.3,3.3,0,0,5,0,11628.19,0,3.66
961,2025-12-01,200.4,16.4,0,0,8,0,11238.05,,4.26
1214,2026-02-01,154.4,2.4,20109.15,60,3,1,8183.17,8,4.59
1400,2026-03-01,182.9,6.9,0,0,4,0,11570.99,10,2.61
702,2026-02-01,142.8,6.8,0,61,2,3,13649.94,,2.8
861,2025-12-01,196.8,20.8,0,0,8,1,9117.47,8,4.4
139,2026-08-01,169.8,1.8,0,0,3,0,9901.71,0,3.64
232,2026-05-01,173.4,5.4,0,0,3,0,6938.43,2,3.63
1100,2025-09-01,185.4,9.4,0,111,3,0,16424.57,4,3.6
1193,2026-06-01,100.8,0,14597.66,48,1,1,4097.17,6,4.17
1164,2025-10-01,193.8,9.8,0,0,5,0,7190.83,4,4.32
729,2026-01-01,176,0,20859.79,52,3,0,9038.17,6,3.44
1180,2026-07-01,193,9,0,143,6,0,12755.69,2,4.42
1457,2026-04-01,184.6,8.6,0,0,6,0,7028.52,2,3.94
673,2025-12-01,110.4,0,25845.35,79,1,0,5225.67,4,
559,2025-11-01,173.8,21.8,0,125,3,1,13728.16,4,3.63
1031,2026-02-01,166.8,6.8,20196.62,59,3,0,8106,6,3.51
421,2026-04-01,192.1,16.1,0,151,7,0,8431.02,8,4.35
1300,2025-10-01,197,13,0,129,6,0,10880.62,8,3.68
1324,2026-04-01,189.1,13.1,0,86,4,0,13005.78,6,2.77
1297,2025-09-01,185,9,0,0,5,0,10640.7,4,4.38
88,2026-03-01,184.6,8.6,0,0,6,0,14101.98,12,3.98
1084,2025-09-01,181.9,5.9,25447.08,83,2,0,8591.35,8,3.66
843,2026-07-01,185.7,1.7,24711.1,65,2,0,8737.85,6,3.7
634,2026-07-01,154,2,0,94,4,4,9484.19,6,4.22
303,2026-01-01,182.1,6.1,14335.72,51,2,0,8980.11,4,2.86
992,2026-02-01,91.2,0,10359.04,29,1,1,5134.17,12,4.31
1303,2026-06-01,185.5,9.5,19094.82,59,2,0,9143.06,,2.52
622,2026-02-01,161.5,1.5,17885.44,56,2,0,8393.39,10,4.14
557,2025-09-01,183.9,7.9,26519.99,79,3,0,11144.12,4,3.72
403,2026-08-01,171.6,11.6,0,0,5,1,8435.18,4,
659,2026-03-01,100.8,0,0,41,1,1,7767.33,10,2.34
1052,2026-02-01,147,3,0,0,4,2,8386.21,4,2.93
711,2025-12-01,196.9,20.9,0,158,6,1,14382.55,0,3.38
1426,2026-02-01,154.1,2.1,0,0,4,1,8809.06,6,3.47
702,2026-03-01,192.8,16.8,0,112,4,0,14765.53,10,3.34
326,2026-01-01,176,0,21687.27,70,2,0,9729.5,2,4
797,2026-06-01,154.2,10.2,0,72,3,1,11071.3,6,2.81
967,2026-06-01,171.4,11.4,0,141,5,2,13995.57,2,4.61
1120,2026-03-01,176.1,8.1,30648.64,97,2,1,11140.41,12,4.48
358,2025-11-01,140.5,12.5,20046.44,54,1,4,10274.98,4,2.95
1466,2025-09-01,172.2,12.2,0,0,4,2,8182.74,4,3.13
1066,2026-01-01,185.4,9.4,0,71,5,0,18029.64,8,3.35
684,2026-05-01,179.5,11.5,35498.5,85,2,0,11390.84,2,4.03
964,2026-08-01,165,5,15510.25,43,2,1,10882.34,4,2.49
1127,2026-08-01,176.6,8.6,0,0,3,0,14069.21,8,3.06
26,2026-07-01,185.5,9.5,0,134,7,1,10782.43,8,
1498,2026-06-01,181,5,0,0,3,0,8060.99,6,3.29
152,2026-05-01,181.2,13.2,23995.33,65,2,0,7238.6,2,3.06
487,2026-06-01,172.2,12.2,0,0,4,2,11251.27,0,3.37
1450,2025-10-01,197.6,13.6,0,0,5,0,9928.83,,3.63
41,2026-01-01,176,0,0,0,6,0,6506.67,2,4.45
1421,2025-10-01,197.9,13.9,0,99,4,0,17627,2,2.86
933,2026-01-01,172.8,4.8,14777.7,47,1,1,10324.25,8,2.98
932,2026-04-01,176.5,8.5,0,100,4,1,13010.09,4,3.57
638,2026-01-01,180.4,4.4,0,89,6,0,7171.38,6,3.55
1137,2025-09-01,188.2,12.2,26992.7,80,3,0,7856.78,8,4.08
625,2026-02-01,167.5,7.5,0,0,5,0,9343.29,6,3.81
271,2026-01-01,165.8,5.8,0,101,7,2,11072,4,4.34
1483,2026-03-01,187.7,11.7,0,0,5,0,8968.03,4,3.65
1089,2026-08-01,178.4,10.4,0,105,5,0,10682.73,8,
599,2026-01-01,175.2,7.2,0,109,7,1,10195.32,8,4.47
1145,2026-07-01,192.6,8.6,32561.81,97,4,0,12583.64,2,4.46
782,2026-08-01,167.7,7.7,27022.42,70,3,1,7005.3,0,
108,2026-02-01,162.8,2.8,0,0,5,0,10340.12,4,4.25
595,2026-06-01,177.8,9.8,0,126,4,1,11282.54,4,3.59
297,2026-07-01,183.8,7.8,0,50,3,1,14955.32,8,2.01
1065,2026-03-01,178.7,10.7,22207.17,79,3,1,8642.07,4,3.4
331,2026-04-01,175,7,,47,2,1,7623.25,8,2.44
1480,2025-11-01,166.6,14.6,0,0,5,1,10477.84,4,4.09
253,2026-01-01,182.8,6.8,0,49,2,0,10302.04,6,2.28
1379,2025-09-01,185.4,9.4,0,0,3,0,11389.46,2,3
469,2026-08-01,170.3,2.3,22395.68,71,2,0,9757.25,8,3.42
433,2026-07-01,176,0,16472.39,55,2,1,10512.33,6,2.84
1223,2026-01-01,164.7,4.7,0,0,4,2,8781.55,8,3.5
260,2026-04-01,185.6,9.6,0,0,3,0,10680.94,0,3.06
957,2026-03-01,185.1,9.1,24528.84,80,2,0,7567.43,10,3.56
1487,2026-05-01,177.6,9.6,0,129,6,0,9502.74,6,
92,2026-05-01,184.2,16.2,0,144,6,0,12994.58,4,4.31
1441,2026-06-01,179.3,11.3,27313.02,87,2,1,7299.2,4,3.57
1089,2026-04-01,173,13,0,113,5,2,10903.24,8,4.12
564,2025-10-01,178.4,10.4,24221.31,65,2,2,7993.33,2,2.95
812,2026-04-01,190.4,14.4,0,144,5,0,13937.55,6,3.96
78,2026-08-01,168.6,0.6,0,0,5,0,14675.14,0,4.17
815,2026-03-01,181,13,34602.38,86,4,1,12034.28,4,4.57
971,2026-05-01,100.8,0,0,92,3,0,6669.33,4,4.91
484,2026-06-01,184.3,8.3,0,160,8,0,10406.55,0,4.41
559,2026-01-01,173.5,5.5,0,87,5,1,12099.04,0,3.52
759,2026-08-01,176.6,8.6,0,0,3,0,5811.2,6,3.14
897,2026-03-01,159.1,7.1,24501.29,71,2,3,9841.69,4,3.38
1015,2025-12-01,203.1,19.1,0,157,3,0,10875.64,4,2.83
947,2026-02-01,148.6,4.6,0,0,3,2,7008.82,6,3.36
1222,2026-04-01,166.5,6.5,0,110,3,2,13058.07,2,3.31
807,2026-03-01,96,0,0,52,2,2,7594.5,12,
246,2026-05-01,171.7,11.7,0,0,5,1,16491.77,8,3.78
1295,2026-05-01,186.2,18.2,0,137,6,0,14086.2,4,3.88
318,2025-11-01,175.9,15.9,30055.02,75,1,0,9252.45,4,3.02
1110,2026-02-01,144.2,0.2,19304.1,69,2,2,10031.5,4,4.39
698,2026-01-01,160,0,0,0,5,2,8153.67,0,3.7
960,2026-02-01,156.8,4.8,0,100,3,1,11266.67,12,3.96
1234,2025-10-01,191.1,7.1,26457.77,72,2,0,10089.89,8,3.45
312,2026-05-01,172.1,4.1,0,0,4,0,12074.91,0,3.71
676,2025-09-01,168.9,8.9,0,0,3,2,8464.11,6,3.35
25,2026-03-01,181.5,5.5,0,0,3,0,9265.99,6,3.44
147,2026-01-01,177.4,1.4,0,0,3,0,9785.64,8,3.8
1461,2026-02-01,170.4,10.4,0,63,3,0,14649.08,12,3.02
815,2026-04-01,168.2,8.2,29566.69,98,3,2,11584.95,0,4.3
1456,2026-06-01,171.3,3.3,0,0,4,1,10362.89,0,3.55
821,2026-03-01,185.3,9.3,0,0,5,0,10237.92,8,4.86
712,2025-09-01,100.8,0,0,0,2,1,6455.83,6,3.37
917,2025-09-01,169.9,1.9,0,0,4,1,9383.12,4,3.2
498,2025-11-01,96,0,0,62,2,0,5418.83,4,3.33
817,2026-03-01,182.5,6.5,24468.02,72,2,0,9986.84,10,3.43
1484,2026-05-01,166.1,6.1,28637.8,70,2,1,9140.66,0,3.87
523,2026-01-01,187.9,11.9,0,60,3,0,18524.93,0,2.58
233,2026-03-01,184.8,8.8,0,0,5,0,9420.11,6,
1341,2026-04-01,177.8,9.8,29658.48,74,2,1,12352.34,,4.02
733,2026-04-01,187.3,11.3,0,119,5,0,14899.73,2,3.2
1346,2025-12-01,173.3,13.3,30063.38,99,2,3,7142.19,4,3.66
6,2026-01-01,168,0,0,0,3,1,11081.67,6,4.06
599,2026-07-01,191.4,7.4,0,138,6,0,10211.93,8,4.72
683,2025-09-01,177,9,0,0,5,1,10158.52,6,4.1
128,2025-12-01,192.9,16.9,0,0,6,1,8530.39,0,4.53
1070,2026-01-01,184.3,8.3,0,101,7,0,9055.33,6,4.25
55,2026-02-01,163,11,0,71,3,1,5010.5,4,3.18
448,2026-06-01,187.5,11.5,0,0,3,0,9065.72,4,2.63
586,2026-04-01,182.1,6.1,,61,1,0,6935.77,4,2.71
1170,2025-12-01,200.9,16.9,0,0,7,0,8845.04,2,3.56
938,2025-09-01,181.1,5.1,30656.55,83,3,0,9840.45,6,3.63
1331,2026-05-01,168.1,8.1,0,0,5,1,8855.76,,3.78
1106,2026-07-01,172,4,21139.32,72,3,2,6079.74,0,3.47
522,2026-01-01,179.3,3.3,19900.66,53,2,0,8288.46,4,3.49
40,2026-04-01,188.5,12.5,0,87,4,0,9576.46,8,2.56
1289,2026-04-01,187,11,0,101,4,0,10760.26,8,2.82
1349,2026-05-01,161.9,9.9,0,85,3,2,10728.62,0,3.13
1391,2026-05-01,175.1,7.1,0,0,5,0,9205,0,3.53
497,2026-03-01,105.6,0,0,0,2,0,5276.5,6,3.22
447,2026-03-01,155.2,3.2,0,0,3,3,9319.8,8,3.04
758,2026-04-01,191.1,15.1,22431.46,77,3,0,7594.35,2,3.37
8,2025-12-01,192,16,0,0,3,1,9606.72,0,2.91
312,2025-09-01,185.9,9.9,0,0,5,0,12660.21,8,3.77
494,2025-10-01,190.4,6.4,22462.19,58,2,0,9141.74,8,2.83
1036,2025-12-01,190.2,22.2,0,0,7,2,10629.1,6,4.24
27,2026-03-01,172.6,4.6,0,0,3,1,7505.68,12,3.6
1419,2026-08-01,173.4,5.4,24516.45,83,3,0,6150.94,6,4.33
550,2025-10-01,110.4,0,0,55,2,0,8468.83,8,2.96
732,2026-01-01,177.1,1.1,0,0,4,0,7159.17,6,3.7
1424,2026-02-01,156.3,4.3,0,105,4,1,13835.02,10,4.5
1053,2026-05-01,157.4,5.4,0,0,5,2,11674.01,2,4.85
408,2026-02-01,160.8,0.8,0,0,3,0,8179.4,6,3.73
1047,2025-12-01,201.7,17.7,0,0,6,0,12614.94,2,4.04
1283,2026-02-01,154.1,2.1,0,94,3,1,10154.75,4,4.04
1034,2026-06-01,175.9,7.9,39659.31,106,2,1,6473.58,4,4.79
1437,2025-12-01,202.2,18.2,34588.79,129,2,0,11344.27,6,3.43
351,2026-08-01,175.8,15.8,0,132,5,1,12053.7,0,4.25
106,2025-09-01,186.6,10.6,0,93,4,0,12275.78,4,3.22
847,2025-09-01,184.5,8.5,0,146,5,0,11569.37,8,4.13
952,2026-07-01,186.9,2.9,0,142,7,0,18936.43,8,
81,2025-12-01,178.9,18.9,0,0,3,3,14940.66,2,3.1
1135,2025-11-01,96,0,0,0,2,0,6872.67,8,3.26
1264,2026-07-01,187.6,3.6,0,0,5,0,8009.32,8,3.3
239,2025-10-01,181.8,13.8,0,128,4,2,18823.85,0,3.67
1011,2026-02-01,162.2,2.2,0,82,3,0,13913.78,6,3.72
230,2025-10-01,193.3,9.3,0,0,4,0,8607.83,8,3.61
1218,2026-04-01,188.1,12.1,22168.37,75,2,0,7277.84,0,3.2
932,2025-09-01,173.5,5.5,0,94,3,1,12695.47,6,3.64
493,2026-03-01,177.2,9.2,24291.12,65,3,1,7255.2,12,3.85
34,2025-10-01,192.1,8.1,0,0,5,0,7833.1,8,4.11
937,2026-01-01,176,0,0,0,6,0,7228.5,8,4.05
132,2026-01-01,177.7,1.7,21056,55,2,0,7252.31,8,3.92
713,2026-02-01,161.5,1.5,14966.15,46,2,0,9855.8,12,3.64
1030,2026-01-01,176.2,8.2,0,80,4,1,10049.72,0,2.94
782,2026-04-01,185.6,9.6,,88,2,0,7113.29,2,3.69
999,2026-03-01,187.3,11.3,0,109,5,0,11205.49,12,3.47
1455,2026-01-01,105.6,0,0,48,3,0,7909.67,0,3.38
60,2026-05-01,159.6,7.6,16880.93,55,2,2,4659.19,8,3.22
5,2026-05-01,169.7,9.7,0,0,5,1,8485.46,6,4.07
182,2026-08-01,158.4,6.4,0,0,4,2,7328.41,6,3.4
432,2026-01-01,105.6,0,0,0,3,0,4046.33,8,3.51
342,2026-01-01,162.1,10.1,0,65,4,3,9529.64,0,3.36
975,2025-10-01,187.8,3.8,0,0,5,0,8169.77,0,3.26
988,2026-08-01,168.4,8.4,15102.1,48,1,1,10022.34,6,2.6
556,2026-02-01,86.4,0,0,32,2,2,7238.67,4,2.78
1221,2026-03-01,187.1,11.1,0,120,4,0,16781.74,4,3.4
915,2026-01-01,176.8,0.8,0,0,4,0,7370.68,6,3.58
144,2026-06-01,96,0,0,0,1,2,4432.67,2,2.43
705,2026-02-01,165.2,5.2,18142.25,61,2,0,7086.32,10,3.99
1419,2026-03-01,184.2,8.2,23347.96,93,3,0,6293.33,12,4.02
627,2026-07-01,182.8,6.8,0,109,5,1,16846.26,6,
560,2026-06-01,182.5,6.5,0,0,4,0,9578.78,8,3.26
780,2026-03-01,181.3,5.3,0,0,4,0,11419.8,6,4.27
379,2026-01-01,176,0,15961.87,47,1,0,7208.17,6,2.84
1086,2025-12-01,201.4,17.4,0,0,3,0,7685.28,4,3.48
1270,2026-08-01,144.2,8.2,0,99,5,4,14894.93,6,4.02
252,2025-11-01,168,16,0,0,4,1,7534.91,6,3.26
728,2026-06-01,178.2,10.2,0,0,4,1,9481.91,8,2.96
709,2026-01-01,173.4,5.4,11582.27,42,2,1,9705.29,4,2.51
883,2026-01-01,177.6,1.6,23019.68,62,4,0,7658.42,4,4.64
1269,2026-03-01,167.6,7.6,0,138,7,2,13359.95,4,4.4
1096,2025-12-01,203.4,19.4,0,193,4,0,14224.45,6,3.81
570,2026-02-01,162.6,2.6,23438.65,55,2,0,9095.99,4,4.11
1462,2026-07-01,176,0,16106.86,58,2,1,8468.83,0,3.09
1369,2026-03-01,177.9,1.9,26386.47,85,3,0,6892.66,10,4.56
1011,2025-09-01,186.6,18.6,0,118,6,1,15851.58,0,3.82
676,2025-12-01,208.2,24.2,0,0,4,0,9504.65,4,
1439,2025-12-01,165.6,13.6,0,0,3,4,8704.22,8,2.43
1447,2025-12-01,172.9,20.9,0,131,4,4,15607.1,2,3.14
170,2025-10-01,192.5,8.5,0,0,5,0,8415.08,6,3.67
424,2025-09-01,181.1,5.1,0,0,6,0,7037.99,8,3.55
8,2025-10-01,164,4,0,0,3,3,8730.43,4,2.89
267,2026-04-01,179.9,3.9,23765.55,68,2,0,8649.56,6,3.48
1277,2025-10-01,195.8,11.8,0,0,6,0,9064.72,4,3.58
883,2026-08-01,165.8,5.8,30096.32,75,3,1,7932.98,4,4.61
377,2025-10-01,193.3,9.3,37088.82,109,2,0,7293.97,0,4.13
415,2026-01-01,105.6,0,12386.99,32,2,0,4483.5,4,3.88
994,2026-01-01,176,0,0,0,4,0,9526.17,4,3.29
1136,2026-03-01,174.9,6.9,0,0,5,1,8159.78,4,3.33
649,2025-10-01,185.9,9.9,0,0,4,1,9812.49,8,3.6
1082,2025-11-01,176.7,16.7,0,111,4,0,12846.08,2,2.44
589,2026-02-01,148.5,4.5,0,0,3,2,8492.31,10,3.48
1358,2025-11-01,171.8,11.8,0,111,3,0,15227.38,8,2.69
215,2025-10-01,160.6,8.6,27094.23,79,2,4,10551.91,8,3.73
1192,2026-06-01,188.6,12.6,0,103,4,0,11275.22,6,3.27
786,2025-12-01,190.4,14.4,0,0,7,1,12405.44,2,4.23
1360,2026-03-01,180.1,12.1,0,136,4,1,11220,10,
1135,2026-01-01,105.6,0,0,0,2,0,6872.67,2,3.29
18,2026-05-01,183.9,15.9,0,116,5,0,9599.42,4,3.35
431,2025-11-01,166.5,14.5,0,0,3,1,9188.24,2,3.46
1070,2026-05-01,172.9,12.9,0,157,6,1,9391.65,8,4.59
337,2026-02-01,91.2,0,0,0,2,1,5723.83,10,3.14
427,2026-03-01,179.8,3.8,0,0,4,0,7413.7,12,3.37
1251,2026-03-01,185.5,9.5,0,0,4,0,9847.22,4,3.02
1325,2026-08-01,177.2,9.2,19564.21,66,2,0,8769.9,8,3.42
735,2025-12-01,200.2,16.2,49107.42,157,3,0,7337.71,2,4.39
499,2025-09-01,105.6,0,12266.81,36,1,0,4859.67,2,3
660,2025-11-01,176.8,16.8,0,0,5,0,9630.2,0,4.09
974,2025-09-01,105.6,0,0,75,3,0,7004.83,4,4.68
147,2025-10-01,195.4,11.4,0,0,7,0,10622.33,8,4.06
1103,2026-03-01,181,5,29771.8,82,3,0,6068.35,6,4.02
1001,2026-05-01,168.4,8.4,21965.21,67,2,1,7294.31,4,3.76
121,2026-01-01,170.5,2.5,0,0,6,1,12162.73,0,3.8
580,2025-09-01,96,0,0,0,3,2,4209,4,4.35
429,2025-09-01,184.4,8.4,0,0,3,0,10665.78,8,3.48
1088,2026-02-01,167.5,7.5,0,44,3,0,11378.68,12,1.82
843,2025-10-01,183,7,27780.71,87,2,1,9132.8,2,3.36
1091,2026-03-01,180.9,4.9,0,0,4,0,12123.85,6,3.88
1354,2025-11-01,157.3,13.3,0,0,4,2,8933.41,0,3.54
475,2026-03-01,180,12,0,0,6,1,8203.6,10,4.12
912,2026-04-01,184.2,8.2,0,0,4,0,8253.19,2,3.42
730,2026-02-01,155.1,3.1,0,0,4,1,13425.08,12,3.92
1236,2026-01-01,181.9,5.9,0,78,3,0,11102.5,6,3.1
1380,2026-07-01,190.9,6.9,0,151,8,0,12572.95,2,4.56
443,2026-03-01,168.3,8.3,34021.74,72,3,2,12019.29,6,4.33
225,2025-11-01,156,12,0,0,3,2,10122.64,6,3.49
164,2026-06-01,172.1,12.1,0,0,3,2,9535.32,0,3.4
86,2026-03-01,180.4,4.4,0,0,5,0,14405.91,12,3.51
1168,2025-09-01,179.8,3.8,23127.51,70,3,0,7371.7,4,3.84
1288,2026-06-01,178.3,10.3,0,0,3,1,11438.27,6,3.92
1434,2026-05-01,171,11,0,0,3,1,9820.59,6,3.08
210,2026-06-01,182.5,6.5,0,0,3,0,10137.18,8,3.12
933,2026-07-01,187.4,3.4,18591.58,53,2,0,10204.16,2,3.06
71,2026-05-01,179.1,11.1,0,0,4,0,14352.51,2,2.96
536,2026-06-01,105.6,0,0,83,3,0,7533.5,2,4
27,2026-06-01,181.9,5.9,0,0,4,0,7586.88,4,3.92
1153,2025-12-01,192,24,0,162,5,2,14476,0,3.12
1430,2025-09-01,176.4,8.4,0,99,2,1,9815.13,6,3.13
1436,2026-01-01,178.9,2.9,0,0,3,0,9171.19,8,3.72
1326,2026-04-01,165.8,5.8,,62,2,2,7495.22,0,3.5
717,2026-04-01,177,9,27204.18,66,2,1,7491.3,8,3.81
140,2025-11-01,176.6,16.6,0,0,3,0,9290.09,0,3.27
1366,2025-11-01,167.6,15.6,0,0,5,1,9080,2,3.49
1053,2026-07-01,191.9,7.9,0,0,9,0,11915.3,4,4.73
1230,2025-11-01,166,14,0,0,3,1,6383.1,2,3.22
84,2025-12-01,201.2,25.2,0,197,6,1,23417.73,8,3.97
1088,2025-11-01,174.6,14.6,0,90,3,0,12035.2,0,1.97
279,2026-08-01,181.5,13.5,0,93,4,0,13738.83,8,
1258,2026-03-01,179.6,3.6,0,0,4,0,9497.96,10,3.32
559,2025-10-01,189.1,13.1,0,145,4,1,12858.63,2,3.45
1087,2025-11-01,180.8,20.8,0,107,3,0,14911.86,16,3.27
383,2025-09-01,173.1,5.1,0,0,3,1,7844.76,2,3.81
12,2026-03-01,187.8,11.8,0,0,5,0,11653.03,6,4.33
492,2026-04-01,183.1,7.1,16580.94,47,1,0,8481.99,4,2.33
129,2026-08-01,100.8,0,0,0,2,0,5093.5,0,4.1
773,2026-06-01,182.7,6.7,0,0,7,0,11616.63,4,3.85
345,2025-10-01,193,9,0,0,4,0,10224.27,0,3.25
339,2026-05-01,168.9,8.9,18562.09,56,2,1,11124.89,4,3.15
317,2025-12-01,203.7,19.7,0,0,3,0,12590.08,8,2.53
1004,2026-07-01,159.5,7.5,0,0,4,4,6420.13,0,3.31
1225,2025-11-01,167.2,15.2,0,0,5,1,8996.11,0,3.51
39,2026-04-01,170.3,2.3,0,0,3,1,7776.77,0,2.86
881,2026-05-01,100.8,0,0,67,4,0,8041.83,6,4.1
216,2026-04-01,175.4,7.4,0,0,5,1,9411.42,6,3.97
485,2025-11-01,169.7,17.7,0,0,3,1,9110.07,8,3.27
1232,2026-07-01,170.5,2.5,0,0,5,2,8807.85,0,2.99
81,2026-08-01,174,6,0,0,3,0,13507.22,6,2.96
673,2026-05-01,100.8,0,13699.4,47,1,0,5225.67,,3.75
928,2026-06-01,175.5,7.5,0,0,4,1,8758.66,6,2.45
108,2025-12-01,203.7,19.7,0,0,5,0,11816.59,0,4.18
79,2026-05-01,149.9,13.9,0,112,3,4,20991.03,4,4.45
869,2026-01-01,175.1,7.1,0,97,5,1,15075.49,2,4.28
838,2026-07-01,110.4,0,0,54,2,0,8113,8,3.37
1299,2026-04-01,183.7,7.7,0,132,3,0,11039.67,8,3.63
1409,2025-09-01,181.3,5.3,0,0,5,0,8134.22,6,3.74
293,2025-11-01,91.2,0,0,75,1,1,6882.83,8,3.43
147,2026-02-01,163.3,3.3,0,0,3,0,9944.61,10,3.49
336,2026-02-01,164.6,4.6,0,69,3,0,12962.94,10,3.17
1331,2026-04-01,175.5,7.5,0,0,6,1,8812.79,6,3.98
198,2025-09-01,177,9,0,0,4,1,7473.69,2,4.43
1334,2026-05-01,158.5,6.5,0,124,4,2,13101.02,4,4.05
454,2026-04-01,184,8,20395,65,2,0,7022.35,0,2.67
941,2026-07-01,185,1,0,0,5,0,6265.59,6,3.85
1101,2026-06-01,105.6,0,14105.88,39,1,0,4524.17,4,3.1
1108,2026-03-01,171.2,3.2,0,0,4,1,8755.6,12,3.52
413,2026-08-01,173,5,23874.34,70,2,0,8835.27,0,
430,2025-11-01,157.5,13.5,0,0,4,2,10389.28,6,4.31
1274,2026-02-01,154.4,2.4,0,0,2,1,7627.7,4,2.33
1263,2025-12-01,110.4,0,17638.92,68,1,0,5286.67,2,3.31
851,2026-04-01,191.9,15.9,0,141,6,0,14988.97,8,4.6
195,2026-03-01,183.7,7.7,20119.95,67,1,0,8349.97,10,3.08
1450,2026-05-01,179.3,11.3,0,0,4,0,9752.02,6,3.58
762,2026-08-01,164.6,4.6,0,0,3,1,9905.38,8,2.3
353,2025-10-01,195.6,11.6,0,0,3,0,7775.13,2,2.93
767,2026-05-01,170.4,10.4,0,0,5,1,6903.88,8,3.24
848,2026-06-01,105.6,0,14566.7,48,1,0,5063,4,3.44
489,2025-12-01,206.7,22.7,40956.62,120,3,0,8137.6,2,3.76
649,2026-04-01,186.5,10.5,0,0,5,0,9859.42,8,3.7
713,2025-12-01,199.5,15.5,41042.32,111,2,0,11034.56,6,3.77
62,2025-11-01,167.1,15.1,0,0,6,1,26289.47,0,3.96
284,2026-06-01,182.2,6.2,29906.63,99,3,0,5966.67,6,4.25
442,2026-08-01,178.3,10.3,23354.86,78,2,0,9467.3,0,3.77
168,2026-02-01,161.5,9.5,0,0,2,1,10386.34,6,3.28
772,2026-02-01,170.4,10.4,0,73,4,0,15957.6,4,2.97
405,2026-04-01,168.2,8.2,0,0,4,2,12042.25,2,4.55
1402,2025-10-01,198.6,14.6,22236.39,72,2,0,8840.32,6,2.81
1103,2025-09-01,160.8,0.8,19019.99,52,2,2,5856.94,8,3.41
469,2026-03-01,151.2,7.2,16691.19,46,2,4,10162.92,12,3.15
850,2026-03-01,189.6,13.6,0,77,4,0,13544.94,8,2.61
489,2026-07-01,191.6,7.6,28789.73,75,3,0,7248.83,4,4.08
1396,2025-09-01,181.7,5.7,0,0,3,0,11233.57,6,3
1287,2026-05-01,164.3,12.3,0,121,3,2,13206.13,2,3.46
889,2026-01-01,180.8,4.8,0,0,6,0,10027.76,2,4.04
61,2026-02-01,145.9,1.9,0,0,4,2,14002.34,,3.14
695,2025-12-01,205.1,21.1,37096.73,134,2,0,7622.62,4,3.73
540,2025-12-01,110.4,0,0,96,4,0,5296.83,6,3.61
722,2026-02-01,150.2,6.2,0,69,4,2,18371.33,10,3.17
365,2026-08-01,163.2,3.2,0,0,2,1,6718.2,2,2.76
95,2026-08-01,167.5,7.5,0,0,4,1,6506.74,6,3.23
1188,2026-03-01,179.7,11.7,0,119,3,1,9471.85,4,3.22
839,2026-06-01,187.3,11.3,0,155,6,0,12299.26,0,3.97
612,2025-09-01,105.6,0,15361.74,45,2,0,5378.17,4,4.02
447,2026-04-01,173.1,5.1,0,0,5,1,9468.91,0,3.36
182,2025-09-01,177.1,9.1,0,0,3,1,7490.66,2,3.43
892,2026-01-01,176.6,0.6,17346.21,45,1,0,11323.16,2,3
1184,2025-10-01,193.3,9.3,0,0,7,0,9326.17,6,3.95
386,2026-01-01,176.8,0.8,0,0,6,0,9131.45,2,3.77
108,2026-07-01,186.9,10.9,0,0,7,1,11047.78,4,4.19
5,2026-06-01,183.5,7.5,0,0,3,0,8336.42,4,3.47
918,2026-08-01,168.5,8.5,22528.18,71,2,1,10074.09,8,3.75
385,2025-10-01,159.4,7.4,25941.15,77,2,4,8059.2,8,4.02
1275,2026-06-01,168.5,8.5,0,0,2,2,6548.7,8,3.03
1194,2026-07-01,178,10,0,88,4,2,11355.78,2,
403,2026-01-01,177.4,1.4,0,0,5,0,7758.54,4,4.1
91,2026-06-01,188.5,12.5,19669.07,75,2,0,9193.4,2,2.71
1023,2026-01-01,179.2,3.2,0,0,4,0,8839.18,6,3.84
1485,2026-01-01,105.6,0,15863.86,35,1,0,5073.17,4,4.27
605,2026-04-01,184.9,8.9,33520.2,82,2,0,8737.86,2,4.41
529,2026-07-01,185,1,0,0,7,0,6142.53,6,4.36
777,2026-06-01,185,9,0,0,6,0,9588.68,0,4.03
766,2025-12-01,199.9,15.9,66784.8,186,4,0,10964.15,0,4.88
37,2025-10-01,175.9,7.9,35291.47,116,3,2,7060.11,0,4.83
374,2026-02-01,156.5,4.5,0,0,5,1,8988.76,8,3.75
949,2026-07-01,193.4,9.4,0,0,6,0,6134.48,4,3.91
612,2026-01-01,105.6,0,10688.47,32,1,0,5378.17,2,3.93
352,2026-07-01,184,0,0,0,4,0,7645.33,4,2.61
1199,2026-01-01,172.1,4.1,0,0,3,1,12190.72,8,3.46
993,2026-02-01,155.5,3.5,0,69,3,1,10254.63,12,2.98
1345,2026-02-01,147.9,3.9,0,0,2,2,8197.64,4,3.08
1350,2025-10-01,169.6,9.6,0,0,4,3,9943.19,4,3.21
1032,2025-11-01,175,15,36572.46,117,2,0,8293.17,2,3.95
1156,2025-12-01,203.1,19.1,39337.16,106,2,0,10567.61,0,3.32
643,2025-10-01,191.9,15.9,0,159,6,1,13057.52,8,3.78
1038,2025-09-01,176.2,8.2,22193.27,62,2,1,6077.71,6,3.61
788,2025-09-01,105.6,0,0,51,2,0,6689.67,8,2.87
606,2026-07-01,100.8,0,0,0,4,2,6028.83,4,
880,2025-10-01,196.7,12.7,0,0,4,0,8417.88,8,3.71
1426,2026-04-01,187.8,11.8,0,0,5,0,9535.32,4,3.57
1021,2026-08-01,177.3,9.3,20533.79,66,2,0,9765.57,2,3.32
82,2026-02-01,150.8,6.8,0,0,4,2,16739.48,6,3.68
798,2026-04-01,100.8,0,0,50,2,1,5225.67,6,2.92
443,2026-02-01,163.9,3.9,26682.97,67,2,0,11592.3,12,4.81
1121,2026-08-01,152,0,0,0,4,2,7991,2,3.42
1424,2026-07-01,186.8,2.8,0,165,6,0,13661.87,0,4.95
235,2026-03-01,187.8,11.8,0,0,5,0,11966.77,8,3.89
982,2026-01-01,179.7,3.7,20604.99,54,2,0,8760.98,2,3.18
939,2025-09-01,181.3,5.3,0,0,5,0,14811.72,4,3.08
722,2026-03-01,191,15,0,96,4,0,19699.14,12,3.33
987,2026-07-01,183.1,7.1,22187.03,60,3,1,7273.36,0,3.31
773,2026-02-01,163.7,3.7,0,0,6,0,11331.57,6,4.17
330,2026-06-01,179.5,11.5,23552.47,72,3,1,7843.24,0,3.26
436,2026-08-01,151.6,7.6,0,0,5,3,8245.68,8,4.02
180,2026-01-01,172.4,4.4,0,67,4,1,9224.01,8,2.63
1237,2025-11-01,151.9,15.9,21599.46,71,2,3,9009.57,16,3.44
50,2026-06-01,182.1,6.1,0,0,2,0,7706.41,6,2.72
1083,2026-08-01,145.6,9.6,0,0,3,4,8643.86,4,2.6
1047,2026-04-01,183.9,7.9,0,0,5,0,11687.21,6,4.41
1125,2025-12-01,197.3,13.3,26053.22,93,2,0,9239.5,6,2.79
1462,2026-08-01,163.8,3.8,16970.32,57,2,1,8747.33,0,2.96
1327,2026-08-01,172,4,0,97,4,0,10118.88,0,3.57
426,2025-11-01,173.4,13.4,27589.75,82,2,0,8747.46,8,3.32
1241,2025-12-01,200.6,16.6,38593.69,113,3,0,8825,8,3.47
1428,2026-03-01,178.5,10.5,0,89,5,1,13186.56,12,3.1
900,2025-09-01,182.4,6.4,0,132,7,0,12575.26,4,4.53
178,2026-07-01,165.9,5.9,0,115,4,3,9937.75,0,3.87
462,2026-07-01,196.3,12.3,0,134,4,0,12418.71,0,3.74
283,2026-02-01,156.9,4.9,0,0,3,1,9908.92,8,3.21
242,2025-11-01,165.9,13.9,0,0,5,1,7266.56,8,3.3
83,2025-10-01,190.5,6.5,0,0,4,0,19103.87,2,2.86
581,2025-10-01,190.5,6.5,0,0,5,0,12607.05,0,3.5
1092,2026-01-01,176,0,0,0,5,0,8580.67,0,3.74
236,2026-02-01,163.7,3.7,0,0,4,0,9369.53,10,4.31
804,2025-09-01,173.9,5.9,22279.18,73,2,1,7576.37,6,3.27
807,2025-12-01,100.8,0,0,75,3,2,7594.5,8,3.03
1236,2026-02-01,165.3,5.3,0,68,3,0,11047.65,8,2.87
1343,2026-08-01,166.6,6.6,0,0,4,1,11736.09,4,
214,2026-01-01,176,0,20096.39,55,2,0,8814.5,,3.56
821,2025-10-01,191.2,7.2,0,0,5,0,10065.72,6,4.41
1396,2025-10-01,194.4,10.4,0,0,5,0,11668.99,6,3.1
1301,2026-01-01,177.8,1.8,18608.38,55,2,0,7650.85,2,3.17
1228,2026-02-01,153.6,1.6,0,0,3,1,8617.02,12,3.97
777,2025-11-01,160.9,16.9,0,0,6,2,10196.85,6,4.02
845,2026-03-01,179.7,3.7,27383.01,99,2,0,8719.01,8,4.46
1146,2025-12-01,203.1,19.1,0,0,4,0,10603.15,6,3.21
139,2025-11-01,174.7,14.7,0,0,3,0,10990.12,4,3.5
1220,2026-04-01,189.7,13.7,0,118,6,0,14476.56,8,3.64
36,2026-03-01,189.9,13.9,0,114,5,0,12300.77,10,3.13
289,2025-09-01,180.5,4.5,0,0,3,0,7224.8,4,3.23
454,2025-12-01,206.1,22.1,21129.57,69,1,0,7823.73,,2.18
1314,2026-02-01,161.6,1.6,0,0,2,0,7637.81,4,3.27
904,2025-10-01,100.8,0,0,0,2,2,5225.67,6,3
235,2026-04-01,174.2,6.2,0,0,4,1,11440.57,8,3.91
1224,2025-09-01,175.1,7.1,0,0,3,1,14374.05,6,3.06
385,2026-05-01,178.2,10.2,33249.49,102,2,0,8242.73,0,4.27
140,2026-06-01,183.4,7.4,0,0,3,0,8643.36,2,2.99
428,2026-04-01,163,11,0,0,5,3,9519.96,6,3.89
705,2025-12-01,199.8,15.8,48451.8,149,2,0,7708.36,0,3.9
988,2026-07-01,185,9,17984.96,54,2,1,10070.86,2,
266,2026-07-01,188,4,0,0,4,0,11181.26,2,2.97
175,2026-08-01,171.7,3.7,0,0,3,0,10062.02,8,3.05
1080,2026-01-01,171.7,3.7,0,0,7,1,12066.02,,4.17
31,2026-02-01,165.5,5.5,0,0,4,0,10224.54,4,3.09
1378,2026-03-01,185.6,9.6,0,0,5,0,9194.42,4,3.44
593,2025-12-01,194.6,10.6,39166.71,113,2,0,8568.63,8,3.36
353,2026-05-01,165.4,5.4,0,0,4,1,7396.03,2,3.13
870,2026-01-01,177.2,1.2,0,0,4,0,8066.24,2,4.26
936,2026-07-01,110.4,0,0,0,2,0,5002,4,3.63
1075,2026-06-01,105.6,0,8988.44,32,1,0,3914.17,6,2.22
1282,2026-05-01,100.8,0,17127.93,45,1,0,5378.17,2,3.77
152,2026-02-01,157.4,5.4,11806.95,47,2,1,6800.09,10,2.87
1129,2025-09-01,188.3,12.3,0,103,5,0,12902.41,0,3.14
876,2026-04-01,182.9,6.9,28008.87,86,3,0,9513.21,4,3.71
1309,2025-11-01,164.9,12.9,0,0,4,1,9832.41,0,3.42
686,2026-07-01,174.8,6.8,0,0,3,2,7750.75,4,3.09
631,2026-06-01,100.8,0,14730.41,43,1,1,5042.67,8,3.69
1255,2026-03-01,96,0,13242.72,42,1,2,3832.83,6,3.55
651,2026-03-01,184.8,8.8,24513.83,68,2,0,11991.22,8,2.96
326,2026-02-01,160,0,25118.55,64,3,0,9729.5,4,3.93
124,2026-04-01,164.8,4.8,0,0,5,2,6726.6,4,4.29
1294,2026-02-01,49.9,1.9,0,0,1,0,2721.72,4,3.5
786,2026-06-01,176.8,8.8,0,0,6,1,11870.87,4,4.31
1425,2026-02-01,136,0,0,0,4,3,8052,10,3.17
540,2026-03-01,100.8,0,0,69,2,1,5296.83,4,3.67
213,2026-06-01,182.1,14.1,0,76,3,1,10928.09,4,2.27
760,2026-04-01,105.6,0,0,0,2,0,5246,8,2.94
161,2025-10-01,192.8,8.8,21543.86,66,1,0,8172.85,6,3.15
830,2026-03-01,152,0,23264.77,68,2,3,7716.5,12,4.07
679,2026-03-01,186.9,10.9,0,138,4,0,15909.69,8,3.64
244,2026-03-01,150,6,0,0,4,4,8502.17,6,2.73
772,2025-09-01,186.8,10.8,0,96,3,0,16008.28,2,2.84
1467,2026-04-01,186.2,10.2,0,0,4,0,8497.21,6,4
1044,2026-02-01,154.6,2.6,0,0,5,1,8804.92,12,4.17
1397,2025-12-01,200.2,24.2,0,188,6,1,10582.45,8,3.3
82,2025-09-01,174.8,6.8,0,0,4,1,16739.48,0,3.59
54,2026-04-01,186.5,10.5,0,131,5,0,11090.46,0,3.38
387,2026-05-01,170.4,2.4,0,0,4,0,11872.23,4,3.72
439,2026-08-01,96,0,0,0,3,1,4961.33,6,3.71
1181,2025-12-01,198.5,14.5,0,0,6,0,8490.25,4,4.34
1228,2025-10-01,173.8,5.8,0,0,4,2,8925.93,2,3.89
16,2025-11-01,159.9,7.9,0,0,5,1,10101.39,0,4.35
409,2025-11-01,176,16,35145.95,100,3,0,8634.47,6,3.8
272,2026-04-01,190,14,0,0,6,0,11671.96,2,4.16
150,2025-12-01,202.3,18.3,54620.15,164,4,0,9845.33,2,4.41
1175,2025-12-01,198.2,14.2,34207.59,90,2,0,9612.27,6,2.91
373,2025-10-01,195.6,11.6,40465.63,116,3,0,9621.03,6,4.12
1340,2025-09-01,177.3,9.3,12345.49,40,1,1,5537.46,0,2.08
764,2026-01-01,184.1,8.1,0,93,4,0,13305.4,4,3.61
807,2025-10-01,110.4,0,0,75,2,0,7594.5,4,3.14
951,2026-06-01,180.1,12.1,28796.73,77,3,1,7884.33,0,3.37
1080,2025-12-01,198.2,14.2,0,0,8,0,13128.39,6,4.62
1486,2026-06-01,190.2,14.2,0,0,5,0,8915.89,6,3.18
78,2026-02-01,141.5,5.5,0,0,3,3,15294.21,8,4
247,2026-03-01,174.7,6.7,0,0,4,1,8260.71,8,2.88
1189,2026-04-01,182.6,14.6,18836.51,47,1,1,11210.71,4,2.54
1413,2026-02-01,130.1,2.1,11960.34,36,1,4,12721.9,6,2.82
1070,2025-09-01,186,10,0,160,6,0,9179.62,0,4.38
994,2026-07-01,182.5,6.5,0,0,5,1,10062.01,4,3.48
876,2026-06-01,184.3,8.3,30946.9,91,2,0,9621.97,6,3.73
728,2026-02-01,154.7,2.7,0,0,3,1,8916.41,6,3.28
1056,2026-02-01,162.9,2.9,0,0,4,0,9817.35,12,2.85
1355,2026-05-01,177.4,9.4,22031.73,64,2,0,11279.52,2,3.19
1486,2025-12-01,201.9,17.9,0,0,5,0,9170.13,6,3.08
337,2026-04-01,100.8,0,0,0,2,1,5723.83,8,3.16
746,2025-10-01,185,9,0,146,4,1,10320.75,2,4.1
462,2026-03-01,176.6,8.6,0,114,3,1,12059.32,12,3.43
1148,2026-08-01,163.6,3.6,15705.81,62,1,1,10902.73,2,3.09
1136,2025-11-01,166,14,0,0,5,1,8632.88,4,3.86
890,2026-08-01,165.8,5.8,0,0,2,1,9694.68,6,3.15
32,2026-04-01,181.9,13.9,0,106,4,1,9681.16,4,2.97
719,2026-03-01,178.3,10.3,21011.96,66,3,1,7518.48,6,3.48
837,2026-02-01,96,0,0,0,2,0,5246,8,3.53
1440,2026-01-01,145.6,1.6,0,0,4,4,7173.98,4,3.11
445,2025-11-01,96,0,0,0,2,0,5784.83,4,2.88
630,2025-11-01,176.2,16.2,0,0,4,0,9111.28,8,3.43
181,2026-03-01,181.6,5.6,23289.71,65,2,0,11938.48,12,3.11
5,2026-08-01,170.3,10.3,0,0,4,1,8526.11,4,3.49
21,2025-09-01,177.2,9.2,27938.92,82,3,1,6036.85,8,4.72
607,2026-08-01,175.2,7.2,0,0,4,0,8812.9,4,3.87
567,2026-02-01,156.2,4.2,0,0,4,1,7575.52,10,3.52
418,2026-06-01,182.1,6.1,0,0,5,0,9600.9,0,3.62
1014,2026-02-01,157.4,5.4,0,92,5,1,12865.89,4,3.58
1107,2026-04-01,191.1,15.1,0,0,5,0,9541,6,3.29
265,2026-02-01,167.5,7.5,0,61,3,0,14637.46,10,2.47
481,2026-03-01,96,0,0,0,2,2,4595.33,4,2.85
1188,2026-06-01,188,12,0,134,4,0,9494.18,0,3.67
484,2026-01-01,172.6,4.6,0,114,7,1,10095.67,4,4.4
369,2026-02-01,169.5,9.5,0,71,3,0,10958.47,8,3.34
593,2025-11-01,172.1,12.1,28886.62,80,2,0,8670.51,4,3.09
1253,2026-04-01,171.3,3.3,0,0,4,1,4628.51,8,2.59
1074,2026-08-01,177.3,9.3,0,137,6,0,11281.48,,
1112,2025-09-01,186.1,10.1,0,96,6,0,14327.63,2,3.4
1208,2025-12-01,194.6,18.6,43973.83,137,3,1,9584.12,0,4.3
1449,2026-06-01,192.1,16.1,0,0,6,0,11374.66,8,4.65
946,2026-07-01,181.3,5.3,0,0,6,1,9107.74,4,3.73
388,2025-12-01,202.6,18.6,0,0,7,0,12216.22,4,4.12
807,2026-01-01,105.6,0,0,51,2,0,7594.5,0,3.19
445,2025-09-01,105.6,0,0,0,3,0,5784.83,4,2.99
280,2026-06-01,42,2,6334.54,18,0,0,1800.27,2,3.71
1337,2026-01-01,170.9,2.9,17445.96,58,3,1,10671.93,6,4.23
906,2026-08-01,181.8,13.8,0,0,4,0,8888.41,2,
533,2025-09-01,105.6,0,0,0,2,0,4849.5,8,3.69
1385,2026-03-01,182.1,6.1,26997.03,80,1,0,13111.6,,3.45
830,2025-09-01,166.5,6.5,26213.65,71,2,2,8150.55,4,4.12
1226,2025-10-01,180.7,12.7,0,0,3,2,9331.89,8,3.44
846,2026-06-01,173.1,13.1,0,128,4,2,14013.19,6,3.7
1404,2026-02-01,146.7,2.7,17844.73,59,1,2,6796.85,4,3.81
998,2025-12-01,211.1,27.1,0,267,6,0,10542.79,6,4.86
1315,2025-11-01,165.7,13.7,0,0,4,1,13134.66,6,3.58
1136,2026-05-01,172.7,4.7,0,0,5,0,8013.18,2,3.11
88,2025-09-01,173.6,5.6,0,0,5,1,13761.23,2,3.87
312,2026-04-01,171.8,3.8,0,0,6,1,12044.64,4,4
931,2026-01-01,181,5,0,94,4,0,13533.98,8,3.76
1158,2025-09-01,160.6,8.6,0,79,3,3,13949.06,8,3.15
153,2026-08-01,171.2,11.2,0,0,4,1,7137.31,8,4.06
786,2026-04-01,183,7,0,0,5,0,11699.05,6,4.48
715,2026-02-01,154.2,2.2,0,0,5,1,11634.53,10,4.58
982,2026-05-01,162.2,10.2,21358.55,66,2,2,9238.5,6,3.18
860,2025-12-01,100.8,0,0,116,4,2,7431.83,8,4.16
577,2026-01-01,176.9,0.9,0,0,5,0,8381.1,0,2.86
415,2026-02-01,91.2,0,10583.13,32,1,1,4483.5,6,3.58
129,2026-03-01,105.6,0,0,0,3,0,5093.5,6,
1433,2026-06-01,188.1,12.1,28912.18,78,3,0,7670.93,4,3.42
641,2026-02-01,163.7,3.7,23602.54,63,2,0,8330.8,10,4.31
1303,2026-01-01,173.9,5.9,14322.29,43,1,1,8879.86,2,2.44
1059,2026-05-01,172.8,12.8,0,0,4,1,9203.65,2,4.19
1044,2026-03-01,176.5,8.5,0,0,3,1,9244.58,10,3.94
123,2025-09-01,182.2,6.2,19325.03,66,2,0,6512.99,0,3.1
1429,2025-11-01,173.2,13.2,0,152,4,0,11158.09,4,4.1
1095,2026-02-01,157.3,5.3,21999.17,66,2,1,6709.4,10,4.59
1297,2026-05-01,174.3,6.3,0,0,7,0,10410.04,0,4.36
402,2026-06-01,184,8,30326.04,98,2,0,9163.84,8,4.41
429,2025-10-01,185,9,0,0,6,1,10717.41,6,3.98
721,2026-01-01,182.1,6.1,0,0,4,0,13207.93,6,2.61
1491,2026-03-01,184.2,8.2,0,0,6,0,10071.5,8,3.49
662,2026-04-01,183.1,7.1,0,0,5,0,8568.32,8,3.78
28,2025-11-01,152.3,8.3,0,0,4,2,12095.57,0,4.94
320,2025-10-01,180.9,12.9,18779.32,64,2,2,8091.96,8,2.81
524,2026-07-01,193.9,9.9,0,109,5,0,11832.39,4,3.31
1107,2025-11-01,144.6,8.6,0,0,2,3,9066.34,6,3.14
887,2025-12-01,201.8,17.8,45802.88,112,2,0,11392.48,2,3.37
1446,2026-05-01,174.6,6.6,23530.37,66,2,0,13240.72,4,2.92
837,2025-12-01,105.6,0,0,0,3,1,5246,4,3.77
1370,2026-02-01,135.5,7.5,0,67,3,4,9960.4,6,3.65
1079,2025-09-01,169.2,1.2,18781.14,67,2,1,5844.91,2,3.02
759,2026-05-01,176.1,8.1,0,0,4,0,5787.79,0,2.83
1200,2026-05-01,176,8,0,0,5,0,11555.36,6,4.11
52,2026-03-01,0.3,0.3,0,0,0,1,488.52,0.1,3.22
552,2026-04-01,109.8,5.8,0,0,2,0,5677.06,0,4.09
486,2026-03-01,184.5,8.5,0,0,5,0,10292.38,4,3.6
169,2026-07-01,180.3,12.3,0,106,6,2,14409.75,2,4
1061,2026-07-01,100.8,0,0,0,3,2,4137.83,0,
127,2026-02-01,160,0,0,0,3,0,6811.67,8,3.33
1368,2026-04-01,188,12,0,0,3,0,6733.46,4,3.54
839,2026-08-01,181.1,13.1,0,111,5,0,12473.77,6,3.77
843,2026-01-01,159.5,7.5,13433.06,45,1,3,9170.06,4,3.44
1478,2025-12-01,203.4,19.4,37983.67,113,2,0,9023.86,4,3.21
784,2025-09-01,181.8,5.8,25983.27,82,2,0,9548,2,3.69
816,2025-09-01,105.6,0,16770.58,38,2,0,5683.17,4,3.66
744,2025-12-01,204.9,20.9,0,0,4,0,6446.93,0,3.78
605,2026-01-01,178.4,2.4,25044.41,70,4,0,8281.5,0,4.47
282,2025-12-01,105.6,0,0,121,2,1,9414.33,8,4.42
935,2026-06-01,105.6,0,0,76,2,0,6476.17,,4.13
1084,2026-02-01,155.5,3.5,19083.2,55,2,1,8421.58,8,3.72
1162,2026-02-01,164.7,4.7,0,78,5,0,16441.59,6,3.7
212,2026-02-01,121,1,16042.65,46,2,0,6085.54,6,4.39
99,2025-12-01,105.6,0,23935.72,88,2,1,6923.5,0,4.53
1442,2026-02-01,167.6,7.6,0,0,3,0,9979.33,4,3.38
812,2025-12-01,209.7,25.7,0,195,6,0,15149.45,8,3.76
538,2025-10-01,183,7,0,0,5,1,9574.89,8,3.04
255,2026-03-01,183.2,7.2,0,0,6,0,7084.88,8,4.03
75,2026-02-01,160,0,12358.29,41,2,0,10705.5,4,2.72
1326,2026-07-01,180.7,4.7,23914.79,74,3,1,7427.28,2,3.44
1141,2026-05-01,168,8,0,0,4,1,9446.48,2,3.3
986,2025-11-01,159,15,0,111,4,2,12968.12,0,3.01
649,2026-07-01,189.5,5.5,0,0,5,0,9468.35,4,3.53
1337,2025-09-01,155.4,3.4,22360.89,60,1,3,10716.98,2,3.59
533,2025-12-01,105.6,0,0,0,2,1,4849.5,6,3.38
231,2026-01-01,156.8,4.8,15689.53,39,2,3,8862.97,0,3.1
491,2026-05-01,162.2,10.2,0,0,4,2,9504.04,8,2.99
307,2025-11-01,163,11,27543.9,81,2,1,8072.48,6,3.32
386,2026-08-01,167.5,7.5,0,0,4,1,9657.26,2,3.78
319,2025-12-01,192.1,16.1,0,0,3,1,9915.18,,3.35
765,2025-12-01,201,17,43591.31,121,2,0,9131.61,6,3.7
86,2026-06-01,172.5,4.5,0,0,3,1,14417.92,2,3.7
1133,2026-05-01,177.4,9.4,0,0,6,0,13203.42,8,4.64
123,2025-11-01,175,15,27502.03,76,1,0,6983.72,6,3.27
543,2026-01-01,176,0,0,0,5,0,6333.83,0,3.76
1271,2025-09-01,184.1,8.1,22516.17,86,2,0,8659.93,6,3.94
146,2025-09-01,165.8,13.8,0,67,3,3,15637.22,8,
361,2026-07-01,183.7,7.7,16762.74,60,2,1,6745.04,4,2.88
1017,2026-08-01,179,11,0,89,4,0,10911.77,8,3.25
919,2026-06-01,179.2,11.2,0,0,3,1,10639.06,6,3.17
988,2025-12-01,178.3,18.3,23034.15,66,1,3,10822.8,8,2.34
213,2026-07-01,184,8,0,64,3,1,10413.95,4,2.22
755,2026-07-01,187.8,3.8,19159.81,77,2,0,9954.94,0,3.4
15,2026-01-01,182,6,0,118,7,0,4491.71,8,4.38
1183,2026-01-01,105.6,0,9511.71,32,1,0,5113.83,2,3.28
1117,2026-06-01,185.2,9.2,0,119,5,0,12062.72,4,3.31
1304,2026-02-01,164.5,4.5,0,83,3,0,9717.57,4,3.53
387,2025-11-01,173,13,0,0,5,0,12939.12,0,3.54
542,2025-11-01,156.3,12.3,0,0,3,2,11035.1,0,2.96
637,2025-10-01,193.6,9.6,0,0,6,0,7382.97,6,3.46
213,2026-01-01,187.1,11.1,0,60,3,0,10675.24,2,2.02
1204,2025-12-01,198,14,37237.84,118,2,0,7363.36,0,3.66
67,2026-08-01,173.4,5.4,0,0,3,0,14228.04,8,3.75
873,2025-10-01,184.4,8.4,0,0,5,1,10404.04,0,3.71
1022,2026-03-01,181.2,5.2,0,0,4,0,9073.04,6,3.5
1255,2026-06-01,105.6,0,18609.57,46,1,0,3832.83,4,3.94
923,2026-06-01,175.1,7.1,20633.06,58,2,1,7726.59,6,3.07
1127,2026-02-01,161.3,1.3,0,0,4,0,13241.98,12,2.85
1388,2025-12-01,100.8,0,0,0,3,2,5713.67,,3.61
364,2026-07-01,178.1,10.1,0,79,2,2,17644.21,2,2.55
838,2025-12-01,110.4,0,0,93,2,0,8113,0,3.3
786,2026-07-01,189.3,5.3,0,0,7,0,11536.77,6,4.28
566,2025-12-01,194.9,18.9,0,249,5,1,18217.43,4,4.35
797,2025-10-01,200.2,16.2,0,115,3,0,13261.2,8,2.82
772,2025-12-01,193.5,25.5,0,150,3,2,17870.65,0,2.63
260,2025-09-01,169.4,1.4,0,0,4,1,9981.14,0,2.85
1316,2025-09-01,153,9,0,0,4,4,6431.38,4,3.47
1244,2026-05-01,96,0,0,51,2,1,9861.67,8,2.67
657,2026-04-01,182.6,6.6,0,0,6,0,8103.49,0,3.67
181,2025-12-01,197.8,13.8,40294.34,93,2,0,12746.5,2,3.01
133,2026-07-01,168.1,16.1,0,89,4,4,15336.1,4,3.12
1349,2025-10-01,182.5,14.5,0,128,3,2,11122,6,3.31
978,2026-02-01,167.7,7.7,15734.43,51,2,0,8154.78,8,3.51
582,2026-06-01,188.2,12.2,37664.16,82,2,0,9992.39,6,3.99
882,2026-01-01,96,0,0,57,2,2,6201.67,4,4.32
654,2026-06-01,17.5,1.5,0,12,0,0,790.43,3.5,4.4
1164,2026-06-01,172.5,4.5,0,0,3,1,6886.8,8,4.01
215,2025-12-01,202.7,18.7,51970.84,167,4,0,11410.3,4,4.42
957,2026-06-01,179.6,11.6,24147.94,76,2,1,7719.2,0,3.73
670,2026-04-01,178.5,2.5,21849.03,60,2,0,8998.9,6,3.03
173,2025-11-01,170.8,10.8,23485.21,73,2,0,9115.82,4,3.35
1095,2026-05-01,174.6,6.6,31164.95,85,2,0,6781.57,8,4.75
1165,2026-04-01,176.4,8.4,0,0,5,1,8909.96,4,3.28
1,2026-01-01,170.7,2.7,0,0,5,1,4681.9,8,3.47
737,2025-09-01,186.7,10.7,0,0,5,0,8953.1,2,4.16
1123,2026-04-01,162.1,2.1,30390.56,80,3,2,7836.03,,4.67
504,2026-06-01,182.3,6.3,0,0,4,0,7785.87,4,3.06
675,2026-04-01,184.1,8.1,0,132,6,0,15252.79,8,4.54
1467,2026-02-01,137.5,1.5,0,0,3,3,7909.35,12,3.83
1500,2025-11-01,166.8,14.8,0,0,5,1,13842.82,6,3.44
55,2025-09-01,168.2,8.2,0,86,4,2,4899.65,6,3.33
1283,2026-06-01,190.8,14.8,0,170,7,0,11250.88,6,4.3
154,2025-12-01,204,20,24313.44,90,2,0,7668.6,2,2.49
1090,2026-06-01,184.3,8.3,0,0,3,0,11234.71,6,3.33
830,2026-01-01,178.5,2.5,24434.22,65,3,0,7883.44,2,4
976,2025-10-01,200.5,16.5,0,141,7,0,17822.55,6,3.73
513,2026-07-01,192,8,0,110,6,0,11479.26,6,3.69
1420,2026-04-01,189.3,13.3,0,0,4,0,12073.7,4,3.55
1465,2026-02-01,169.6,9.6,10983.7,35,1,0,10174.42,10,2.18
185,2026-04-01,174.4,6.4,0,0,6,1,8508.69,4,3.7
1462,2026-04-01,185.7,9.7,20567.57,77,2,0,9179.73,4,3.19
49,2026-01-01,179.6,3.6,13322.94,53,2,0,7548.05,0,2.91
551,2026-01-01,180.5,4.5,0,54,3,0,11272.52,8,2.55
950,2026-03-01,188.5,12.5,0,143,7,0,9982.79,4,4.74
618,2026-04-01,166.2,6.2,0,0,5,2,14268.58,0,2.97
898,2025-11-01,168.5,16.5,0,127,5,1,10456.51,4,3.76
1281,2026-06-01,179.6,11.6,0,0,6,1,9923.09,0,3.46
1199,2026-06-01,183.7,7.7,0,0,5,0,12557.49,0,3.52
1315,2025-10-01,193.8,9.8,0,0,4,0,12738.35,0,3.66
1339,2026-05-01,177.3,9.3,0,0,8,0,9930.34,2,4.68
964,2026-07-01,182.7,6.7,17591.17,46,1,1,11035.8,0,2.53
516,2026-06-01,171,11,0,0,3,2,6079.41,4,2.36
644,2026-02-01,157.9,5.9,0,78,4,1,8408.46,8,3.18
41,2025-09-01,189.3,13.3,0,0,4,0,7255.56,8,4.12
1188,2026-07-01,193.7,9.7,0,94,4,0,9322.99,2,3.34
90,2025-10-01,183.3,7.3,27575.64,74,2,1,11068.34,0,3.3
1399,2026-08-01,177.6,9.6,0,0,4,0,9535.77,8,4.11
1269,2025-09-01,187.9,11.9,0,135,7,0,13826.42,6,4.14
757,2026-04-01,180.7,4.7,0,0,3,0,9955.95,2,3.12
1013,2025-12-01,206.1,22.1,40303.57,112,3,0,9470.83,8,3.25
44,2026-04-01,187.2,11.2,0,0,2,0,11932.69,2,2.12
1425,2026-01-01,176.6,0.6,0,0,6,0,8093.81,0,3.36
853,2026-08-01,170.7,2.7,0,0,3,0,7230.93,8,3.82
1055,2026-06-01,96,0,15455.16,47,1,2,4087,2,3.41
104,2026-07-01,181.3,5.3,18293.92,49,2,1,10048.15,0,2.81
640,2026-02-01,163,3,0,0,3,0,10169.84,8,3.32
1348,2026-04-01,170.6,2.6,0,0,6,1,10665.7,,3.81
1189,2025-12-01,207.4,23.4,38088.23,125,2,0,11968.68,4,3.11
254,2026-03-01,105.6,0,0,0,2,0,4646.17,10,
1489,2026-06-01,185,9,0,0,4,0,8405.16,0,3.85
1062,2025-11-01,171.7,11.7,0,0,5,0,10188.4,0,4.76
912,2026-08-01,173.2,5.2,0,0,6,0,8053.12,0,3.64
612,2026-08-01,100.8,0,12903.22,38,2,0,5378.17,4,4.09
221,2026-06-01,190,14,0,0,4,0,9095.92,0,2.79
299,2026-01-01,176,0,0,0,6,0,12820.17,6,4.25
563,2026-01-01,171.2,3.2,0,89,4,1,11190.03,0,3.79
503,2026-05-01,153.5,1.5,26245.34,77,2,2,10628.19,8,3.95
731,2025-11-01,168.1,16.1,30838.78,83,2,1,9973.1,4,3.53
541,2026-01-01,176,0,0,0,3,0,7736.83,2,3.2
562,2026-08-01,19.2,0,0,0,0,1,1287.78,2,3.45
1310,2026-04-01,184.6,8.6,0,0,3,0,8323.56,0,3.25
1441,2026-03-01,179.6,3.6,20469.28,72,3,0,6856.14,12,3.41
828,2025-11-01,175.5,15.5,27286.21,82,2,0,8428.7,0,3.23
138,2026-06-01,166.7,14.7,0,93,3,3,13751.98,4,3.03
127,2026-04-01,183,7,0,0,4,0,7224.3,2,2.91
799,2026-06-01,186.8,10.8,0,0,6,0,6547.83,2,3.86
296,2025-12-01,186.8,18.8,0,145,4,2,12494.49,4,2.78
1403,2026-02-01,162.5,2.5,13426.48,36,1,0,7966.54,6,2.74
1360,2026-05-01,178,10,0,148,3,0,11035.43,6,4.13
501,2026-02-01,156.8,4.8,0,0,6,1,7232.27,4,4.4
313,2025-10-01,188.9,12.9,0,0,6,1,7515.58,8,3.24
444,2026-07-01,194.9,10.9,0,139,5,0,18980.37,2,4.27
297,2025-12-01,171.6,19.6,0,68,1,4,16385.92,6,1.78
450,2026-06-01,100.8,0,14795.24,46,1,1,4656.33,6,3.78
989,2026-06-01,163.9,11.9,26566.03,67,2,3,9711.01,0,3.53
347,2026-02-01,165.1,5.1,0,0,3,0,7473.22,8,2.65
1189,2026-01-01,176,0,15665.45,48,3,0,9953.17,0,3.09
1387,2026-05-01,152.5,8.5,0,0,6,3,8305.94,4,4.08
1244,2026-07-01,110.4,0,0,45,2,0,9861.67,6,2.83
190,2026-08-01,91.2,0,0,0,3,2,6608.33,6,4.68
754,2026-03-01,171.5,11.5,0,0,3,2,9278.11,4,3.46
627,2026-04-01,187.8,11.8,0,142,6,0,17534.68,0,4.14
77,2026-01-01,182.1,6.1,0,0,4,0,14674.29,2,4.44
560,2026-07-01,181.2,5.2,0,0,2,1,9476.76,0,2.72
378,2026-02-01,162.1,10.1,0,0,4,1,8269.34,10,3.04
1130,2026-02-01,147.7,3.7,0,0,3,2,10817.45,6,3.04
844,2026-05-01,176.6,8.6,0,0,7,0,9372.19,2,4.11
1233,2026-02-01,166.4,6.4,20551.15,58,1,0,8723.28,6,3.99
1332,2025-10-01,193.9,9.9,0,0,4,0,12947.19,6,3.26
612,2025-10-01,110.4,0,18301.68,50,1,0,5378.17,8,3.79
1476,2026-04-01,191.8,15.8,0,115,5,0,13775.66,6,3.48
344,2025-11-01,165.7,13.7,0,0,4,1,11303.77,6,3.35
1165,2025-12-01,184.2,16.2,0,0,5,2,9470.63,2,3.15
34,2025-12-01,192,16,0,0,4,1,8333.54,8,3.89
830,2026-08-01,164.5,4.5,28882.9,67,2,1,8017,8,4.29
576,2025-10-01,195.8,11.8,0,0,4,0,10050.74,0,4.36
321,2026-08-01,178,10,0,0,4,0,8561.02,8,4.09
721,2025-10-01,190.8,6.8,0,0,3,0,13283.93,4,2.57
1251,2026-01-01,178.4,2.4,0,0,5,0,9288.15,0,3.18
80,2026-04-01,180.7,4.7,26264.63,73,2,0,13785.97,6,3.67
569,2025-10-01,197.9,13.9,0,136,5,0,10111.23,4,3.29
924,2026-03-01,172,4,0,0,6,1,12548.68,12,4.15
1353,2026-01-01,176,0,0,0,4,0,8814.5,0,2.88
2,2026-06-01,189.6,13.6,0,0,6,0,4999.81,2,3.46
238,2026-01-01,181.5,5.5,19566,61,2,0,8307.44,4,3.62
355,2026-01-01,168.4,0.4,0,0,3,1,9424.18,2,3.73
171,2025-11-01,166.8,6.8,36896.13,116,2,0,8493.53,6,4.27
1038,2026-08-01,156.5,4.5,20908.34,59,2,2,5896,6,3.98
76,2025-09-01,185.5,9.5,0,0,6,0,12201.75,0,4.57
1222,2026-01-01,181.9,5.9,0,97,6,0,12993.88,8,3.47
667,2025-11-01,158.1,14.1,0,0,4,2,9616.27,2,3.45
609,2025-09-01,178.7,10.7,23493.47,75,2,1,7520.16,8,3.85
651,2025-09-01,180.1,4.1,24900.04,70,2,0,11538.02,6,3.17
656,2026-07-01,172.9,12.9,0,93,5,3,12070.13,8,3.3
1308,2025-11-01,96,0,0,0,3,0,6018.67,2,
1253,2026-01-01,179.3,3.3,0,0,4,0,4628.51,8,2.9
429,2026-07-01,177.9,1.9,0,0,6,1,10106.49,2,3.91
114,2025-11-01,178,18,0,0,5,0,9835.02,2,3.39
190,2025-09-01,100.8,0,0,0,3,1,6608.33,6,
854,2025-10-01,190.1,14.1,0,0,5,1,9673.3,2,3.61
560,2025-12-01,200.9,16.9,0,0,6,0,10394.96,2,3.01
877,2025-10-01,196,12,0,0,4,0,7698.59,4,2.71
480,2025-09-01,181,5,0,0,3,0,14329.48,4,3.06
1368,2026-01-01,168,0,0,0,4,1,6100,2,3.24
764,2025-11-01,175,15,0,128,4,0,14047.84,6,3.32
234,2026-07-01,110.4,0,0,53,3,0,5337.5,8,3.43
446,2026-04-01,184.5,8.5,0,0,6,0,9037.21,6,3.72
1230,2026-08-01,165.3,5.3,0,0,5,1,5954.46,0,3.35
561,2026-01-01,176.7,0.7,0,0,5,0,8131.46,8,4.11
1012,2025-12-01,203.8,19.8,0,0,6,0,10527.28,2,3.49
923,2025-12-01,179.6,19.6,27450.24,80,2,3,8514.02,8,3.15
1436,2025-09-01,176.3,0.3,0,0,3,0,8969.89,2,4.12
64,2026-02-01,168.5,8.5,0,77,5,0,25321.65,12,3.63
908,2026-04-01,184.8,8.8,0,0,4,0,7778.98,6,3.45
756,2026-05-01,171.2,11.2,0,0,3,1,9479.24,0,3.44
504,2026-07-01,186.9,2.9,0,0,4,0,7568.63,2,2.74
1098,2026-02-01,86.4,0,0,0,3,2,4107.33,4,3.88
1248,2025-12-01,201.2,17.2,0,187,6,0,10149.86,8,3.58
694,2025-12-01,100.8,0,0,76,2,2,5581.5,2,3.25
1057,2026-07-01,191.8,7.8,0,0,6,0,8259.07,0,3.87
217,2025-12-01,204.2,20.2,0,182,3,0,18787.72,6,3.13
1497,2025-10-01,196.6,12.6,31044.02,78,3,0,8817.23,4,3.43
792,2026-04-01,166.5,6.5,19422.6,64,1,2,11941.26,2,2.97
917,2025-10-01,190.7,6.7,0,0,5,0,9766.57,,2.92
1329,2026-04-01,185.7,9.7,0,0,5,0,8287.1,4,2.93
686,2026-01-01,171.9,3.9,0,0,4,1,7567.05,6,3.35
1333,2025-11-01,161.9,9.9,29007.75,80,2,1,7306.94,8,3.84
286,2025-12-01,190,22,0,0,5,2,7769.64,6,3.84
1329,2025-11-01,165.8,5.8,0,0,4,0,8029.07,8,2.73
1480,2026-06-01,177.2,9.2,0,0,7,1,10043.12,0,4.34
709,2026-08-01,171.2,3.2,16370.95,51,2,0,9528.76,0,2.37
1435,2025-12-01,206,22,0,0,3,0,8314.24,2,2.85
1120,2025-09-01,156.1,4.1,20955.25,68,2,3,10780.05,6,4.35
619,2026-01-01,170.3,2.3,0,74,4,1,10638.62,2,3.58
1421,2026-06-01,186.9,10.9,0,122,3,0,17218.51,2,3.18
468,2025-09-01,172.8,4.8,0,0,4,1,8746.49,6,2.92
723,2026-02-01,160.6,0.6,0,0,3,0,8114.25,4,3.35
1084,2026-04-01,186.8,10.8,,73,2,0,8937.95,0,3.71
1019,2026-02-01,148.6,4.6,23123.97,62,2,2,7928.53,8,4.16
166,2025-09-01,184.6,8.6,14575.16,43,2,0,6302.74,10,3.59
1191,2026-07-01,193.7,9.7,0,102,4,0,17940.69,8,3.32
540,2026-01-01,100.8,0,0,54,2,1,5296.83,0,3.38
86,2026-05-01,179.4,11.4,0,0,4,0,15246.57,8,3.96
613,2025-09-01,187.1,11.1,0,0,3,0,8201.43,2,3.55
936,2026-06-01,105.6,0,0,0,3,0,5002,0,3.68
173,2026-02-01,163.6,3.6,13361.1,47,2,0,8596.39,10,3.21
746,2026-04-01,170.2,10.2,0,123,6,2,10420.18,8,4.46
363,2025-10-01,194.5,10.5,0,0,4,0,11234.64,2,4.05
813,2025-09-01,187.2,11.2,0,0,3,0,9914.17,2,2.5
623,2025-11-01,181.4,21.4,0,119,3,0,12182,4,3.16
48,2026-03-01,183.2,7.2,0,0,6,0,6804.08,8,3.99
2,2026-07-01,170,2,0,0,4,2,4550.76,2,3.06
1351,2025-12-01,199,23,0,218,5,1,13762.76,2,3.82
543,2026-07-01,187.9,3.9,0,0,4,0,6547.6,6,3.82
1253,2026-06-01,168.5,8.5,0,0,3,2,4831.01,2,2.75
796,2025-12-01,190.4,14.4,0,0,6,1,12245.37,6,3.48
1045,2026-04-01,186.9,10.9,0,0,6,0,8333.12,2,4.08
13,2026-02-01,157.9,5.9,0,0,4,1,11861.19,8,3.54
370,2026-08-01,173.6,5.6,22808.68,53,2,0,10115.73,6,3.13
1494,2025-09-01,168.3,8.3,17008,50,2,2,8989.95,2,2.46
749,2026-01-01,160,0,17315.47,60,3,2,7777.5,8,4.01
640,2026-05-01,178.6,10.6,0,0,3,0,10821.78,6,3.2
908,2026-07-01,192.5,8.5,0,0,3,0,7760.21,4,
381,2026-08-01,178.5,10.5,0,0,3,0,10025.78,0,2.81
1108,2026-07-01,191.6,7.6,0,0,6,0,9080,6,3.59
701,2025-09-01,176.5,8.5,0,105,3,1,11874.98,4,3.36
774,2025-11-01,169.9,9.9,35140.27,91,3,0,7549.77,8,4.21
1424,2025-12-01,202.7,18.7,0,261,5,0,15497.22,4,4.42
21,2026-04-01,176.5,8.5,26957.38,91,2,1,6002.98,8,4.6
458,2026-01-01,170.8,2.8,0,104,5,1,8065.82,8,4.35
364,2025-10-01,196.4,12.4,0,81,2,0,17967.17,8,2.44
877,2025-09-01,175,7,0,0,3,1,7396.82,0,2.38
1050,2025-10-01,186.5,10.5,0,160,4,1,13652.36,0,3.78
937,2026-02-01,153.1,1.1,0,0,5,1,7297.31,8,4.26
299,2026-05-01,167.8,7.8,0,0,5,1,13685.53,2,4.13
1189,2026-02-01,164.4,4.4,15178.49,42,1,0,10332.15,10,2.65
718,2026-05-01,100.8,0,15972.67,53,2,0,6171.17,4,4.25
531,2026-03-01,187.3,11.3,0,132,6,0,12745.69,12,4.11
982,2025-09-01,181.9,5.9,22595.35,63,3,0,8922.6,8,3.24
1453,2025-11-01,166.2,14.2,27329.21,84,2,1,8128.19,8,3.21
102,2025-11-01,168,16,0,0,5,1,14722.58,,3.72
491,2026-04-01,183.2,7.2,0,0,6,0,9277.31,4,3.28
1284,2026-08-01,181.3,13.3,0,112,6,0,11676.92,0,3.79
1132,2026-01-01,179.1,3.1,22274.75,56,2,0,9729.53,4,3.85
254,2026-08-01,100.8,0,0,0,2,0,4646.17,4,3.81
702,2025-09-01,182.2,14.2,0,86,4,1,14475.48,2,2.99
703,2026-04-01,105.6,0,7941.75,26,1,0,3812.5,6,2.44
1165,2025-09-01,178.1,10.1,0,0,5,1,9032.16,4,3.06
636,2025-12-01,181.1,13.1,26464.42,85,2,2,7312.21,0,2.77
613,2026-01-01,186.5,10.5,0,0,6,0,8162.58,0,3.55
942,2026-07-01,188.6,12.6,25711.38,86,3,1,13620.47,8,4.13
1257,2025-12-01,199.8,15.8,0,0,2,0,8806.25,0,1.79
1113,2026-01-01,178.4,2.4,0,0,5,0,8198.48,2,4.34
1184,2026-08-01,169.9,9.9,0,0,5,1,9370.99,2,
798,2026-06-01,105.6,0,0,70,2,0,5225.67,4,3.19
972,2026-05-01,153.5,9.5,0,0,5,3,11310.55,8,3.9
1213,2026-07-01,176,0,0,0,6,1,9444.83,0,3.94
667,2025-12-01,195.3,19.3,0,0,7,1,10001.94,8,3.8
675,2026-01-01,177.8,1.8,0,100,5,0,14475.69,8,4.43
296,2025-11-01,178.8,18.8,0,123,3,0,12494.49,6,2.93
1325,2025-12-01,192.3,16.3,36411.94,111,2,1,9269,8,3.1
1054,2025-11-01,177,17,31346.24,82,2,0,11615.69,4,3.44
801,2026-03-01,105.6,0,12328.71,30,1,0,4554.67,8,2.9
885,2026-02-01,145.5,9.5,0,0,2,3,9913.24,4,2.75
321,2025-12-01,186.6,18.6,0,0,5,2,9147.41,8,3.7
450,2026-08-01,100.8,0,13563.74,48,1,0,4656.33,4,3.94
1343,2025-12-01,191.6,15.6,0,0,4,1,12600.77,2,3.46
322,2026-05-01,175.9,15.9,21874.69,70,2,1,12328.89,2,
873,2026-01-01,182.2,6.2,0,0,6,0,10219.39,2,3.91
474,2025-12-01,209,25,0,186,4,0,12069.4,8,3.34
856,2025-09-01,188.7,12.7,0,0,5,0,9670.41,0,3.41
1268,2025-11-01,173,13,0,115,2,0,11129.45,8,2.71
1340,2026-07-01,154.6,2.6,12462.9,33,1,4,5240.31,6,2.21
1466,2026-07-01,179.8,3.8,0,0,3,1,7644.72,8,3.42
1397,2026-06-01,191.7,15.7,0,142,6,0,9938.82,6,3.64
796,2026-02-01,167,7,0,0,5,0,11548.09,12,3.36
96,2025-12-01,105.6,0,0,106,3,1,5805.17,2,3.8
558,2026-07-01,196.2,12.2,0,0,3,0,10419.51,6,2.81
801,2026-04-01,100.8,0,10267.46,32,1,1,4554.67,8,2.74
434,2026-05-01,176.8,8.8,0,0,6,0,10306.33,8,
145,2026-08-01,154.5,10.5,0,98,3,3,11489.72,0,3.25
719,2026-04-01,116.7,4.7,15763.05,48,2,1,4987.48,8,3.71
447,2026-02-01,162.2,2.2,0,0,4,0,9241.32,6,3.44
1434,2026-06-01,179.8,11.8,0,0,5,1,9882.67,6,3.27
422,2025-10-01,173.4,13.4,0,0,5,3,9621.08,4,3.4
1341,2026-01-01,178.3,2.3,18087.08,55,3,0,11613.31,4,3.71
1181,2026-07-01,190.1,6.1,0,0,7,0,7941.89,4,
258,2025-12-01,206.5,22.5,0,173,4,0,13615.93,2,3.55
793,2025-10-01,188.3,12.3,0,100,4,1,13217.38,6,2.85
1324,2025-12-01,196.9,20.9,0,173,5,1,13794.28,2,2.93
180,2025-09-01,158.1,6.1,0,67,2,3,9354.73,6,2.45
882,2025-10-01,105.6,0,0,82,3,1,6201.67,,4.2
1281,2025-11-01,172,12,0,0,4,0,9954.3,8,
859,2026-07-01,178.2,2.2,25191.03,77,2,1,6454.42,8,3.84
166,2026-08-01,177.9,9.9,24356.3,67,2,0,6368.74,6,3.45
23,2025-09-01,182.9,6.9,0,0,6,0,6571.98,2,3.68
1295,2025-09-01,186.1,10.1,0,98,5,0,13233.16,4,3.32
442,2026-07-01,188.1,4.1,25259.86,67,3,0,9000.92,6,3.79
968,2025-12-01,192.6,16.6,0,0,6,1,9487.75,4,3.73
493,2025-12-01,192.1,16.1,37849.52,122,2,1,7656.47,8,3.51
1087,2026-02-01,153.4,9.4,0,71,3,2,13665.15,4,3.04
1257,2026-03-01,182.4,6.4,0,0,3,0,8176.06,12,1.88
1473,2025-11-01,167.9,7.9,0,0,6,0,11893.58,6,3.61
1306,2025-11-01,176.2,16.2,0,0,3,0,9169.24,8,3.95
3,2026-02-01,81.4,1.4,0,0,2,0,4425.53,12,4.08
597,2026-04-01,177.9,1.9,32914.49,106,3,0,5993.62,8,4.65
1317,2026-04-01,185,9,0,0,3,0,7287.4,14,3.18
138,2026-08-01,148,12,0,92,3,4,13466.92,0,3.16
146,2026-03-01,187.2,11.2,0,93,4,0,15322.92,12,2.72
782,2025-10-01,189.7,5.7,29679.69,86,2,0,6891.63,8,3.82
116,2026-01-01,100.8,0,0,0,2,1,4524.17,2,3.23
227,2026-06-01,187,11,0,0,6,0,10744.75,0,3.46
1391,2025-12-01,202.8,18.8,0,0,5,0,10083.06,4,3.31
563,2026-06-01,197.9,21.9,0,155,8,0,12952.08,0,4.14
1227,2025-09-01,177.5,9.5,0,0,2,1,7723.74,8,2.68
202,2026-06-01,165.9,5.9,0,0,2,2,8238.72,2,2.92
1385,2026-01-01,180.2,4.2,25189.8,70,3,0,12906.83,2,4.05
1046,2025-09-01,186,10,0,117,5,0,9806.01,4,4.08
935,2025-12-01,100.8,0,0,84,3,2,6476.17,8,3.8
1419,2026-07-01,184,0,28306.48,72,2,0,5876.33,2,4.07
830,2026-06-01,153,9,24527.38,88,2,4,8317.5,4,4.04
349,2025-11-01,172.3,12.3,0,0,4,0,9797.73,2,3.67
1141,2025-09-01,186.4,10.4,0,0,4,0,9629.97,8,3.51
985,2026-02-01,164.2,4.2,0,0,3,0,9282.38,10,2.99
626,2025-12-01,197,13,42835.52,122,3,0,9432.89,8,4.15
369,2025-10-01,190.9,14.9,0,95,5,1,11431.67,4,2.89
890,2026-05-01,167.8,7.8,0,0,4,1,9854.45,2,3.22
80,2026-05-01,176.7,8.7,24222.75,79,2,0,14244.53,4,3.87
332,2026-07-01,187.8,3.8,0,0,6,0,8642.32,4,3.78
920,2026-07-01,189.2,5.2,0,0,5,0,10443.56,2,3.91
1406,2026-07-01,110.4,0,0,0,4,0,6771,8,4.05
1153,2025-10-01,177.3,9.3,0,117,4,2,12951.18,2,3.23
330,2026-05-01,177,9,20960.89,75,2,0,7688.91,6,3.17
851,2026-05-01,176.7,16.7,0,183,7,1,15080.19,0,4.75
169,2026-08-01,181.5,13.5,0,130,4,0,14545,4,3.96
542,2025-10-01,196.5,12.5,0,0,3,0,11052.36,2,3.04
1476,2026-08-01,182.7,14.7,0,122,5,0,13660.3,8,3.62
335,2026-06-01,161.2,17.2,0,98,4,4,9951.31,8,3.22
467,2025-10-01,187.2,11.2,0,0,5,1,7527.63,2,3.42
922,2026-04-01,105.6,0,0,0,2,0,5164.67,6,3.55
110,2026-01-01,175.1,7.1,18224.22,60,2,1,7661.84,8,4.04
1231,2026-01-01,183.8,7.8,0,0,6,0,7130.37,6,4.4
832,2026-07-01,185.2,1.2,25518.09,70,3,0,8454.06,6,3.94
907,2026-03-01,105.6,0,15597.58,44,1,0,6415.17,10,3.55
108,2026-01-01,158.5,6.5,0,0,3,3,10663.37,6,4.29
598,2026-05-01,140.4,4.4,20132.32,46,2,4,11598.61,2,3.01
1073,2026-02-01,144.8,0.8,0,0,4,2,10697.72,12,3.68
419,2025-12-01,202,18,0,0,5,0,8612.98,8,3.64
1187,2025-10-01,170.7,10.7,27006.04,68,2,3,7693.7,,3.31
988,2026-02-01,163.1,3.1,13601.73,41,1,0,9593.82,12,2.7
1085,2026-05-01,96,0,12598.37,31,1,1,5174.83,6,3.11
439,2026-05-01,96,0,0,0,3,1,4961.33,2,4.02
502,2025-11-01,153.4,9.4,0,0,4,2,11268.53,6,4.07
799,2026-02-01,163.9,3.9,0,0,4,0,6190.27,12,
53,2025-12-01,197.2,21.2,0,196,7,1,10467.72,2,3.88
458,2026-06-01,189,13,0,170,4,0,8760.94,2,3.97
1017,2026-02-01,163.9,3.9,0,92,4,0,10299.6,4,3.28
700,2026-03-01,155.1,11.1,0,0,3,4,10730.95,12,3.58
620,2026-05-01,176.3,8.3,0,0,6,0,9654.66,0,3.39
329,2025-10-01,183.3,7.3,24732.4,72,2,1,9252.44,6,3.12
804,2026-05-01,173.7,13.7,22615.62,56,2,1,8062.94,0,2.93
1412,2025-10-01,183.2,15.2,0,0,3,2,10123.5,4,3.33
303,2026-07-01,173.1,5.1,20775.48,59,3,2,8906.29,4,
929,2025-10-01,186.2,10.2,18319.29,69,2,1,8441.89,0,
556,2026-05-01,91.2,0,0,56,2,2,7238.67,4,3.2
1362,2026-04-01,182.4,6.4,0,0,5,0,8036.58,4,3.84
1364,2025-10-01,181.5,5.5,0,0,3,1,7742.96,6,3.26
1427,2026-08-01,170.2,2.2,0,0,5,0,13457.93,0,3.18
385,2025-09-01,183.4,7.4,28744.42,93,3,0,8059.2,6,4.37
766,2026-04-01,178.3,10.3,35156.6,101,3,1,10497.08,2,4.84
1162,2025-09-01,171.2,11.2,0,90,3,2,17330.29,4,3.11
450,2026-04-01,105.6,0,11642.87,41,1,0,4656.33,0,3.29
1217,2026-04-01,190.8,14.8,0,98,4,0,16010.42,8,3.19
632,2025-09-01,178.4,2.4,24753.92,70,2,0,8323.01,4,3.36
993,2026-04-01,187.3,11.3,0,118,5,0,10926.47,4,3.19
1292,2026-04-01,165.1,5.1,0,0,4,2,10042.14,6,3.99
392,2025-12-01,203,19,0,0,6,0,9056.3,2,3.37
753,2026-05-01,172.1,4.1,25870,69,2,0,8600.88,6,3.32
1493,2026-01-01,178.6,2.6,0,0,3,0,8576.22,8,4.15
460,2026-02-01,165.9,5.9,21662.98,73,3,0,11658.16,6,4.34
1391,2026-03-01,163.8,11.8,0,0,3,3,9557.73,12,3.09
1241,2025-09-01,181,5,22514.17,80,2,0,8050.39,0,3.38
184,2026-01-01,171,3,0,78,4,1,17189.64,4,3.45
1070,2026-03-01,181.3,13.3,0,159,4,1,9420.89,10,4.52
542,2026-03-01,180.8,4.8,0,0,4,0,10387.78,8,3.08
1304,2026-08-01,173.9,5.9,0,108,6,0,9830.89,6,3.86
808,2026-01-01,100.8,0,0,0,2,1,4188.67,4,3.05
771,2025-09-01,96,0,0,0,2,2,7879.17,2,3.06
793,2026-03-01,183.8,7.8,0,104,5,0,12752.18,8,3.26
1168,2026-06-01,181.7,5.7,28715.61,97,2,0,7489.05,4,3.89
1291,2026-04-01,173.8,5.8,,67,2,1,8723.07,6,3.21
1443,2025-09-01,188.4,12.4,0,104,4,0,11460.27,14,3.88
40,2025-09-01,182.7,6.7,0,72,4,0,9142.72,6,2.64
671,2025-10-01,198.2,14.2,0,132,4,0,13162.64,6,4.02
884,2025-12-01,196.9,28.9,0,194,6,2,15009.7,6,3.43
1306,2025-09-01,169.6,1.6,0,0,3,1,8153.18,8,3.68
847,2026-06-01,177.4,9.4,0,165,6,1,11653.31,0,
866,2025-09-01,186.2,10.2,0,0,4,0,14892.24,6,3.49
1212,2026-08-01,177.8,9.8,26396.7,74,3,0,8150.34,6,4.04
1199,2025-11-01,172.7,12.7,0,0,5,0,13066.9,6,
382,2026-02-01,137.2,1.2,0,77,3,3,9922.99,4,3.67
568,2026-08-01,168.1,0.1,19016.04,60,2,0,7377.21,4,2.99
104,2025-10-01,190.5,6.5,28194.39,69,2,0,10147.92,8,
1179,2026-05-01,177.8,9.8,26674.63,79,3,0,10334.06,4,3.92
741,2025-09-01,176,0,26711.35,79,3,0,5835.67,0,4.51
122,2026-05-01,177.9,9.9,22635.92,56,2,0,6898.55,4,2.91
428,2026-07-01,183.7,7.7,0,0,5,1,9271.72,8,4.08
594,2026-06-01,183.3,7.3,0,0,5,0,10225.24,2,3.07
323,2025-09-01,178.4,10.4,21700.9,82,3,1,7668.51,4,3.78
1447,2025-10-01,187.7,11.7,0,110,4,1,14554.85,2,2.95
1353,2025-10-01,194.4,10.4,0,0,3,0,9607.81,8,2.8
454,2026-02-01,160,0,10262.67,31,1,0,6567.67,12,2.24
394,2025-10-01,184.6,8.6,0,0,5,1,8432.79,6,4.01
899,2026-01-01,168.1,0.1,0,0,5,1,5199.66,2,4.47
344,2026-04-01,179.7,3.7,0,0,6,0,10429.24,8,3.71
297,2026-02-01,148.5,4.5,0,40,2,2,14555.24,10,1.93
348,2026-05-01,96,0,0,71,2,1,7808,6,3.85
1256,2025-10-01,196.7,12.7,0,0,6,0,9681.69,2,3.94
960,2025-10-01,202,18,0,143,4,0,12502.34,6,3.73
677,2026-03-01,183.8,7.8,29189.4,93,2,0,9919.57,6,3.77
814,2026-02-01,152,0,19889.09,51,2,1,5650,6,3.9
1323,2026-08-01,86.4,0,0,0,2,3,6100,2,3.63
113,2026-07-01,184.1,0.1,24471.3,65,2,0,8791.6,6,3.15
561,2025-11-01,156.4,12.4,0,0,5,2,8949.81,2,3.77
131,2026-04-01,179,3,0,0,2,0,6487.84,8,2.31
954,2025-09-01,183.4,7.4,0,0,5,0,9497.96,0,3.69
686,2026-03-01,182.3,6.3,0,0,4,0,7719.08,10,3.4
786,2026-08-01,166.3,6.3,0,0,4,1,11632.23,8,4.24
432,2025-09-01,105.6,0,0,0,3,0,4046.33,6,3.59
291,2026-01-01,177.8,1.8,0,0,5,0,7289.47,8,3.58
1221,2026-04-01,187.2,11.2,0,121,3,0,16794.99,8,3.37
94,2026-02-01,137.5,1.5,14328.77,41,1,3,8630.26,6,2.84
307,2026-01-01,176.5,0.5,17644.72,47,1,0,7402.73,6,3.44
164,2026-07-01,178.2,2.2,0,0,5,1,8795.83,8,3.17
1117,2025-12-01,185.5,17.5,0,123,5,2,12865.26,2,2.85
505,2026-06-01,184.5,8.5,0,0,6,0,8622.46,6,3.86
601,2025-09-01,163.9,3.9,0,0,3,2,7819.28,8,3.14
809,2026-04-01,177.3,9.3,0,0,4,1,6305.33,0,3.54
645,2026-02-01,169.3,9.3,23552.15,51,2,0,10688.3,12,3.8
773,2026-07-01,179,3,0,0,6,1,11265.06,,3.71
989,2025-09-01,150.4,6.4,16531.1,51,2,4,9291.96,4,3.1
1078,2025-12-01,171.3,19.3,30624.27,75,1,4,9432.43,0,
684,2026-02-01,168.4,8.4,19410.93,56,2,0,11112.91,12,3.9
649,2025-09-01,181.6,5.6,0,0,4,0,9476.17,6,3.51
637,2026-04-01,184.9,8.9,0,0,4,0,7341.68,6,3.44
633,2025-09-01,185,9,26700.5,74,3,0,8799.67,8,3.7
113,2026-01-01,178.7,2.7,15647.8,46,1,0,8989.24,2,2.94
389,2026-07-01,196.3,12.3,0,121,5,0,17626.92,6,3.51
769,2025-12-01,198.8,14.8,40640.06,121,2,0,9347.06,0,3.67
199,2026-08-01,170.3,10.3,0,109,3,1,14439.02,6,
206,2025-11-01,96,0,0,0,3,0,4148,0,3.98
478,2026-05-01,166.2,6.2,20935.66,55,2,1,8334.05,8,2.92
194,2026-01-01,183.8,7.8,0,75,4,0,13218.85,2,3.36
730,2026-04-01,174.8,6.8,0,0,5,1,13843.71,2,3.72
1484,2026-06-01,185.8,9.8,26708.77,82,3,0,9418.66,8,3.89
503,2025-11-01,163.7,11.7,37701.51,82,2,1,11554.32,0,3.86
903,2026-06-01,184.5,8.5,0,0,4,0,8338.68,2,3.44
90,2026-08-01,170.8,2.8,16474.58,54,2,0,10662.93,2,2.99
10,2026-02-01,164.1,4.1,0,0,2,0,11474.85,12,2.83
916,2026-08-01,170.9,2.9,0,0,4,0,6638.69,8,2.61
1424,2026-04-01,178.7,10.7,0,132,5,1,14573.78,8,4.49
1112,2026-05-01,166.3,14.3,0,96,5,2,14806.53,4,3.58
244,2026-08-01,164.3,4.3,0,0,4,1,8383.26,4,2.79
753,2025-09-01,186.6,10.6,9066.39,21,1,0,9068.1,16,3.34
601,2025-10-01,168.3,8.3,0,0,3,3,8107.3,8,2.9
1175,2026-02-01,161.1,1.1,15471.87,42,2,0,8641.82,10,3.26
46,2026-04-01,168.1,8.1,18582.56,53,1,2,6636.38,6,2.9
1091,2026-07-01,173.4,5.4,0,0,5,2,12174.18,6,3.44
1496,2025-09-01,181,13,0,138,6,1,15551.82,2,3.82
715,2026-03-01,182.2,6.2,0,0,5,0,12029.74,6,4.69
213,2025-11-01,170.6,18.6,0,80,3,1,11307.38,8,2.22
405,2025-09-01,182.9,6.9,0,0,4,0,11915.75,2,4.28
502,2025-09-01,186.3,10.3,0,0,7,0,11349.69,0,
1316,2026-06-01,185.8,9.8,0,0,4,0,6472.69,4,3.64
1422,2025-10-01,177.6,9.6,0,0,6,2,8126.33,,4.29
860,2026-08-01,100.8,0,0,65,3,0,7431.83,4,4.21
1266,2026-03-01,186.7,10.7,0,143,4,0,9708.45,4,4.14
1408,2026-06-01,193.8,17.8,0,138,5,0,19300.33,6,3.33
457,2026-06-01,182.2,14.2,0,0,4,1,7351.9,0,3.26
374,2025-09-01,184.8,8.8,0,0,2,0,9310.7,10,3.67
1171,2026-07-01,191.5,7.5,0,0,6,0,16207.3,4,3.3
449,2025-10-01,171.5,11.5,0,95,3,3,13939.52,4,2.92
1494,2025-11-01,169.8,9.8,17331.01,65,2,0,9098.82,8,2.5
373,2026-07-01,180.8,4.8,21531.8,58,2,1,9106.52,8,3.74
973,2026-08-01,170.3,2.3,17079.66,57,2,0,8585.55,0,3.18
1406,2026-01-01,105.6,0,0,0,2,0,6771,4,3.89
604,2025-11-01,175.8,15.8,0,141,4,0,14053.02,4,3.52
330,2026-02-01,166,6,14148.01,40,2,0,7503.72,10,2.82
1271,2025-10-01,184.9,8.9,29141.43,98,3,1,8715.96,4,3.67
776,2025-11-01,91.2,0,0,0,3,1,7543.67,6,
1304,2026-03-01,169.4,9.4,0,86,3,2,10114.19,12,3.45
1300,2026-05-01,160.9,16.9,0,95,5,3,11210.71,2,3.46
263,2026-06-01,163.7,11.7,25726.78,72,1,3,10916.14,8,4.12
923,2026-07-01,187.6,3.6,18575.32,68,2,0,7506.11,4,3.28
1325,2026-01-01,180,4,15651.77,50,2,0,8404.35,8,3.61
251,2026-05-01,178.5,10.5,25287.08,85,3,0,9648.7,6,3.63
1057,2026-08-01,173.3,5.3,0,0,4,0,8091.69,6,3.88
640,2026-06-01,179,11,0,0,3,1,10856.09,2,3.48
1440,2026-05-01,176.6,8.6,0,0,3,0,7602.62,8,3.34
725,2026-06-01,186.7,10.7,0,0,6,0,10441.58,6,
285,2026-01-01,180.4,12.4,0,68,3,1,13033.63,6,3.01
10,2026-05-01,148.4,4.4,0,0,3,3,11503.62,6,2.84
1182,2026-06-01,184,8,0,0,5,0,8489.87,8,4.18
64,2026-07-01,171.4,3.4,0,86,5,2,24280.66,4,3.47
1210,2025-11-01,96,0,16099.08,47,1,0,5276.5,2,3.48
1259,2026-01-01,181.1,5.1,15650.42,48,1,0,10180.14,0,2.71
623,2025-10-01,195.7,11.7,0,111,3,0,11319.2,6,3.32
53,2026-03-01,186.5,10.5,0,137,5,0,9648.7,8,4
805,2025-12-01,205.5,21.5,40161,98,2,0,13710.23,4,3.07
508,2026-02-01,157.4,5.4,11165.27,37,1,1,10769.46,6,2.63
1282,2025-09-01,105.6,0,15733.42,45,2,0,5378.17,6,3.94
937,2026-06-01,184.7,8.7,0,0,6,0,7772.72,8,4.31
1452,2026-07-01,194.6,10.6,0,123,6,0,8957.11,2,3.8
1010,2026-04-01,105.6,0,0,0,3,0,6354.17,6,4.18
122,2026-07-01,179.5,3.5,17279.39,51,2,1,6546.62,8,3
420,2026-03-01,180.4,4.4,0,0,4,0,9086.81,4,4.65
1429,2025-09-01,180.4,12.4,0,132,5,1,11088.76,4,3.87
573,2026-07-01,184.1,8.1,0,103,6,1,12881.1,8,3.99
460,2026-01-01,179.1,3.1,19881.16,64,4,0,11389.39,,4.38
627,2025-09-01,182,6,0,144,7,0,16736.12,8,4.16
167,2025-11-01,166.4,14.4,0,0,4,1,8746.7,2,3.72
423,2025-12-01,207.8,23.8,0,203,5,0,12812.34,0,3.82
1380,2026-02-01,169.3,9.3,0,94,6,0,12819.36,8,4.19
1346,2025-11-01,171.1,19.1,27359.64,94,3,1,7463.67,4,3.72
529,2026-06-01,191.7,15.7,0,0,6,0,6917.23,6,
811,2025-10-01,186.3,10.3,22727.8,74,2,1,9755.2,16,3.24
255,2026-01-01,176,0,0,0,6,0,6669.33,2,4.13
245,2026-02-01,156.4,4.4,0,0,5,1,8189.73,10,3.85
824,2026-05-01,16.4,0.4,0,0,0,0,822.83,3.3,2.99
24,2026-02-01,147.8,3.8,0,0,5,2,6090.58,10,4.85
1383,2026-01-01,105.6,0,12134.87,32,2,0,4493.67,6,3.85
389,2025-09-01,180,12,0,120,5,1,17585.56,6,3.38
954,2025-10-01,198.1,14.1,0,0,7,0,10015.52,2,3.68
444,2026-08-01,181.2,13.2,0,145,7,0,19325.59,0,4.54
1215,2025-11-01,164.2,12.2,32631.56,88,2,1,8486.22,0,3.22
1111,2026-05-01,183.4,15.4,0,0,4,0,9804.86,8,3.27
1368,2025-11-01,149.6,5.6,0,0,3,2,6395.62,6,3.27
103,2026-02-01,160.4,0.4,0,76,4,0,10681.35,8,3.44
962,2026-02-01,152.9,0.9,21112.38,47,2,1,8381.1,12,3.83
551,2025-12-01,207.5,23.5,0,125,4,0,13056.51,0,2.26
932,2026-07-01,197.7,13.7,0,109,4,0,13555.43,2,3.58
141,2026-04-01,184,8,0,102,5,0,10469.55,0,3.48
683,2026-07-01,174.8,6.8,0,0,4,2,9979.1,6,3.82
358,2025-12-01,201.1,17.1,33307.75,120,2,0,10644.08,2,3.11
844,2025-11-01,170.4,10.4,0,0,4,0,9508.07,0,4.19
96,2025-11-01,96,0,0,98,2,0,5805.17,0,3.99
661,2026-03-01,180.4,4.4,0,0,5,0,8474.69,8,3.74
536,2025-10-01,110.4,0,0,74,3,0,7533.5,8,3.92
1059,2026-08-01,175.9,7.9,0,0,4,0,8852.3,4,4.23
646,2025-10-01,105.6,0,0,0,3,1,4229.33,8,3
1131,2026-07-01,171.5,3.5,0,0,5,2,6787.54,2,4.35
366,2026-02-01,150,6,14527.3,41,2,2,8598.42,4,3.15
663,2025-10-01,194.5,10.5,0,0,6,0,16480.43,6,3.79
121,2025-12-01,202.2,18.2,0,0,4,0,13780.23,8,3.74
1208,2025-11-01,166.1,14.1,32634.16,111,3,1,9262.64,0,4.67
1142,2026-02-01,91.2,0,0,51,1,1,5874.3,4,3.34
1170,2026-06-01,175.3,15.3,0,0,3,2,8738.19,0,3.51
231,2026-08-01,141.1,5.1,16497.42,44,2,4,8885.06,4,3.22
313,2026-05-01,170.3,10.3,0,0,3,1,7363.46,0,2.83
358,2026-03-01,166,6,18637.89,54,2,2,9753.43,4,3.03
151,2026-04-01,105.6,0,0,0,3,0,3395.67,2,3.92
292,2026-07-01,191.2,7.2,0,0,7,0,6847.28,8,4.86
698,2026-04-01,177.1,9.1,0,0,5,1,8795.77,2,3.78
1187,2026-01-01,181.1,5.1,16061.37,48,3,0,7352.45,,3.48
1249,2026-03-01,169.7,9.7,0,81,4,2,15519.8,6,2.96
1301,2026-07-01,161.5,1.5,18676.22,51,2,3,7631.29,4,3.33
603,2026-05-01,96,0,16685.24,40,1,1,4808.83,2,3.94
1241,2026-08-01,156.3,4.3,18959.1,58,1,2,8003.64,4,3.32
348,2025-09-01,100.8,0,0,73,3,1,7808,0,3.66
1421,2025-12-01,208,24,0,153,6,0,19002.24,6,3.13
1472,2026-03-01,166.7,6.7,0,0,3,2,7679.88,4,3.11
220,2025-10-01,182.2,6.2,36562.01,97,4,1,7959.13,0,4.57
1279,2026-02-01,160.2,8.2,0,0,4,1,8732.26,10,3.1
615,2026-01-01,176,0,0,0,5,0,9699,6,3.68
651,2026-02-01,156.1,4.1,15698.27,45,2,1,11538.02,4,2.66
632,2026-08-01,166.5,6.5,24362.5,58,2,1,8612.31,0,3.63
1233,2026-08-01,174.2,6.2,26474.51,71,3,0,8708.98,6,3.77
1329,2025-12-01,180.7,20.7,0,0,5,3,9014.88,4,2.77
122,2025-11-01,172.9,12.9,23970.44,71,2,0,7063.51,4,2.85
449,2026-02-01,159.9,7.9,0,59,3,1,13544.56,10,2.9
1073,2026-06-01,185.9,9.9,0,0,7,0,11534.37,4,3.9
652,2026-01-01,176,0,0,0,5,0,10176.83,8,3.39
1155,2025-09-01,183.3,7.3,0,91,4,0,8982.22,2,2.63
1470,2025-12-01,96,0,0,84,3,3,8021.5,2,3.86
956,2025-10-01,196.1,12.1,0,0,6,0,9928.41,6,4.33
1125,2026-06-01,188.1,12.1,20071.3,62,2,0,9153.46,8,3.04
51,2026-07-01,186.4,2.4,0,0,6,0,5707.8,6,
812,2026-08-01,168.4,8.4,0,100,6,1,13294.05,8,4.14
764,2025-12-01,206.8,22.8,0,207,6,0,14887.12,0,3.35
1062,2026-03-01,184.6,8.6,0,0,5,0,9940.2,12,4.35
17,2026-04-01,168.9,8.9,0,0,7,2,5474.85,2,4.67
911,2025-09-01,153.6,9.6,0,0,3,4,8346.55,0,3.7
553,2025-11-01,171.2,11.2,0,0,6,0,8096.39,0,3.66
1319,2026-06-01,105.6,0,0,0,3,0,4961.33,4,3.08
264,2026-02-01,161.7,1.7,0,0,5,0,7737.18,4,3.03
977,2025-10-01,183.8,15.8,21863.09,62,1,2,9996.6,6,2.94
269,2026-06-01,178.5,10.5,0,102,4,1,15637.56,6,2.97
1472,2026-02-01,152,0,0,0,4,1,7259,8,3.29
589,2026-03-01,182.9,6.9,0,0,5,0,8662.08,8,3.21
1321,2026-04-01,152.1,0.1,0,0,5,3,10267.04,6,4.13
337,2025-11-01,96,0,0,0,1,0,5723.83,2,2.93
1201,2026-04-01,170.8,10.8,0,121,5,2,13095.66,2,3.87
731,2026-04-01,180.9,4.9,24708.42,75,2,0,9124.68,2,3.24
1368,2025-09-01,182.3,14.3,0,0,5,1,6854.88,0,3.31
1451,2026-02-01,168.9,8.9,0,87,4,0,12304.94,6,3.25
1241,2026-05-01,179.5,11.5,22216.32,83,2,0,8484.44,0,3.31
909,2026-07-01,192.6,8.6,0,136,5,0,13151.65,2,4.47
154,2025-09-01,178.6,2.6,19572.46,48,2,0,6684.25,0,2.67
617,2025-09-01,183.1,7.1,0,0,6,0,10003.56,0,3.74
231,2025-12-01,200.3,16.3,34600.09,88,2,0,9709.83,0,2.96
1094,2025-12-01,110.4,0,23854.74,59,1,0,5256.17,2,3.62
913,2026-08-01,176.8,8.8,24013.28,65,2,0,5506.32,6,3.51
641,2025-11-01,172.6,12.6,38317.67,113,2,0,8952.53,6,4.24
924,2026-01-01,178.2,2.2,0,0,4,0,12359.75,4,3.95
1378,2025-12-01,203.8,19.8,0,0,5,0,9943.75,6,3.5
700,2026-05-01,175.2,7.2,0,0,6,0,10400.52,2,3.72
732,2026-07-01,186,2,0,0,5,0,7214.41,0,3.35
494,2026-02-01,165.4,5.4,14367.67,43,2,0,9066.78,6,2.77
248,2026-03-01,184.8,8.8,22179.54,55,1,0,10032.8,4,2.66
1453,2026-08-01,175.2,7.2,22582.74,70,2,0,7689.69,6,3.36
586,2025-12-01,190.6,14.6,23129.33,70,2,1,7420.37,8,2.46
1363,2026-08-01,160.9,16.9,0,140,7,3,11268.97,2,4.45
130,2025-12-01,105.6,0,20856.37,79,1,1,6130.5,0,3.84
520,2026-05-01,178,10,0,0,6,0,10991.24,4,3.76
490,2025-11-01,176.6,16.6,0,0,3,0,10394.67,4,3.17
802,2026-05-01,178.6,10.6,27545,96,3,0,7092.43,6,4.04
452,2026-08-01,157,5,0,0,5,2,11211.15,6,3.95
139,2025-09-01,171.5,3.5,0,0,5,1,10045.14,0,3.67
202,2026-07-01,188.3,4.3,0,0,2,0,8130.18,8,2.93
1155,2025-11-01,175.9,23.9,0,117,3,1,10195.88,4,2.61
1275,2026-08-01,154.9,2.9,0,0,3,2,6253.09,4,3
662,2026-03-01,172.6,4.6,0,0,5,1,8393.67,4,3.7
1102,2026-01-01,168,0,0,0,5,1,7208.17,0,4.53
1252,2025-11-01,179,19,0,45,1,0,12217.13,8,3.76
188,2026-03-01,186.8,10.8,26234.42,66,2,0,9260.34,6,3.24
788,2026-03-01,96,0,0,45,2,2,6689.67,8,3.01
792,2025-09-01,181.1,5.1,22918.16,68,2,0,11804.29,0,3.04
971,2026-04-01,105.6,0,0,83,4,0,6669.33,0,4.42
1128,2025-12-01,203.2,19.2,0,0,4,0,8239.85,,3.56
1286,2025-11-01,176.1,16.1,0,0,6,0,9834.1,8,3.51
1333,2026-01-01,180.1,4.1,20270.81,66,3,0,6969.13,4,3.9
1339,2025-12-01,193.3,17.3,0,0,9,1,10566.62,0,4.76
535,2025-11-01,166.8,14.8,0,0,5,1,13097.35,0,4.09
840,2026-01-01,176.4,0.4,19930.34,62,3,0,7998.26,6,4.02
854,2026-06-01,188.6,12.6,0,0,5,0,9561.39,6,3.97
825,2025-10-01,184.8,8.8,0,114,4,1,16816.16,4,3.32
544,2025-12-01,182,14,0,0,4,2,10087.58,0,3.44
766,2026-01-01,163.8,3.8,22642.43,66,3,2,9954.94,0,4.47
130,2026-06-01,105.6,0,15887.2,56,2,0,6130.5,2,3.93
581,2026-04-01,184.1,16.1,0,0,6,1,13598.63,0,3.43
283,2026-05-01,176.6,8.6,0,0,3,0,10213.29,6,3.5
1318,2026-01-01,182.2,6.2,0,110,5,0,10744.28,0,3.97
80,2025-09-01,183.1,7.1,29768.73,86,3,0,14061.1,4,3.96
221,2025-09-01,178.7,2.7,0,0,4,0,8302.56,8,2.91
632,2025-11-01,176.2,16.2,32575.12,86,2,0,9296.75,6,3.52
800,2025-09-01,169.3,9.3,0,0,6,2,11984.51,6,4.31
523,2026-07-01,175.2,7.2,0,69,3,2,17841.81,0,2.6
1414,2026-02-01,152.3,8.3,17917.38,51,2,2,8935.46,8,3.29
873,2025-12-01,187.9,19.9,0,0,6,2,11369.28,8,4.01
619,2025-10-01,196.1,12.1,0,129,6,0,11523.25,8,3.51
1165,2025-11-01,169.1,9.1,0,0,3,0,8960.28,8,3.39
1469,2026-06-01,187.7,11.7,0,0,6,0,12371.63,0,4.53
970,2025-12-01,207.3,23.3,0,187,4,0,13768.13,,3.21
1121,2026-07-01,185.8,1.8,0,0,3,0,8115.48,6,3.14
1402,2025-09-01,180.5,4.5,15966.42,45,2,0,8154.31,6,2.46
902,2026-03-01,191.2,15.2,0,109,4,0,15426.83,4,3.31
74,2025-10-01,191.3,15.3,0,126,3,1,24291.95,8,3.39
88,2026-01-01,171.7,3.7,0,0,6,1,13545.42,8,3.85
1391,2025-10-01,187,11,0,0,5,1,9497.69,4,3.26
1339,2026-04-01,177.2,9.2,0,0,8,1,9922.39,4,4.71
504,2026-03-01,181,5,0,0,4,0,7702.8,,2.88
934,2026-06-01,155.2,11.2,29678.02,75,3,4,9512.7,8,4.57
244,2025-10-01,198.6,14.6,0,0,4,0,9103.69,6,3.04
739,2026-05-01,164,4,0,0,5,1,8225.54,6,3.41
1166,2026-07-01,174.8,6.8,0,94,5,2,12207.44,4,3.92
564,2026-01-01,172.6,4.6,18913.13,51,2,1,7625.26,0,3.28
645,2026-08-01,169.1,9.1,29308.72,80,3,1,10671.17,2,
1162,2026-05-01,187.1,19.1,0,115,4,0,18410.39,8,3.33
1396,2026-08-01,154.8,2.8,0,0,3,2,10964.9,8,3.05
116,2026-03-01,100.8,0,0,0,2,1,4524.17,6,3.22
1214,2026-06-01,180.1,12.1,29243.36,94,3,1,8856.1,8,4.31
12,2026-01-01,176.4,8.4,0,0,5,1,11341.93,0,4.42
742,2026-08-01,163.8,3.8,0,0,3,1,5586.53,8,3.91
191,2025-10-01,191.5,7.5,0,0,5,0,6777.4,2,3.74
424,2026-01-01,180.2,4.2,0,0,4,0,6985.49,8,3.51
699,2026-04-01,177.4,9.4,29243.09,87,2,1,11807.22,2,4.59
75,2025-12-01,198.5,22.5,27153.51,80,2,1,12789.98,,2.32
595,2025-09-01,187.1,11.1,0,128,5,0,11399.55,4,3.42
1063,2026-05-01,162,10,0,115,4,2,10969.15,6,3.52
1388,2025-11-01,96,0,0,0,3,0,5713.67,0,3.64
780,2026-07-01,176.4,8.4,0,0,4,2,11712.73,4,4.18
706,2026-01-01,179.4,3.4,0,0,5,0,13877.65,4,3.74
221,2025-11-01,174.1,14.1,0,0,4,0,9102.94,4,2.85
276,2025-12-01,186.4,18.4,0,139,3,2,17081.45,4,
1172,2026-02-01,148.2,4.2,0,0,3,2,7575.52,6,3.72
1437,2026-07-01,176.1,8.1,22821.01,67,3,2,10487.66,0,
1120,2026-06-01,185.2,9.2,30710.02,114,4,0,11239.52,6,4.36
153,2026-04-01,183.3,7.3,0,0,6,0,6917.71,8,3.58
334,2026-08-01,172.2,4.2,0,0,4,0,12696.1,8,4.45
1419,2026-06-01,190.1,14.1,36191.22,113,3,0,6593.36,6,4.26
1209,2026-07-01,182.3,6.3,0,0,2,1,7135.58,4,
307,2025-09-01,175.9,7.9,23433.31,56,2,1,7874.74,0,3.12
1353,2026-03-01,175.2,7.2,0,0,4,1,9363.71,10,3.3
766,2025-11-01,179.2,19.2,43649,120,3,0,11239.39,0,4.62
507,2026-03-01,183.8,7.8,25848.28,78,3,0,7705.57,4,3.76
462,2025-10-01,193.7,9.7,0,121,7,0,12166.17,0,3.67
57,2026-08-01,175.1,7.1,0,0,5,0,10359.68,2,3.8
1072,2026-03-01,165.2,5.2,0,0,4,2,9405,6,3.04
228,2026-04-01,188.9,12.9,0,99,3,0,10962.57,0,3.2
655,2026-07-01,185.9,1.9,0,0,7,0,12762.28,8,4.33
23,2026-06-01,174.3,14.3,0,0,3,2,6969.12,2,3.69
347,2025-10-01,189.9,5.9,0,0,3,0,7522.77,6,2.52
1231,2026-07-01,179.5,3.5,0,0,5,1,6881.81,2,4.57
1206,2026-03-01,161,1,0,0,2,2,11505.71,6,3.37
1117,2026-02-01,159.1,7.1,0,71,4,1,11859.67,10,3.24
94,2026-03-01,184.1,8.1,24225.02,71,2,0,9116.86,8,3
1232,2025-10-01,178.5,2.5,0,0,4,1,8807.85,2,2.79
220,2026-03-01,181.5,5.5,34286.02,116,2,0,7913.37,6,4.86
112,2025-11-01,171.4,19.4,0,0,3,1,10341.81,8,
388,2026-06-01,190.2,14.2,0,0,7,0,11815.55,4,4.19
827,2026-04-01,180.9,4.9,28870.64,75,2,0,8849.14,4,3.82
1178,2026-05-01,160.9,8.9,0,0,4,2,6405.57,4,3.18
854,2026-07-01,182.6,6.6,0,0,3,1,9113.74,4,3.44
501,2025-10-01,196,12,0,0,8,0,7664.92,2,4.32
593,2026-08-01,177.2,9.2,21348.72,66,3,0,8473.54,8,3.43
1079,2026-02-01,168.1,8.1,16662.83,52,2,0,6190.33,6,3.4
837,2026-04-01,100.8,0,0,0,2,1,5246,4,3.57
111,2026-04-01,180.6,12.6,0,133,3,1,15559.81,6,3.68
1402,2025-11-01,168.7,8.7,28557.75,82,2,0,8439.58,6,3.18
565,2026-01-01,165.8,5.8,0,0,3,2,8744.43,0,3.1
1244,2026-08-01,86.4,0,0,39,1,3,9861.67,4,3
1013,2026-06-01,185.4,9.4,26528.13,82,2,0,8597.06,6,3.23
461,2025-10-01,184.4,8.4,0,0,6,1,10894.8,0,3.66
1275,2026-05-01,169,1,0,0,4,0,6152.79,0,3.12
1424,2025-10-01,174.9,14.9,0,150,7,3,15058.59,,4.49
754,2026-07-01,186.4,2.4,0,0,4,0,8613.59,4,3.8
544,2025-09-01,180.2,4.2,0,0,4,0,9324.52,4,3.49
537,2026-08-01,81.6,0,0,34,2,4,8937.72,0,2.37
353,2026-02-01,153.8,1.8,0,0,3,1,7175.9,12,2.69
338,2026-06-01,189.7,13.7,24619.44,86,2,0,10030.11,8,3.39
952,2025-10-01,205.2,21.2,0,174,5,0,21861.89,6,3.86
421,2025-11-01,152.3,16.3,0,132,5,3,8443.83,8,4.08
927,2026-02-01,157.5,5.5,0,0,3,1,8733.46,4,3.92
1271,2026-04-01,186.1,10.1,26085.46,87,2,0,8800,6,4.13
821,2026-06-01,183.8,7.8,0,0,8,0,10114.92,6,4.56
867,2026-01-01,181.6,5.6,0,89,6,0,11544.09,2,4.05
1179,2026-06-01,187.9,11.9,31926.91,91,3,0,10507.18,8,3.95
665,2026-01-01,176,0,0,0,6,0,9333,4,4.38
399,2026-06-01,184.2,8.2,24001.47,81,3,0,8383.84,4,3.68
1330,2025-10-01,179.6,11.6,29575.71,91,2,2,8177.88,4,3.93
865,2025-09-01,184.6,8.6,0,0,3,0,9951.13,2,2.54
444,2026-03-01,164.7,12.7,0,135,3,3,19250.54,4,4.22
1236,2026-04-01,188.9,12.9,0,120,5,0,11742.38,4,3.43
669,2026-04-01,186.1,10.1,,81,2,0,10789.95,8,3.7
1177,2026-02-01,163.9,3.9,12920.61,36,1,0,7598.58,6,2.66
730,2026-06-01,188.2,12.2,0,0,5,0,14454.68,8,4.15
1159,2025-12-01,173.7,13.7,0,0,5,3,11667.68,6,3.09
315,2026-01-01,178.7,2.7,0,0,4,0,8177.71,6,3.68
1066,2026-04-01,155.4,11.4,0,85,3,4,18318.22,2,3.57
139,2026-04-01,172.1,12.1,0,0,5,2,10770.75,8,3.6
406,2025-10-01,179.3,3.3,0,0,4,1,8965.59,4,2.95
1167,2026-04-01,177.7,9.7,0,0,4,1,11879.65,6,3.96
1240,2026-08-01,175.7,7.7,27651.58,102,2,0,8534.32,0,4.57
578,2026-08-01,182,14,0,128,5,0,13873.67,0,
523,2025-11-01,172.5,20.5,0,112,2,1,19774.89,8,2.74
1470,2026-01-01,105.6,0,0,67,3,0,8021.5,4,4.29
693,2026-01-01,169.4,1.4,20248.31,59,2,1,7233.76,8,4.18
172,2025-11-01,140.1,12.1,26773.66,91,2,4,8816.52,6,3.99
1446,2026-07-01,187.2,3.2,18272.69,58,1,0,12872.19,0,2.63
1124,2026-01-01,177.5,1.5,18228.31,61,3,0,9320.27,6,3.66
628,2025-12-01,188.7,20.7,0,127,4,2,20655.1,6,2.77
1370,2025-11-01,173.7,13.7,0,150,5,0,10462.24,8,3.52
1414,2026-01-01,173.4,5.4,17101.03,50,2,1,8726.25,2,3.14
1231,2026-08-01,180.4,12.4,0,0,7,0,7396.26,4,4.75
926,2025-09-01,185.6,9.6,0,0,6,0,5803.49,2,3.66
354,2025-09-01,191.1,15.1,0,99,6,0,11242.28,6,3.21
869,2026-08-01,179.3,11.3,0,114,6,0,15591.71,8,4.21
396,2025-11-01,179.2,19.2,0,73,3,0,20048.32,6,2.05
1404,2026-07-01,178.3,2.3,23233.86,65,2,1,6773.86,2,3.52
104,2026-04-01,184.8,8.8,23555.24,65,2,0,10339.15,6,3.02
345,2026-05-01,182.3,14.3,0,0,4,0,10659.33,0,3.29
1478,2026-08-01,166.7,6.7,17633.43,59,2,1,8174.66,2,3.25
66,2025-10-01,190.9,6.9,0,0,2,0,12734.55,0,2.25
1168,2026-05-01,172.4,12.4,23202.24,82,2,1,7902.85,4,3.82
276,2025-09-01,176.5,8.5,0,85,3,1,15819.04,2,3.17
1147,2025-09-01,172.6,4.6,0,96,4,1,13658.22,8,3.49
63,2025-10-01,178.8,10.8,0,0,3,2,30682.53,2,3.15
249,2025-09-01,96,0,0,50,3,2,5754.33,8,3.73
1111,2026-02-01,154.3,2.3,0,0,3,1,8824.04,12,3.15
909,2025-11-01,176.3,24.3,0,166,4,1,14814.74,4,4.14
610,2026-07-01,188.2,4.2,0,0,4,0,8207.69,8,2.92
970,2026-08-01,160.7,8.7,0,94,3,2,12320.48,4,3.11
301,2026-06-01,176.2,8.2,0,0,4,1,8862.92,2,2.87
1279,2026-07-01,189.5,5.5,0,0,4,0,8541.75,4,3.03
164,2026-04-01,160.1,8.1,0,0,5,3,9236.53,2,3.34
1163,2026-01-01,168,0,0,0,3,1,6577.83,8,3.55
1054,2025-10-01,193.2,9.2,24653.75,75,1,0,10932.19,2,3.06
219,2025-12-01,202.1,18.1,0,0,6,0,8878.13,4,3.33
1369,2026-04-01,156.9,4.9,25857.48,89,3,3,7068.71,6,4.39
1262,2026-08-01,175.4,7.4,0,0,6,0,5896.55,0,3.47
55,2025-10-01,191.3,15.3,0,109,3,1,5180.75,4,3
707,2026-01-01,178.5,2.5,0,0,5,0,9337.57,4,3.81
222,2025-11-01,166.6,14.6,0,0,4,1,8657.1,6,3.46
110,2025-10-01,185.4,9.4,29073.17,105,3,1,7805.52,4,4.12
122,2025-09-01,179.6,11.6,18933.31,55,2,1,6992.03,2,2.83
1171,2026-02-01,166,6,0,0,3,0,16009.74,6,3.42
669,2025-11-01,175.2,15.2,31918.4,106,2,0,11227.88,0,3.64
55,2026-06-01,184.3,8.3,0,136,4,0,4903.61,,3.55
733,2026-03-01,177.1,9.1,0,93,3,1,14641.33,4,3
976,2026-02-01,174.2,14.2,0,104,4,0,17512.13,4,3.82
568,2025-10-01,174.8,6.8,18879.45,62,2,2,7804.58,6,2.88
605,2026-05-01,179.6,11.6,33022.41,97,2,0,8927.42,8,4.43
992,2025-10-01,110.4,0,19121.17,52,1,0,5134.17,,4.22
1337,2026-06-01,180.6,4.6,27646.72,92,2,0,10825.09,8,3.98
719,2026-02-01,166.6,6.6,15532.86,63,1,0,7297.44,10,3.57
857,2025-09-01,187,11,0,135,5,0,12581.93,2,4.54
1472,2026-05-01,162.3,10.3,0,0,3,2,7906.03,6,3.22
502,2026-08-01,156.6,4.6,0,0,5,2,10835.66,2,4.04
158,2026-02-01,161.8,9.8,0,87,3,1,13025.11,4,3.55
1026,2026-02-01,165.9,5.9,0,0,4,0,9830.89,6,3.23
627,2026-08-01,162.9,2.9,0,118,5,1,16309.3,2,
1027,2026-02-01,165.4,5.4,15915.16,52,1,0,7321.53,10,3.46
844,2025-12-01,191,15,0,0,4,1,9855.31,8,4.04
1023,2026-03-01,178,10,0,0,4,1,9345.32,10,3.83
1049,2025-12-01,189.3,21.3,0,0,3,2,9512.12,8,2.94
834,2026-02-01,146.7,2.7,0,0,3,2,10300.17,4,2.25
614,2025-10-01,179.8,3.8,0,0,3,1,8537.31,2,3.3
377,2026-03-01,159.4,7.4,23064.56,78,2,3,7182.97,8,4.39
1310,2026-03-01,173.8,5.8,0,0,4,1,8135.84,6,3.16
1312,2025-12-01,96,0,20342.59,61,2,3,3954.83,4,4.12
69,2025-10-01,190.3,14.3,0,173,7,1,25979.98,0,4.09
100,2025-12-01,195.4,11.4,28978.77,70,1,0,9527.71,0,2.17
65,2026-06-01,186.1,10.1,32285.65,114,3,0,21834.16,0,4.26
1019,2026-01-01,178.9,2.9,22694.38,62,2,0,7816.36,4,4.08
341,2025-10-01,193.6,9.6,0,0,6,0,7862.06,4,3.39
1103,2026-06-01,182.2,14.2,27258.87,81,2,1,6531.45,8,3.89
1020,2026-07-01,185.6,1.6,0,0,4,0,15389,4,3.45
1413,2025-12-01,184.6,8.6,37404.08,97,2,1,13424.74,0,3
243,2026-05-01,164.7,4.7,0,0,5,1,9818.4,4,3.68
1262,2026-01-01,178.4,2.4,0,0,3,0,5656.76,2,3.29
1312,2026-07-01,110.4,0,18968.61,52,1,0,3954.83,0,4.52
1165,2026-05-01,177.2,9.2,0,0,3,0,8967.47,2,3.25
1191,2026-01-01,174.6,6.6,0,76,5,1,17496.67,4,3.19
289,2025-11-01,176,16,0,0,3,0,7916.86,4,3.41
346,2026-01-01,162.8,2.8,0,0,4,2,10621.27,8,3.45
826,2026-04-01,192,16,0,130,4,0,14977.22,2,3.92
289,2026-03-01,188.2,12.2,0,0,6,0,7688.18,12,3.44
1360,2025-12-01,205.3,21.3,0,207,4,0,12028.62,8,3.91
594,2026-07-01,178.4,10.4,0,0,5,2,10483.26,0,3.02
175,2026-01-01,177.3,1.3,0,0,1,0,9859.52,,3.33
570,2026-07-01,188.1,4.1,25891.68,72,3,0,9211.46,8,3.99
207,2026-03-01,178,10,17418.43,47,2,1,10162.76,12,2.73
274,2026-05-01,182.3,14.3,0,0,4,0,10739.3,0,3.62
1463,2025-12-01,200.9,16.9,44904.81,163,4,0,8798.42,4,4.4
1058,2025-11-01,169.3,9.3,31062.59,95,3,0,9166.08,8,3.79
744,2026-08-01,175,7,0,0,3,0,5790.22,6,3.75
574,2026-02-01,168,8,0,0,4,0,8580.58,10,3.69
111,2025-09-01,165.8,13.8,0,105,5,3,15705.51,8,
1479,2025-10-01,193.3,9.3,0,0,4,0,10776.17,4,3.04
1391,2026-02-01,165.5,5.5,0,0,4,0,9084.93,12,3.26
1159,2026-04-01,175.1,7.1,0,0,4,1,11071.9,2,2.89
225,2025-09-01,182.8,6.8,0,0,5,0,9709.97,6,
73,2025-11-01,149.7,13.7,0,0,4,3,15090.65,6,2.95
433,2025-12-01,199.5,15.5,33111.9,113,2,0,11922.4,2,3.02
928,2025-12-01,205,21,0,0,4,0,9719.54,8,2.63
1357,2025-11-01,164.8,12.8,0,0,3,1,9181.06,2,3.99
763,2026-05-01,173.4,13.4,0,92,5,1,13841.64,,3.17
97,2026-02-01,164.1,4.1,17249.69,65,3,0,8821.95,8,3.77
1137,2026-04-01,169.3,9.3,23116.82,75,1,2,7678.44,2,3.6
371,2025-09-01,186,10,30197.53,86,3,0,6419.63,4,3.89
131,2026-07-01,163.4,3.4,0,0,3,3,6509.73,0,2.51
1402,2026-04-01,179.7,11.7,18933.42,65,1,1,8643.34,6,2.91
895,2026-08-01,100.8,0,0,0,2,0,3517.67,8,3.35
324,2026-01-01,182.3,6.3,15532.58,46,2,0,6450.14,4,3.26
652,2026-08-01,175.6,7.6,0,0,4,0,10846.16,4,3.38
265,2025-10-01,181.4,5.4,0,89,2,1,14387.66,2,2.19
111,2026-06-01,181.4,13.4,0,142,6,1,15656.94,0,3.8
123,2026-03-01,183,7,21806.62,75,2,0,6555.78,6,3.23
1099,2025-11-01,176.4,16.4,0,0,4,0,9693.98,8,3.3
1159,2026-02-01,166.7,6.7,0,0,4,0,11035.8,6,3.31
136,2026-03-01,185.5,9.5,0,0,5,0,10936.47,4,2.94
584,2026-02-01,150.6,6.6,0,0,4,2,11789.83,12,3.54
115,2026-05-01,168.5,8.5,29220.21,75,2,1,10772.61,0,3.74
558,2025-10-01,188.6,4.6,0,0,3,0,9799.67,4,2.94
937,2026-03-01,181.7,5.7,0,0,7,0,7585.06,6,4.47
975,2025-11-01,160.2,16.2,0,0,2,2,9018.54,0,2.69
137,2026-05-01,175.4,7.4,0,0,3,0,10201.11,2,2.01
1475,2026-07-01,178.8,2.8,24002.81,75,2,1,7861.82,0,3.85
640,2025-12-01,198.6,14.6,0,0,6,0,11164.91,4,3.18
219,2026-08-01,165.3,5.3,0,0,5,1,8027.89,0,3.42
956,2026-04-01,180.9,4.9,0,0,4,0,9368.43,8,4.4
505,2026-03-01,182,6,0,0,4,0,8448.7,6,3.94
1454,2025-09-01,194.4,18.4,0,107,4,0,14885.1,,3.52
223,2025-11-01,174.1,14.1,0,98,3,0,10334.92,0,2.61
573,2026-01-01,171.6,3.6,0,99,5,1,12412.34,0,3.91
779,2026-05-01,174.4,14.4,0,105,5,1,12348.28,0,3.47
284,2026-01-01,150.3,6.3,17586.35,59,3,4,5971.57,2,4.11
205,2026-05-01,172.6,4.6,0,0,4,0,8171.68,8,3.97
804,2026-01-01,176,0,19829.07,49,2,0,7208.33,4,3.09
496,2026-02-01,86.4,0,0,41,1,2,7604.67,12,3.55
319,2026-08-01,170.9,2.9,0,0,3,0,8921.07,2,3.6
1498,2026-04-01,181.5,5.5,0,0,5,0,8094.43,6,3.12
487,2026-07-01,171.8,3.8,0,0,4,2,10511.49,6,3.16
984,2025-09-01,182.7,6.7,0,106,6,0,11055.9,0,3.74
41,2025-12-01,202.2,18.2,0,0,6,0,7531.47,0,4.32
972,2025-10-01,167.6,7.6,0,0,6,3,11138.71,0,3.99
1192,2025-12-01,192.1,24.1,0,154,4,2,12287,4,2.78
1017,2026-05-01,174.8,6.8,0,113,5,0,10549.64,2,3.3
388,2025-09-01,174.7,6.7,0,0,6,1,11132.6,6,4.29
752,2025-11-01,171.8,11.8,0,0,4,0,7462.42,6,3.21
169,2026-02-01,169.2,9.2,0,89,6,0,14060.37,10,3.99
357,2025-10-01,181.7,5.7,0,0,3,1,6902.3,2,2.56
234,2026-03-01,105.6,0,0,53,2,0,5337.5,12,3.03
186,2026-05-01,164.8,12.8,0,77,3,2,11202.48,0,2.68
691,2026-06-01,177,9,0,0,6,1,11747.51,2,3.65
1215,2026-06-01,184.8,8.8,24724.52,76,2,0,8260.38,8,3.13
414,2026-07-01,155.1,3.1,0,0,3,4,5758.79,6,2.48
392,2026-02-01,154.4,2.4,0,0,5,1,7939.03,6,3.43
1181,2026-08-01,173.7,5.7,0,0,4,0,7915.77,2,4.57
509,2025-11-01,96,0,0,0,2,0,3914.17,4,3.12
632,2026-06-01,178.2,10.2,24830,65,2,1,8873.38,4,3.31
253,2026-08-01,170.1,10.1,0,56,3,1,10579.9,2,2.18
739,2026-04-01,177.4,9.4,0,0,4,1,8597.06,8,3.43
1151,2026-04-01,186.2,10.2,0,0,6,0,10167.88,2,4.02
26,2025-10-01,181.9,13.9,0,159,4,2,11161.81,,4.28
26,2026-03-01,190.2,14.2,0,160,6,0,11187.67,8,4.51
970,2026-04-01,172.2,12.2,0,88,5,2,12667.52,6,3.34
342,2025-12-01,203.4,19.4,0,195,7,0,10234.95,0,3.85
1263,2026-03-01,105.6,0,13512.09,44,1,0,5286.67,12,3.61
1431,2026-01-01,171.1,3.1,0,0,3,1,8059.22,2,4.07
785,2026-07-01,165.4,5.4,24154.78,70,3,3,14015.2,4,4.55
186,2025-11-01,168.8,16.8,0,130,3,1,11551.59,4,2.99
1142,2026-04-01,105.6,0,0,63,3,0,5874.3,4,3.21
1128,2026-08-01,165.8,5.8,0,0,4,1,7420.48,6,
1222,2026-06-01,184.8,16.8,0,106,5,1,14160.01,0,3.34
1159,2026-05-01,175.1,7.1,0,0,5,0,11071.9,6,3.01
1125,2026-02-01,162.2,2.2,15404.92,45,2,0,8443.58,4,3.29
399,2025-12-01,193.5,17.5,38894.94,139,3,1,9013.87,0,3.68
100,2025-09-01,187.5,11.5,17488.06,55,2,0,9535.21,8,2.63
1162,2026-08-01,177.9,9.9,0,108,3,0,17152.55,4,
1344,2026-08-01,171.6,3.6,0,0,4,0,9361.67,0,3.43
916,2025-10-01,182.6,6.6,0,0,4,1,6846.06,8,2.65
1005,2026-07-01,193.8,9.8,0,0,5,0,8812.07,4,
181,2025-10-01,192.4,8.4,28521.06,81,2,0,12214.39,2,2.86
1377,2025-10-01,173.5,5.5,0,0,1,2,10448.2,12,4.46
1220,2026-02-01,158.2,6.2,0,86,4,1,13636.56,12,3.97
528,2026-03-01,100.8,0,0,0,4,1,4910.5,4,4.36
1161,2026-01-01,176.1,8.1,0,77,4,1,11717.02,2,3.45
39,2026-01-01,176,0,0,0,4,0,7625,2,3.01
760,2026-02-01,96,0,0,0,2,0,5246,12,2.85
946,2025-10-01,192.3,8.3,0,0,4,0,9333.83,0,3.91
1293,2025-10-01,175.2,7.2,30012.01,78,2,2,11804.54,2,3.48
527,2025-11-01,178.1,18.1,0,151,4,0,12991.94,2,3.89
1303,2026-04-01,171.3,3.3,19028.71,48,1,1,8689.77,0,2.55
585,2025-12-01,191.2,15.2,0,0,6,1,12665.88,2,3.78
574,2026-04-01,187.6,11.6,0,0,4,0,8830.59,2,3.62
1418,2026-03-01,105.6,0,0,63,3,0,8346.83,8,3.21
638,2025-11-01,168.3,16.3,0,171,3,1,7882.81,6,4.09
1443,2026-06-01,191.4,15.4,0,161,6,0,11728.96,8,3.91
1138,2026-05-01,174.9,6.9,0,0,5,0,15492.63,6,3.4
831,2025-10-01,183.8,7.8,0,0,3,1,10766.09,4,
260,2025-11-01,154.9,10.9,0,0,4,2,10791.89,2,3.19
42,2026-04-01,171.8,11.8,0,78,4,2,11092.79,0,2.46
31,2026-03-01,176.9,8.9,0,0,5,1,10511.71,8,3.22
1371,2025-09-01,180.5,4.5,22129.56,61,2,0,10161.2,2,3.39
105,2026-04-01,180,4,31682.16,88,2,0,9750.73,8,4.25
1049,2026-08-01,169.1,1.1,0,0,5,0,8108.12,8,
99,2025-09-01,105.6,0,15004.06,49,2,0,6923.5,4,4.33
259,2026-02-01,160,0,0,0,3,0,8773.83,10,3.57
599,2025-12-01,208.9,24.9,0,210,8,0,11665.37,6,4.51
1272,2025-11-01,172.2,12.2,0,0,5,0,8722.26,2,3.68
2,2026-03-01,162.2,10.2,0,0,3,3,4868.19,8,3.37
1390,2025-09-01,188.5,12.5,0,0,4,0,10342.58,6,3.51
1365,2026-01-01,168,0,14722.3,51,1,1,9170.33,4,3.07
332,2025-09-01,182.1,6.1,0,0,6,0,8808.86,2,3.7
288,2026-04-01,188.7,12.7,0,0,5,0,12277.02,0,4.9
806,2026-05-01,178.6,10.6,0,0,5,0,9789.55,8,
172,2026-04-01,177.2,9.2,34334.78,82,3,1,8616.23,2,4.06
1037,2026-03-01,183.1,15.1,0,0,4,1,10046.78,6,3.32
173,2026-08-01,177.1,9.1,20156.4,64,3,0,8993.18,6,3.41
812,2026-01-01,181.3,13.3,0,96,4,1,13819.57,4,3.66
87,2026-03-01,185.3,9.3,0,0,2,0,13851.94,8,2.69
461,2026-03-01,184.9,8.9,0,0,4,0,10938.75,12,3.84
1394,2026-02-01,155.2,3.2,0,0,5,1,8494.39,6,4.02
601,2026-06-01,169.9,9.9,0,0,5,2,8212.03,4,3.4
254,2026-02-01,96,0,0,0,3,0,4646.17,12,3.65
166,2026-03-01,168,8,23824.74,74,3,2,6272.29,10,3.65
1440,2026-03-01,179.9,3.9,0,0,5,0,7314.81,6,3.52
912,2026-07-01,189.7,5.7,0,0,5,0,8086.46,2,
108,2025-09-01,175.6,7.6,0,0,5,1,10759.47,0,4.29
453,2026-04-01,188.6,12.6,0,117,3,0,15593.64,2,3.18
911,2025-12-01,195.1,19.1,0,0,3,1,8980.1,8,3.87
1050,2026-01-01,178.7,10.7,0,82,4,1,13674.02,6,3.94
47,2026-05-01,176,8,0,0,2,0,8696.41,0,2.91
1267,2026-05-01,173.3,13.3,0,144,7,1,15202.66,0,4.27
901,2026-03-01,164.8,12.8,0,100,3,3,9948.97,4,3.1
1193,2025-11-01,96,0,18742.51,64,1,0,4097.17,4,4.1
1122,2026-06-01,185.6,9.6,0,0,7,0,9987.23,6,4.04
696,2026-02-01,152,0,0,0,3,1,10766.5,12,4.27
1256,2026-08-01,177.4,9.4,0,0,3,0,9432.58,6,3.87
1038,2026-02-01,164.9,4.9,20188.29,51,2,0,5915.64,8,3.76
10,2025-11-01,172.9,12.9,0,0,4,0,12318.76,2,2.67
340,2026-02-01,164.5,4.5,0,0,6,0,6284.74,6,4.14
1320,2025-12-01,204,20,32722.96,116,2,0,10829.06,2,3.43
871,2026-07-01,184.3,0.3,0,0,5,0,8745.65,2,
53,2025-11-01,176.5,16.5,0,154,5,0,10107.96,2,3.95
255,2026-04-01,172.4,12.4,0,0,6,2,7385,0,4.1
1171,2025-09-01,175.2,7.2,0,0,3,1,16167.79,0,3.46
507,2026-06-01,161.8,9.8,21332.55,59,2,3,7830.5,4,3.05
1273,2025-10-01,199.6,15.6,0,114,5,0,12935.41,0,3.13
914,2025-12-01,202.3,18.3,0,0,4,0,11187.88,4,3.83
452,2026-04-01,181.6,5.6,0,0,6,0,11266.94,2,4.27
760,2026-06-01,96,0,0,0,2,2,5246,0,2.6
1144,2025-10-01,189.4,5.4,0,0,3,0,14249.32,10,2.81
149,2026-05-01,173.9,5.9,18917.52,51,2,0,7255.63,8,2.88
274,2026-01-01,173.6,5.6,0,0,3,1,10019.8,6,3.31
1410,2026-01-01,179.8,3.8,18710.34,57,3,0,6888.65,2,3.83
903,2026-01-01,172.4,4.4,0,0,4,1,8063.09,0,3.44
765,2025-11-01,176.1,16.1,31034.14,109,2,0,9069.61,2,3.82
823,2026-04-01,184.6,8.6,0,0,7,0,9929.28,8,4.33
82,2026-08-01,158.2,6.2,0,0,3,2,16657.39,4,3.66
636,2026-01-01,165.5,5.5,12555.78,44,2,2,6880.26,6,3.04
672,2026-05-01,173.2,5.2,25661.84,65,2,0,9535.62,6,3.49
137,2026-04-01,181,5,0,0,4,0,10002,0,2.24
95,2026-06-01,175.3,7.3,0,0,5,1,6496.16,8,3.73
995,2026-05-01,172,12,0,111,5,1,10010.41,2,3.91
820,2026-05-01,169.3,9.3,23032.29,59,2,1,7050.14,6,3.18
471,2026-02-01,131.8,3.8,15087.03,48,2,0,7739.44,6,3.9
367,2026-03-01,170.1,2.1,22291.63,66,2,1,8063.76,10,3.07
806,2026-08-01,156.1,12.1,0,0,3,3,9905.95,2,3.46
490,2025-12-01,185.8,17.8,0,0,5,2,10489.06,2,3.4
1190,2025-11-01,169.3,9.3,0,0,3,0,12336.03,0,2.99
480,2025-11-01,154.4,18.4,0,0,4,3,15922.23,6,3.11
1106,2026-03-01,182.9,6.9,25166.52,78,2,0,6227.22,12,3.4
263,2026-03-01,162.5,10.5,24140.05,73,2,3,10813.2,10,3.92
794,2026-03-01,178,10,0,0,5,1,11300.54,4,3.94
73,2025-12-01,200.6,16.6,0,0,3,0,15429.22,6,3.01
1112,2026-08-01,178.7,10.7,0,116,5,0,14396.05,2,3.6
674,2026-03-01,180.6,12.6,0,0,5,1,10891.87,10,4.49
1249,2026-06-01,190.2,14.2,0,122,5,0,16077.37,6,3
501,2025-12-01,198.3,14.3,0,0,5,0,7803.13,2,4.42
824,2026-01-01,180.5,4.5,0,0,5,0,8661.32,4,3.19
14,2025-10-01,195.7,11.7,0,104,3,0,11531.92,0,2.79
313,2025-09-01,181.3,5.3,0,0,5,0,7070.92,0,3.11
337,2026-03-01,105.6,0,0,0,2,0,5723.83,12,2.93
55,2026-04-01,187.6,11.6,0,117,3,0,5034.26,4,3.32
56,2026-03-01,158.7,6.7,26440.71,69,3,3,8282.23,4,3.82
896,2026-05-01,171.2,11.2,0,0,5,1,8854.73,2,
293,2026-04-01,100.8,0,0,76,3,1,6882.83,2,3.73
208,2026-03-01,186,10,0,0,5,0,7058.7,6,3.39
856,2026-03-01,160.7,8.7,0,0,4,3,9368.81,6,3.08
1191,2026-05-01,178.9,10.9,0,114,3,0,18112.57,0,3.11
1331,2026-02-01,148.8,4.8,0,0,5,2,8619.43,12,3.94
1346,2026-01-01,170.8,2.8,19977.55,58,3,1,6560.2,0,3.86
504,2026-05-01,176.6,8.6,0,0,5,0,7932.82,2,3.1
94,2025-10-01,196.1,12.1,29152.64,91,2,0,9411.77,2,3.19
1035,2026-06-01,185.8,9.8,0,0,4,0,7146.71,2,3.11
1321,2026-02-01,163.1,3.1,0,0,5,0,10533.36,8,4.2
270,2026-06-01,181.1,5.1,0,0,4,0,8311.83,4,3.76
1314,2026-05-01,169.6,9.6,0,0,3,1,8159.36,6,3.44
1145,2026-08-01,162.9,2.9,25380.78,76,2,1,12005.93,2,4.25
117,2025-12-01,193,17,33052.23,94,2,1,10531.09,4,3.3
603,2026-03-01,100.8,0,14028.37,44,1,1,4808.83,6,4.03
1445,2026-04-01,174.4,6.4,26279.5,63,2,1,11180.39,4,3.55
1303,2025-09-01,178.9,2.9,17007.34,55,2,0,8660.52,2,2.37
641,2026-07-01,189.2,5.2,29358.79,90,3,0,8435.59,2,4.37
601,2026-01-01,168.5,0.5,0,0,3,1,7596.73,4,3.17
782,2025-11-01,176.4,16.4,33927.65,119,2,0,7499.77,0,3.9
909,2026-06-01,180.3,12.3,0,172,4,1,13543.59,4,4.41
172,2025-09-01,175.3,7.3,32639.96,87,2,1,8485.01,4,4.09
98,2026-05-01,100.8,0,0,0,2,0,6222,0,
1024,2025-11-01,172.3,12.3,0,0,3,0,11766.28,8,3.18
464,2025-10-01,173.4,5.4,0,0,3,2,6097.21,8,3.27
732,2025-12-01,203.4,19.4,0,0,5,0,8282.25,4,3.26
875,2025-10-01,110.4,0,0,0,3,0,6974.33,4,3.4
260,2026-03-01,186.1,10.1,0,0,5,0,10723.61,10,3.09
1377,2025-11-01,171.6,11.6,0,0,2,0,10974.69,14,4.19
295,2026-05-01,180.2,12.2,0,139,5,0,13656.64,6,4.02
531,2025-12-01,197.8,21.8,0,188,6,1,13800.67,0,3.6
1489,2026-04-01,184.4,8.4,0,0,6,0,8364.68,6,3.75
117,2026-07-01,184.7,8.7,18208.15,59,1,1,9871.69,6,2.81
1080,2026-02-01,162.4,2.4,0,0,4,0,11934.49,10,3.99
1382,2026-04-01,105.6,0,0,0,2,0,5774.67,6,2.25
728,2026-07-01,190.1,6.1,0,0,4,0,9172.77,4,3.46
1353,2025-12-01,200.9,16.9,0,0,3,0,10103.62,4,3
146,2026-06-01,182.4,14.4,0,72,4,1,15709.75,6,2.33
73,2025-10-01,197.7,13.7,0,0,5,0,15090.65,4,3.23
764,2026-04-01,189.6,13.6,0,140,4,0,13897.2,2,3.6
1162,2026-06-01,191.5,15.5,0,146,6,0,17918.19,0,3.34
321,2026-05-01,180.1,12.1,0,0,4,0,8704.21,6,
932,2026-08-01,176.9,8.9,0,116,6,0,13052.04,8,3.66
685,2025-10-01,199.4,15.4,0,0,3,0,8687.26,2,2.1
729,2025-11-01,179.3,19.3,26148.42,94,3,0,10547.71,8,3.17
588,2026-05-01,170.7,10.7,0,0,5,1,11507.95,8,
1127,2026-07-01,183,7,0,0,5,1,13887.9,0,2.85
830,2025-12-01,200.4,16.4,49456.26,121,2,0,8811.65,2,3.89
620,2025-09-01,183.8,7.8,0,0,4,0,9615.68,0,3.75
85,2025-09-01,180.9,4.9,27403.99,83,3,0,14391.77,0,3.71
486,2025-09-01,174.8,6.8,0,0,3,1,10151.33,6,
1447,2026-03-01,188.6,12.6,0,114,4,0,14657.79,12,3.58
501,2026-07-01,184.6,0.6,0,0,4,0,6979.89,6,4.51
1108,2025-11-01,163.5,11.5,0,0,4,1,9367.54,6,3.44
488,2026-06-01,188.6,12.6,0,0,4,0,13203.29,8,3.83
1265,2025-10-01,194.3,10.3,0,0,4,0,9101.9,8,2.9
853,2026-01-01,180.7,4.7,0,0,5,0,7353.22,0,4.11
41,2025-11-01,169.7,9.7,0,0,4,0,7052.85,6,4.02
1109,2026-02-01,162.7,2.7,0,0,4,0,7875.99,6,3.6
1000,2026-05-01,169.1,9.1,0,0,5,1,8405.26,0,4.76
142,2026-07-01,192.7,8.7,27311.01,75,2,0,6449.94,4,3.69
109,2025-12-01,205.3,21.3,0,0,5,0,7272.56,6,3.14
642,2026-03-01,180.5,12.5,0,96,3,1,10094.72,6,
250,2026-05-01,173.1,5.1,26772.23,93,3,0,9468.91,8,4.19
797,2025-09-01,190.3,14.3,0,106,3,0,13069.96,6,2.96
1014,2025-12-01,205.2,21.2,0,189,6,0,14546.52,8,3.44
661,2026-07-01,193,9,0,0,4,0,8799.67,6,3.9
488,2026-07-01,190.9,6.9,0,0,6,0,12616.04,2,4
979,2025-10-01,196.7,12.7,27292.81,80,2,0,8812.82,4,3.26
288,2026-03-01,182.5,6.5,0,0,6,0,11683.53,8,4.52
625,2026-06-01,183.5,7.5,0,0,7,0,9343.29,4,4.07
1365,2026-02-01,146.9,2.9,17915.31,46,1,2,9400.47,4,3.5
1442,2026-04-01,182,6,0,0,4,0,9849.68,4,3.63
799,2026-07-01,189.8,5.8,0,0,3,0,6288.73,8,3.94
925,2026-04-01,185.1,9.1,22178.34,81,3,0,8225.47,8,3.5
1379,2026-08-01,175,7,0,0,4,0,11170.7,8,3.14
853,2025-12-01,192,16,0,0,4,1,8044.18,8,3.94
696,2026-05-01,173.4,5.4,0,0,5,0,11269.63,8,4.8
1277,2026-05-01,176.8,8.8,0,0,5,0,8851.19,2,3.94
876,2025-12-01,193.5,17.5,37151.19,117,2,1,10336.69,0,3.44
277,2025-12-01,184.5,16.5,0,0,3,2,11571.88,8,3.34
593,2025-09-01,175.4,7.4,25476.55,65,2,1,8351.28,0,3.45
938,2025-11-01,160,8,31887.1,88,2,1,10076.97,6,3.8
848,2025-10-01,110.4,0,14193.08,42,1,0,5063,4,3.18
289,2025-10-01,192.7,8.7,0,0,3,0,7477.56,2,3.52
1092,2026-06-01,184.5,8.5,0,0,5,0,9211.84,,3.55
669,2026-01-01,162.8,2.8,15596.7,53,3,2,10163.1,6,3.69
867,2026-08-01,186.9,18.9,0,129,6,0,12811.35,0,4.1
697,2026-08-01,167.4,7.4,13607.83,48,2,1,8210.65,6,2.69
879,2026-07-01,192.1,8.1,0,105,5,0,13827.6,2,3.75
221,2026-03-01,177.7,9.7,0,0,3,1,8794.02,10,2.75
1092,2026-07-01,176,0,0,0,5,1,8580.67,4,3.41
732,2026-08-01,161.2,1.2,0,0,3,1,7165.31,6,3.5
642,2026-08-01,172.6,12.6,0,79,3,1,10102.6,6,
1363,2025-12-01,205.4,21.4,0,197,8,0,11651.82,2,4.27
1370,2025-09-01,186.9,10.9,0,144,6,0,10235.6,2,3.86
25,2026-05-01,171,3,0,0,4,0,9074.63,8,3.4
734,2026-07-01,190.1,6.1,0,0,5,0,7888.37,0,
612,2026-07-01,110.4,0,13871.45,50,2,0,5378.17,8,4.08
1482,2026-05-01,168.7,8.7,0,123,5,1,11629.57,6,3.53
155,2026-02-01,166.9,6.9,0,0,3,0,7552.39,10,3.63
105,2025-12-01,201.2,17.2,44567.49,162,3,0,10827.3,6,4.51
1292,2026-02-01,160.6,8.6,0,0,3,1,10333.44,4,4.15
1139,2026-01-01,162,2,19113.69,49,2,2,6756.62,8,3.41
247,2026-01-01,184.4,8.4,0,0,2,0,8375.58,8,2.79
1257,2026-02-01,146.5,2.5,0,0,2,2,7914.6,12,1.82
372,2026-01-01,161.2,1.2,0,0,5,2,9953.8,2,3.87
576,2025-12-01,176.6,8.6,0,0,4,2,9798.2,6,4.1
862,2026-07-01,172.7,4.7,0,0,3,2,7926.46,16,4.14
256,2026-08-01,96,0,0,0,2,1,6791.33,6,3.81
311,2026-06-01,181,5,0,0,4,0,8379.19,8,3.33
1485,2026-04-01,100.8,0,15669.55,46,1,1,5073.17,8,
1035,2025-10-01,194.9,10.9,0,0,5,0,7209.43,6,3.09
88,2025-10-01,195.4,11.4,0,0,3,0,14420.01,8,3.67
262,2026-02-01,157,5,0,0,5,1,14393.12,4,3.34
761,2025-12-01,173.9,13.9,0,0,5,3,6583.19,8,3.96
1341,2026-05-01,167.7,7.7,28931.81,69,2,1,12145.41,6,3.82
228,2026-08-01,180.9,12.9,0,87,4,0,10962.57,4,2.91
435,2025-11-01,172.8,12.8,0,120,5,0,16815.01,0,3.21
684,2025-09-01,184.9,8.9,26598.2,86,2,0,11157.74,6,3.92
1257,2025-10-01,184.5,8.5,0,0,2,1,8316.85,2,2.05
1394,2026-06-01,185.1,9.1,0,0,6,0,8916.41,8,4.25
1436,2025-10-01,193.2,9.2,0,0,4,0,9658.96,2,3.95
336,2026-03-01,188.6,12.6,0,108,4,0,13826.01,6,3.38
1371,2026-08-01,164.8,4.8,17172.72,54,2,1,10186.59,4,3.34
884,2026-06-01,170.5,10.5,0,145,5,2,13097.84,0,3.81
391,2026-02-01,142.5,6.5,0,0,3,3,8461.97,12,4.09
1488,2026-08-01,174.8,6.8,0,103,5,0,10172.86,2,3.21
225,2026-04-01,148.2,4.2,0,0,3,4,9503.64,8,3.25
238,2026-08-01,174.3,6.3,22690.35,62,2,0,8362.34,8,3.59
652,2026-05-01,158.1,6.1,0,0,3,2,10714.05,2,3.34
261,2026-03-01,105.6,0,16343.18,54,1,0,5083.33,6,3.95
376,2025-10-01,191.2,7.2,0,0,6,0,9633.71,6,
113,2026-05-01,168.4,8.4,19977.44,62,1,1,9422.53,2,3.07
1002,2025-12-01,196.5,20.5,0,0,4,1,8067.96,6,3.65
1192,2025-10-01,177.1,17.1,0,90,4,3,11671.14,8,2.87
760,2026-01-01,100.8,0,0,0,1,1,5246,0,2.87
66,2026-05-01,178.2,10.2,0,0,2,0,13077.73,6,1.97
1158,2026-04-01,189.9,13.9,0,89,5,0,14544.52,8,3.07
607,2026-04-01,174.8,6.8,0,0,6,1,8784.19,2,3.91
878,2025-10-01,196.9,12.9,0,0,4,0,11380.73,,3.16
1405,2025-11-01,177.2,17.2,0,0,3,0,8818.35,,3.65
127,2025-11-01,177.9,17.9,0,0,3,0,7866.82,6,3.2
676,2026-02-01,146.1,2.1,0,0,3,2,8001.65,4,3.57
49,2026-05-01,170.8,10.8,21839.18,71,1,1,8004.14,2,2.95
888,2026-04-01,186.6,10.6,0,102,6,0,14739.82,2,3.23
874,2026-05-01,158.5,6.5,26183.91,94,2,2,10523.77,0,
1384,2026-05-01,158.6,6.6,24951.39,61,2,2,10091.75,8,3.81
253,2025-09-01,179.4,11.4,0,51,2,1,10689.35,6,1.92
623,2026-07-01,183.9,7.9,0,90,4,1,10981.19,6,3.38
1312,2026-05-01,91.2,0,13364.71,46,1,2,3954.83,8,4.34
1156,2026-08-01,163.2,3.2,21225.62,62,1,1,9319.8,2,3.33
1204,2025-10-01,189,5,27938.15,88,3,0,6851.84,2,3.74
792,2025-11-01,157.4,13.4,23243.13,68,2,2,12616.32,8,2.96
1405,2026-07-01,190.7,6.7,0,0,6,0,8120.88,8,
754,2026-05-01,177.2,9.2,0,0,6,0,9110.15,8,3.65
823,2025-12-01,195.9,19.9,0,0,7,1,10832.99,0,4.76
547,2026-04-01,188.3,12.3,0,107,4,0,10888.87,8,2.96
1442,2025-11-01,173.9,13.9,0,0,5,0,10489.82,2,3.31
477,2025-12-01,110.4,0,15431.42,55,1,0,4188.67,6,2.67
55,2026-01-01,169,1,0,67,4,1,4614.59,8,3.25
140,2026-04-01,185,9,0,0,5,0,8755.84,6,3.18
1383,2026-08-01,100.8,0,13559.21,42,2,0,4493.67,8,3.81
1411,2026-02-01,161.2,1.2,22323.02,72,3,0,7817.18,10,4.88
758,2026-05-01,181,13,28118.17,75,3,0,7472.29,8,3.82
1207,2026-07-01,172.5,4.5,21905.39,58,2,2,7235.37,8,3.43
1065,2025-09-01,176.5,8.5,12257.44,41,1,1,8491.48,16,3.29
133,2026-05-01,182.3,14.3,0,99,5,0,15126.42,4,3.38
1214,2026-08-01,178.7,10.7,25550.17,92,4,0,8758.98,0,4.5
324,2026-02-01,166.8,6.8,18960.6,50,2,0,6476.61,10,3.47
842,2025-12-01,192.9,16.9,31258.64,87,1,1,9276.22,8,3.21
403,2025-11-01,161.4,17.4,0,0,3,2,8819.94,,3.98
102,2026-08-01,156,12,0,0,4,3,14274.94,8,3.64
885,2026-03-01,174.5,6.5,0,0,3,1,9675.43,10,3.06
1466,2026-03-01,182.8,6.8,0,0,5,0,7836.87,12,3.15
1462,2026-05-01,175.9,7.9,20516.24,69,2,0,9047.81,0,3.15
767,2026-06-01,189.5,13.5,0,0,3,0,7073.8,0,3.09
586,2026-06-01,185.5,9.5,21556.74,55,2,0,7129.61,0,2.47
961,2025-11-01,162,10,0,0,5,1,10692.99,8,4.13
380,2026-07-01,191.8,7.8,24195.11,79,3,0,7097.81,8,3.65
1271,2026-05-01,180.1,12.1,30674.71,87,2,0,8940.06,4,3.83
718,2026-01-01,105.6,0,12467.05,30,1,0,6171.17,8,3.79
146,2026-04-01,170.9,10.9,0,80,2,2,15286.65,6,2.34
603,2025-10-01,110.4,0,21521.11,51,1,0,4808.83,2,4.18
1338,2025-12-01,201.6,17.6,0,0,5,0,8459.86,,4.12
324,2026-07-01,185.9,1.9,21464.28,56,2,0,6217.24,2,3.28
1371,2026-05-01,172.7,4.7,21649.11,67,2,0,10178.13,8,3.34
1442,2026-07-01,168.8,0.8,0,0,4,2,9428.32,6,
1125,2026-01-01,168,0,13126.61,53,2,1,8285.83,2,3.1
745,2026-03-01,175.3,7.3,0,0,3,1,11295.33,8,3.65
1282,2026-03-01,105.6,0,14171.65,51,1,0,5378.17,,4.2
1307,2026-06-01,175.1,7.1,0,0,3,1,14352.47,,3.55
1337,2025-11-01,166.3,22.3,30220.72,95,2,2,12419.73,8,3.54
827,2025-09-01,181.2,5.2,26085.27,74,2,0,8871.18,4,4.2
124,2025-11-01,174.7,14.7,0,0,5,0,7279.91,4,4.22
1084,2026-07-01,187,3,23784.01,77,2,0,8386.21,4,3.7
287,2026-01-01,91.2,0,0,27,1,3,5652.67,4,2.14
521,2026-02-01,160,0,0,0,4,0,9993.83,10,3.49
21,2025-10-01,192.4,8.4,32375.04,119,4,0,5998.14,6,4.46
1305,2026-03-01,180.6,4.6,28935.65,101,3,0,8890.53,6,4.36
947,2025-10-01,188.7,4.7,0,0,4,0,7014.66,4,3.23
674,2025-12-01,174.4,14.4,0,0,7,3,11044.85,2,4.54
41,2026-08-01,173.7,5.7,0,0,6,0,6827.62,0,4.49
877,2026-06-01,176,0,0,0,4,0,6974.33,0,2.8
1499,2026-08-01,163.7,3.7,0,0,2,1,10880.41,8,2.65
1375,2026-03-01,185.8,9.8,0,0,5,0,11999.42,10,3.87
96,2026-03-01,105.6,0,0,60,2,0,5805.17,12,3.98
223,2026-08-01,175.7,15.7,0,91,4,1,10462.46,0,2.66
892,2026-03-01,185.6,9.6,24847.34,60,2,0,12200.5,10,3.06
865,2026-07-01,192,8,0,0,3,0,9903.04,4,2.63
1350,2026-05-01,170.6,2.6,0,0,5,0,9387.06,0,3.78
334,2026-06-01,176.9,8.9,0,0,5,1,13194.38,4,4.35
1208,2026-07-01,178.1,10.1,31043.24,98,2,2,8976.88,0,4.63
123,2026-08-01,155,3,16053.13,53,1,2,6341.81,0,3.03
1186,2026-01-01,182,6,0,0,4,0,9796.21,2,2.59
616,2025-09-01,182.9,6.9,0,120,3,0,10428.97,2,3.26
1257,2025-11-01,175.7,15.7,0,0,2,0,8799.55,0,2.03
1306,2025-10-01,187.3,11.3,0,0,3,1,8828.23,4,3.74
72,2025-12-01,188,20,0,0,5,2,17197.7,8,3.28
398,2025-11-01,168.3,16.3,29375.6,104,3,1,9269,0,3.88
1055,2025-09-01,91.2,0,9576.65,29,1,3,4087,2,3.28
1123,2025-12-01,197.2,13.2,58249.4,164,3,0,8575.31,2,4.72
359,2026-01-01,183.3,7.3,0,0,4,0,10560.32,2,3.87
893,2026-06-01,179.5,11.5,0,128,6,1,10472.92,4,3.89
244,2026-05-01,170.7,10.7,0,0,3,1,8830.91,8,3.08
224,2026-08-01,154.1,10.1,0,85,4,3,12868.34,4,3.31
1224,2025-10-01,170.9,10.9,0,0,4,3,14819.38,0,2.9
1166,2025-11-01,176.1,16.1,0,127,5,0,13135.3,8,3.63
1122,2026-05-01,175.6,7.6,0,0,5,0,9827.64,6,4.54
1386,2025-11-01,177.6,17.6,25803.33,77,2,0,8411.46,2,2.91
1185,2026-04-01,164,4,29212.79,77,3,2,9024.95,2,3.75
692,2026-04-01,178.3,2.3,0,0,4,0,10534.93,6,4.77
1008,2025-10-01,195.2,11.2,0,0,3,0,13583.2,4,2.27
325,2026-02-01,160.7,0.7,15186.87,56,1,0,9205.43,4,3.45
175,2026-07-01,191.1,7.1,0,0,6,0,10348.89,4,3.27
1401,2026-06-01,184.2,8.2,0,0,6,0,7970.1,6,3.87
1134,2025-12-01,191.3,15.3,34146.17,89,1,1,7794.71,4,2.67
287,2026-06-01,105.6,0,0,49,1,0,5652.67,6,2.47
311,2025-09-01,180.1,12.1,0,0,4,1,8872.67,4,2.93
487,2026-05-01,174.4,6.4,0,0,5,0,10740.47,4,3.03
855,2026-04-01,179.5,11.5,0,93,4,1,15661,0,3.17
964,2026-05-01,168.6,8.6,15803.32,57,1,1,11207.31,2,2.43
1482,2026-03-01,180.2,12.2,0,104,5,1,11957.15,12,3.4
1398,2025-09-01,177.7,9.7,20397.7,76,2,1,8705.86,6,3.43
581,2025-11-01,164.7,12.7,0,0,4,1,13247.44,4,3.22
1194,2025-10-01,194.2,18.2,0,113,6,1,12097.42,0,3.36
1437,2026-08-01,173,5,23579.34,65,2,0,10224.73,6,3.56
200,2025-12-01,193.9,17.9,41315.65,125,2,1,6774.86,2,3.58
1490,2025-10-01,201,17,0,108,4,0,13831.53,4,3.14
381,2025-11-01,156.3,12.3,0,0,2,2,10168.94,2,2.56
1165,2026-03-01,185.1,9.1,0,0,4,0,8960.28,4,3.31
170,2026-01-01,155.6,3.6,0,0,4,3,8082.7,0,3.53
76,2026-02-01,164,4,0,0,7,0,11665.12,4,4.87
273,2026-02-01,168.6,8.6,0,88,5,0,12481.4,12,3.74
748,2025-11-01,96,0,0,67,2,0,5683.17,4,3.39
251,2025-11-01,173.3,13.3,27529.13,97,2,0,9863.03,0,3.71
599,2025-10-01,192.9,16.9,0,190,6,1,11000.94,2,4.57
306,2026-03-01,178.1,10.1,0,96,4,1,11066.33,12,2.84
950,2025-10-01,177.3,9.3,0,159,6,2,9733.33,2,4.5
1430,2026-06-01,189.1,13.1,0,108,4,0,10187.29,8,2.9
81,2026-07-01,182.2,6.2,0,0,5,1,13529.44,8,3.32
1220,2025-10-01,189.2,13.2,0,148,7,1,14420.56,2,3.79
197,2025-11-01,96,0,15271.54,34,1,0,5551,6,2.82
846,2025-11-01,179.5,19.5,0,148,5,0,14710.28,0,4.12
1144,2026-03-01,191.8,15.8,0,0,5,0,15474.51,4,3.03
798,2025-11-01,96,0,0,65,3,0,5225.67,4,3.08
1139,2026-06-01,168.1,8.1,25533.6,66,2,2,7107.22,8,3.31
1447,2025-09-01,190.4,14.4,0,99,4,0,14863.67,8,3.28
554,2025-11-01,175.8,15.8,33420.49,93,2,0,10967.37,,3.49
806,2026-02-01,152.2,0.2,0,0,4,1,8982.52,12,
433,2026-08-01,177.2,9.2,20845.57,65,2,0,11349.28,0,3.05
720,2026-02-01,169.7,9.7,0,128,4,0,13841.22,6,4.66
155,2025-09-01,187.2,11.2,0,0,3,0,7817.59,8,3.24
408,2026-08-01,175,7,0,0,6,0,8615.24,8,3.85
1113,2025-12-01,188.9,12.9,0,0,7,1,8928.28,2,4.47
374,2026-06-01,187.1,11.1,0,0,5,0,9482.91,0,3.85
1254,2025-10-01,186.2,10.2,0,0,5,1,8497.21,6,3.51
1239,2026-05-01,180,12,0,0,5,0,8338.27,4,4.09
896,2026-02-01,164.8,4.8,0,0,6,0,8407.65,8,4.48
791,2026-06-01,166.4,6.4,0,0,3,2,6358.69,2,2.98
867,2026-05-01,164,12,0,120,4,2,12153.9,4,3.9
591,2025-09-01,181.5,5.5,0,0,3,0,8126.38,,3.33
1150,2026-06-01,174.5,6.5,19108.2,55,2,1,7398.86,8,2.73
282,2026-04-01,105.6,0,0,95,3,0,9414.33,4,4.64
1285,2025-09-01,169.3,1.3,0,0,5,1,9427.72,8,4.18
1102,2025-10-01,198.5,14.5,0,0,5,0,8112.65,4,4.06
128,2026-01-01,181.8,5.8,0,0,6,0,7815.53,0,4.44
1258,2026-07-01,178,2,0,0,3,1,9370.42,8,
720,2026-08-01,179.8,11.8,0,129,6,0,14073.28,0,4.69
436,2026-04-01,176.3,8.3,0,0,6,1,8292.55,6,4.11
1006,2025-11-01,169.1,17.1,28577.15,75,2,1,6920.98,0,3.12
882,2026-02-01,96,0,0,53,3,0,6201.67,6,4.25
56,2026-01-01,180.7,4.7,23007.81,63,3,0,8146.74,8,4.31
1214,2025-12-01,201.1,17.1,55674.7,152,2,0,9202.98,0,4.39
336,2026-04-01,181.8,13.8,0,108,4,1,13955.47,2,3.47
1343,2026-06-01,188.2,12.2,0,0,7,0,12274.11,0,3.9
1209,2025-12-01,191.6,15.6,0,0,2,1,7680.17,0,2.53
1042,2025-11-01,172.1,12.1,22153.63,77,2,0,12769.91,4,2.8
847,2025-12-01,207,23,0,202,6,0,12921.64,8,4.35
621,2026-01-01,170.4,10.4,0,75,2,2,12178.75,8,2.91
1463,2026-04-01,183.8,7.8,31790.4,93,3,0,8193.95,8,4.73
530,2026-05-01,161.8,1.8,18612.14,56,2,1,10593.48,8,3.38
564,2026-03-01,181.1,5.1,27693.19,66,2,0,7656.99,4,3.58
609,2025-11-01,171.7,11.7,34049.21,84,2,0,7579.72,6,3.8
1463,2025-09-01,180.3,4.3,24423.01,101,3,0,7961.46,8,4.41
67,2026-02-01,163.6,3.6,0,0,6,0,14016.3,4,3.73
526,2026-04-01,173,5,0,0,4,1,7148.83,2,4.29
319,2026-05-01,170.6,2.6,0,0,4,0,8898.48,8,3.42
1200,2026-07-01,185.1,1.1,0,0,4,0,10910.04,0,3.79
539,2026-01-01,176,0,19760.74,50,1,0,11000.33,6,3.71
314,2026-04-01,105.6,0,11296.31,34,1,0,5571.33,6,2.76
844,2026-04-01,184.5,8.5,0,0,4,0,9364.64,6,4.04
412,2025-11-01,176.7,16.7,35619.38,95,2,0,11996.66,0,3.3
1135,2025-12-01,110.4,0,0,0,3,0,6872.67,2,3.42
890,2026-07-01,162.1,10.1,0,0,3,4,10038.19,2,3.5
378,2025-11-01,158.6,14.6,0,0,4,2,8565.49,8,3.09
826,2026-07-01,172.7,4.7,0,83,5,2,13690.75,2,3.4
116,2026-04-01,105.6,0,0,0,2,0,4524.17,4,3.18
902,2025-12-01,207.3,23.3,0,158,4,0,16382.49,4,3.15
75,2026-03-01,150.1,6.1,15209.29,44,1,4,11270.63,8,2.39
1298,2026-05-01,180.4,12.4,0,0,4,0,16526.2,6,4.64
982,2025-11-01,175.5,15.5,33716.48,96,2,0,9627.86,4,3.37
96,2026-08-01,100.8,0,0,63,3,0,5805.17,2,3.81
347,2026-06-01,156.2,4.2,0,0,3,1,6766.81,8,2.73
443,2025-11-01,172.7,12.7,41060.1,124,3,0,12446.28,2,4.33
1180,2026-04-01,181.2,13.2,0,121,5,1,13185.81,4,4.21
66,2025-12-01,200.3,16.3,0,0,4,0,13712.09,8,2.21
354,2026-02-01,170.6,10.6,0,71,3,0,10855.08,8,3.37
995,2026-01-01,170.2,2.2,0,101,5,1,9241.32,0,3.86
1187,2026-03-01,180.2,4.2,23814.57,63,2,0,7297.6,10,3.53
1032,2026-07-01,182.5,6.5,25808.86,72,2,1,7753.23,,4.01
464,2026-03-01,188.2,12.2,0,0,6,0,6439.99,4,3.86
78,2025-11-01,174.5,14.5,0,0,5,0,16431.27,2,
683,2026-03-01,175.4,7.4,0,0,3,1,10028.03,6,3.95
91,2026-05-01,182.2,14.2,19456.87,58,2,0,9315.45,8,2.86
1022,2025-09-01,163.9,3.9,0,0,4,2,8975.36,0,
549,2026-06-01,186.5,10.5,0,102,4,0,8408.75,2,2.49
515,2026-05-01,100.8,0,16351.69,52,2,0,5368,,3.76
1390,2026-06-01,169.2,9.2,0,0,4,2,10076.05,0,3.62
749,2026-04-01,189.3,13.3,28819.11,90,2,0,8672.66,0,4.16
162,2026-02-01,162.6,2.6,0,0,4,0,11008.75,4,3.93
89,2026-03-01,190.8,14.8,0,107,4,0,20953.46,10,3.37
431,2026-03-01,177.6,9.6,0,0,5,1,8842.06,8,3.45
840,2026-08-01,165.1,5.1,26226.84,71,3,1,8322.45,0,4.14
1402,2025-12-01,194.8,18.8,29482.5,98,1,1,9125.58,2,2.89
39,2025-09-01,168.1,8.1,0,0,3,2,8159.48,0,2.95
790,2026-02-01,137.3,1.3,12637.49,44,2,3,7155.6,12,3.33
405,2025-11-01,175.6,15.6,0,0,4,0,12762.32,2,4.41
851,2025-12-01,201.4,17.4,0,259,6,0,15160,8,4.56
1240,2026-02-01,160,0,19889.83,73,2,0,8001.17,6,4.6
1483,2025-09-01,182.3,6.3,0,0,6,0,8587.48,2,3.58
689,2026-03-01,155.2,3.2,0,0,4,3,7282.4,8,3.63
166,2025-10-01,191.7,7.7,21307.57,78,2,0,6257.06,12,3.38
830,2026-07-01,177.2,1.2,25393.2,90,3,1,7796.63,2,4.26
1130,2026-07-01,192.4,8.4,0,0,5,0,11243.78,2,
226,2025-10-01,195.9,11.9,0,0,4,0,10327.76,16,3.27
1049,2026-06-01,176,0,0,0,4,0,8031.67,8,3.37
994,2026-05-01,178.5,10.5,0,0,5,0,10391.77,2,3.53
412,2025-09-01,166.9,6.9,19752.3,60,2,2,11107.72,4,2.87
886,2026-05-01,175.8,7.8,0,0,4,0,6876.48,6,3.32
662,2026-02-01,157.7,5.7,0,0,3,1,8470.52,10,3.78
1099,2026-01-01,180.6,4.6,0,0,4,0,8827.1,4,3.42
1082,2026-04-01,184.1,16.1,0,86,2,1,12787.81,4,2.48
62,2026-02-01,167.7,7.7,0,0,6,0,24800.5,10,4.38
368,2026-06-01,183.1,15.1,0,153,3,1,13150.48,0,3.65
467,2026-02-01,161.2,1.2,0,0,3,0,6933.76,8,3.35
86,2025-11-01,172.1,12.1,0,0,5,0,15330.63,0,3.71
340,2026-05-01,166.2,14.2,0,0,4,2,6792.52,0,3.91
777,2026-08-01,167,7,0,0,3,1,9434.72,6,3.93
520,2026-03-01,180,4,0,0,5,0,10466,6,4.19
444,2026-05-01,172.1,12.1,0,153,7,1,19160.49,0,4.4
447,2026-08-01,174,6,0,0,3,0,9539.54,2,3.28
1500,2026-07-01,190.3,14.3,0,0,5,1,13789.72,2,3.2
40,2025-10-01,187.7,11.7,0,75,2,1,9516.64,2,2.14
241,2026-06-01,172.4,12.4,0,0,7,2,11539.07,4,4.27
719,2025-09-01,179.1,3.1,23600.42,73,2,0,7088.36,4,3.4
964,2025-12-01,183.3,15.3,25464.12,78,2,2,11812.1,6,2.34
1252,2026-06-01,180,12,0,104,3,1,11581.55,2,3.27
249,2026-03-01,96,0,0,46,2,2,5754.33,12,3.37
925,2025-11-01,174.3,14.3,30293.68,108,2,0,8568.59,2,3.74
194,2026-08-01,182,14,0,86,4,0,13883.25,0,2.94
397,2026-05-01,177.6,9.6,19059.83,48,1,0,7608.8,0,2.33
541,2026-04-01,185.2,9.2,0,0,4,0,8352.8,4,3.02
220,2026-07-01,191.3,7.3,31050.93,106,3,0,8031.03,2,4.9
1016,2026-02-01,154.6,2.6,0,0,3,1,12838.34,12,3.58
1421,2026-08-01,164.7,4.7,0,94,5,1,16374.3,6,
583,2025-09-01,176.3,8.3,30306.87,85,2,1,8096.4,6,4.21
415,2026-08-01,91.2,0,12185.41,40,1,2,4483.5,4,3.76
742,2026-03-01,184.9,8.9,0,0,6,0,5825.24,8,3.76
54,2026-03-01,155.6,11.6,0,98,3,4,11187.24,6,3.17
830,2025-10-01,179,11,32763.33,98,3,2,8451.05,8,3.9
608,2026-03-01,177.5,9.5,30659.43,82,2,1,13015.94,6,3.99
1164,2026-08-01,174.3,6.3,0,0,4,0,6990.06,0,4.42
1039,2026-07-01,184.7,8.7,0,0,6,1,9663.98,6,3.99
817,2026-01-01,174.2,6.2,13265.45,49,1,1,9962.3,4,3.12
1015,2026-04-01,181.8,5.8,0,94,3,0,9801.44,6,3.15
481,2025-12-01,100.8,0,0,0,2,2,4595.33,4,3.02
1121,2026-04-01,175.5,7.5,0,0,3,1,8509.65,2,3.35
89,2025-10-01,202.1,18.1,0,98,4,0,21483.91,4,2.87
